year,region,state,eu,total_hp,n_vessels,tuna,sardine,shrimp,others,treated,subsidy_pesos,n_times_sub,subsidy_frequency,always,sometimes,never,mean_diesel_price_mxn_l,nino34_m,hours,fg_area_km,fg_hours,landed_weight
2011,GoC,Baja california,0203012125,475,1,0,0,1,0,0,0,0,never,0,0,1,12.993852556374192,27.41,19.233333333333334,14.647139591899453,19.233333333333334,NA
2011,GoC,Baja california,0203014741,373,1,0,0,1,0,1,448961.64805651864,9,always,1,0,0,12.993852556374192,27.41,32.58333333333333,23.58998405936837,31.583333333333332,NA
2011,GoC,Baja california,0207000092,868,2,0,0,1,0,1,1476919.567844462,4,sometimes,0,1,0,12.993852556374192,27.41,3763.450000000001,3080.5482612152364,3036.3166666666666,36736
2011,GoC,Baja california,0207001926,1872,3,0,0,1,0,1,1686891.2654416268,9,always,1,0,0,12.993852556374192,27.41,4252.5666666666675,4045.8402957555813,3686.6000000000004,49731.6
2011,GoC,Baja california,0313000036,365,1,0,0,1,0,0,0,0,never,0,0,1,12.993852556374192,27.41,68.01666666666667,98.41058262771358,65.01666666666667,NA
2011,GoC,Baja california,2507002232,425,1,0,0,1,0,1,15330.39773851527,5,sometimes,0,1,0,12.993852556374192,27.41,617.1333333333329,641.9159286440338,554.4333333333334,13806
2011,GoC,Baja california sur,0305000242,365,1,0,0,1,0,1,328508.5229681844,7,sometimes,0,1,0,12.993852556374192,27.41,505.0666666666668,892.1811826835459,466.03333333333336,11094
2011,GoM,Campeche,0401002423,402,1,0,0,1,0,1,2751204.1284380495,1,sometimes,0,1,0,12.993852556374192,27.41,814.2166666666664,766.8150135401745,561.4166666666666,45747
2011,GoM,Campeche,0401002472,5480,13,0,0,1,0,1,9292465.837780537,9,always,1,0,0,12.993852556374192,27.41,23148.283333333333,16703.74847167484,15672.3,397136
2011,GoM,Campeche,0401002480,1002,2,0,0,1,0,1,2691579.831519324,9,always,1,0,0,12.993852556374192,27.41,2756.3499999999995,2140.1482136635805,1964.0166666666664,114447
2011,GoM,Campeche,0401002613,1640,3,0,0,1,0,1,2953017.864381504,9,always,1,0,0,12.993852556374192,27.41,2977.75,1962.398425371045,1624.2166666666667,103277
2011,GoM,Campeche,0401002654,1689,4,0,0,1,0,1,1167628.7934699166,9,always,1,0,0,12.993852556374192,27.41,6680.0666666666675,3192.812670017541,3844.366666666667,90467
2011,GoM,Campeche,0401002662,2514,6,0,0,1,0,1,4120044.392225979,9,always,1,0,0,12.993852556374192,27.41,13496.566666666662,5269.0530866774625,7460.5666666666675,262951
2011,GoM,Campeche,0401002837,1409,3,0,0,1,0,1,1259227.9199575454,9,always,1,0,0,12.993852556374192,27.41,4515.716666666667,1796.415880268268,2496.133333333333,92973
2011,GoM,Campeche,0401002860,2250,5,0,0,1,0,1,3197975.71967478,9,always,1,0,0,12.993852556374192,27.41,7711.5999999999985,4024.5855819675758,3999.4666666666667,134932
2011,GoM,Campeche,0401002894,365,1,0,0,1,0,1,547514.204946974,9,always,1,0,0,12.993852556374192,27.41,891.4500000000005,924.6012766130509,543.05,8945
2011,GoM,Campeche,0401002902,402,1,0,0,1,0,1,1409794.3263179632,9,always,1,0,0,12.993852556374192,27.41,1577.8000000000002,1028.908188616828,889.75,61893
2011,GoM,Campeche,0401002910,1095,3,0,0,1,0,1,1965685.498600626,9,always,1,0,0,12.993852556374192,27.41,4467.583333333332,2532.8290672038693,2968.4166666666665,63185
2011,GoM,Campeche,0401002928,868,2,0,0,1,0,1,1108716.2650176222,7,sometimes,0,1,0,12.993852556374192,27.41,2728.6499999999996,2416.6384883444025,1916.35,48466
2011,GoM,Campeche,0401002944,365,1,0,0,1,0,1,1240229.1770458855,9,always,1,0,0,12.993852556374192,27.41,1859.4000000000008,641.1793596690279,1196.8166666666666,46197
2011,GoM,Campeche,0401002951,402,1,0,0,1,0,1,801013.2818374229,9,always,1,0,0,12.993852556374192,27.41,1761.4666666666672,827.4375389802459,1047.6166666666666,20637
2011,GoM,Campeche,0401002969,1043,2,0,0,1,0,1,1409794.3263179632,9,always,1,0,0,12.993852556374192,27.41,3341.0166666666664,1450.3018717371442,1948.5166666666669,40756
2011,GoM,Campeche,0401002977,402,1,0,0,1,0,1,711713.7150105714,8,sometimes,0,1,0,12.993852556374192,27.41,1977.8833333333337,1030.385251853962,1176.4166666666667,19111
2011,GoM,Campeche,0401002985,1205,3,0,0,1,0,0,0,8,sometimes,0,1,0,12.993852556374192,27.41,6306.55,3281.9901786264636,4073.233333333333,111910
2011,GoM,Campeche,0401002993,365,1,0,0,1,0,1,711713.7150105714,6,sometimes,0,1,0,12.993852556374192,27.41,702.0166666666665,765.0706751491571,457.01666666666665,17050
2011,GoM,Campeche,0401003132,740,2,0,0,1,0,1,1176060.5122261,8,sometimes,0,1,0,12.993852556374192,27.41,2075.9000000000005,1538.209748097077,1246.7333333333333,27190
2011,GoM,Campeche,0401003165,420,1,0,0,1,0,1,602265.6254416713,9,always,1,0,0,12.993852556374192,27.41,2002.4999999999998,827.3796989219367,1208.6666666666665,49653
2011,GoM,Campeche,0401003512,380,1,0,0,1,0,1,547514.204946974,9,always,1,0,0,12.993852556374192,27.41,1282.516666666666,911.7362346650572,782.4333333333334,16529
2011,GoM,Campeche,0401003637,500,1,0,0,1,0,1,756938.3883391914,9,always,1,0,0,12.993852556374192,27.41,1879.7000000000005,1080.71466981705,1426.3666666666666,51509
2011,GoM,Campeche,0401004429,365,1,0,0,1,0,1,547514.204946974,9,always,1,0,0,12.993852556374192,27.41,1594.1666666666667,1070.863482505753,1050.4166666666667,15499
2011,GoM,Campeche,0401004478,925,2,0,0,1,0,1,583102.6282685272,9,always,1,0,0,12.993852556374192,27.41,3741.2166666666662,1647.5085994358546,2361.9333333333334,41555
2011,GoM,Campeche,0401004486,1365,3,0,0,1,0,1,620114.5885229427,9,always,1,0,0,12.993852556374192,27.41,3772.5833333333335,2385.041555223703,2253.9,32493
2011,GoM,Campeche,0401004502,815,2,0,0,1,0,1,1331609.2978515353,9,always,1,0,0,12.993852556374192,27.41,4117.383333333333,2119.599738922264,2510.0333333333333,51742
2011,GoM,Campeche,0401005012,1684,4,0,0,1,0,1,3940842.9929468343,9,always,1,0,0,12.993852556374192,27.41,7553.366666666667,3367.6103794519113,4387.616666666667,187744
2011,GoM,Campeche,0401005384,432,1,0,0,1,0,1,756938.3883391914,9,always,1,0,0,12.993852556374192,27.41,1640.9666666666665,665.8280401407276,998.6333333333333,28199
2011,GoM,Campeche,0401006093,540,1,0,0,1,0,1,698080.6113073918,9,always,1,0,0,12.993852556374192,27.41,2434.133333333332,777.1076072899535,1351.9333333333334,44206
2011,GoM,Campeche,0402004618,885,2,0,0,1,0,1,1934148.68039568,3,sometimes,0,1,0,12.993852556374192,27.41,3229.433333333333,1657.4692272738534,2088.85,85858
2011,GoM,Campeche,0402005276,1425,3,0,0,1,0,1,1372891.868904537,9,always,1,0,0,12.993852556374192,27.41,3348.2166666666676,2038.4322585897226,2118.5333333333333,86629
2011,GoM,Campeche,0402006282,365,1,0,0,1,0,1,620114.5885229427,9,always,1,0,0,12.993852556374192,27.41,1447.0833333333328,778.6502143706314,828.4499999999999,23387
2011,GoM,Campeche,0402006522,400,1,0,0,1,0,0,0,7,sometimes,0,1,0,12.993852556374192,27.41,1492.6666666666672,697.0525543600899,1046.6666666666665,26781
2011,GoM,Campeche,2305000495,365,1,0,0,1,0,1,410635.6537102304,2,sometimes,0,1,0,12.993852556374192,27.41,873.3499999999999,975.4980155984792,655.2,27068
2011,GoM,Campeche,2306001112,400,1,0,0,1,0,1,680286.3996466151,7,sometimes,0,1,0,12.993852556374192,27.41,1122.1000000000004,514.1453168781132,576.6999999999999,9722
2011,GoM,Campeche,2808000489,1589,4,0,0,1,0,1,3219383.525088207,9,always,1,0,0,12.993852556374192,27.41,4091.9999999999995,4742.74602065484,2987.9833333333336,160110
2011,GoM,Campeche,2808004739,402,1,0,0,1,0,1,711713.7150105714,9,always,1,0,0,12.993852556374192,27.41,1579.1833333333338,1180.947412623869,984.8333333333334,23370
2011,Pacific,Chiapas,0705002988,220,1,0,0,1,0,1,596735.7319717068,4,sometimes,0,1,0,12.993852556374192,27.41,1425.9999999999998,1739.1561512475455,1148.3,13111
2011,Pacific,Chiapas,0705003143,305,1,0,0,1,0,1,487013.8853003333,1,sometimes,0,1,0,12.993852556374192,27.41,1889.866666666667,1924.0029696824895,1528.8,7818
2011,GoC,Nayarit,1802000420,365,1,0,0,1,0,1,492762.78445227654,3,sometimes,0,1,0,12.993852556374192,27.41,2126.816666666667,2069.188788130976,1804.6166666666666,42823
2011,GoC,Nayarit,1802001287,365,1,0,0,1,0,0,0,0,never,0,0,1,12.993852556374192,27.41,49.86666666666666,59.70252575961625,44.9,NA
2011,GoC,Nayarit,1802002764,365,1,0,0,1,0,0,0,0,never,0,0,1,12.993852556374192,27.41,855.7166666666664,1750.485790097191,793.5333333333333,NA
2011,GoC,Nayarit,1802003614,402,1,0,0,1,0,0,0,0,never,0,0,1,12.993852556374192,27.41,1304.0833333333328,1090.729990296326,1180.3999999999999,NA
2011,Pacific,Oaxaca,2005000217,835,2,0,0,1,0,1,1411354.7418020621,8,sometimes,0,1,0,12.993852556374192,27.41,3487.2166666666662,3099.1336037496794,2601.0833333333335,47816
2011,Pacific,Oaxaca,2005000282,380,1,0,0,1,0,1,1734234.8187433914,8,sometimes,0,1,0,12.993852556374192,27.41,1030.8,2170.2177185662604,871.6666666666667,28570
2011,Pacific,Oaxaca,2005000399,365,1,0,0,1,0,1,615953.4805653457,8,sometimes,0,1,0,12.993852556374192,27.41,758.3666666666666,1062.5084106988936,470.98333333333335,39942
2011,Pacific,Oaxaca,2005000779,365,1,0,0,1,0,1,540998.785908105,5,sometimes,0,1,0,12.993852556374192,27.41,1634.616666666667,2071.3566527233234,1303.5666666666666,26028
2011,Pacific,Oaxaca,2005002585,2205,6,0,0,1,0,1,3425878.507483958,8,sometimes,0,1,0,12.993852556374192,27.41,8978.349999999999,8420.087946920066,6066.4,208443
2011,Pacific,Oaxaca,2005002809,2745,7,0,0,1,0,1,3473293.237632366,8,sometimes,0,1,0,12.993852556374192,27.41,11445.75,11275.029207275978,7876.133333333333,211059
2011,Pacific,Oaxaca,2005003005,343,1,0,0,1,0,1,369572.0883392074,8,sometimes,0,1,0,12.993852556374192,27.41,303.18333333333317,834.4530169964715,262.56666666666666,20710
2011,Pacific,Oaxaca,2005003559,370,1,0,0,1,0,1,191629.9717314409,1,sometimes,0,1,0,12.993852556374192,27.41,941.3000000000002,1360.0789586320404,781.1833333333333,8160
2011,Pacific,Oaxaca,2005003815,365,1,0,0,1,0,1,620114.5885229427,7,sometimes,0,1,0,12.993852556374192,27.41,536.3999999999999,1131.354430309604,455,9994
2011,Pacific,Oaxaca,2005004417,380,1,0,0,1,0,1,492762.78445227654,7,sometimes,0,1,0,12.993852556374192,27.41,316.73333333333323,924.6772051011646,285.8,26556
2011,Pacific,Oaxaca,2005004789,420,1,0,0,1,0,0,0,6,sometimes,0,1,0,12.993852556374192,27.41,808.0500000000004,1594.8939864444555,603.55,NA
2011,GoM,Quintana roo,2306000841,1440,3,0,0,1,0,1,1352360.0862190255,9,always,1,0,0,12.993852556374192,27.41,4544.516666666667,2983.7674895205273,3251.7166666666667,155884
2011,GoM,Quintana roo,2306001401,450,1,0,0,1,0,1,1190843.3957596682,8,sometimes,0,1,0,12.993852556374192,27.41,2315.8166666666675,699.8742706128306,1725.1000000000001,235144
2011,GoC,Sinaloa,0305001588,450,1,0,0,1,0,1,801013.2818374229,5,sometimes,0,1,0,12.993852556374192,27.41,619.7333333333335,1047.6660565397963,523.5166666666667,23538
2011,GoC,Sinaloa,1802002525,730,2,0,0,1,0,0,0,5,sometimes,0,1,0,12.993852556374192,27.41,3538.3833333333323,4896.51669875411,2991.4833333333336,NA
2011,GoC,Sinaloa,2505001798,2145,5,0,0,1,0,1,2146474.6890741168,9,always,1,0,0,12.993852556374192,27.41,5133.383333333333,7441.267787421994,4724.15,145413
2011,GoC,Sinaloa,2505002721,1055,2,0,0,1,0,1,410635.6537102304,8,sometimes,0,1,0,12.993852556374192,27.41,1720.333333333333,3825.502840513778,1552.8833333333334,34715
2011,GoC,Sinaloa,2505004164,1534,3,0,0,1,0,0,0,5,sometimes,0,1,0,12.993852556374192,27.41,2335.4333333333334,3909.208822064298,1998.1666666666665,NA
2011,GoC,Sinaloa,2505004263,805,2,0,0,1,0,0,0,5,sometimes,0,1,0,12.993852556374192,27.41,780.4,2190.695902487372,676,NA
2011,GoC,Sinaloa,2507002406,425,1,0,0,1,0,1,682334.1027731168,9,always,1,0,0,12.993852556374192,27.41,1626.5,1169.2870840548485,1436.0666666666666,35240
2011,GoC,Sinaloa,2507002513,365,1,0,0,1,0,1,260069.24734981262,8,sometimes,0,1,0,12.993852556374192,27.41,910.1999999999998,1317.2042013316693,823.2666666666667,12266
2011,GoC,Sinaloa,2507002703,365,1,0,0,1,0,1,838928.6405300008,9,always,1,0,0,12.993852556374192,27.41,1268.599999999999,1475.1223442175376,1194.05,81107
2011,GoC,Sinaloa,2507003958,1855,4,0,0,1,0,1,3191991.3894147095,9,always,1,0,0,12.993852556374192,27.41,4651.7,5655.286316810688,3976.4833333333336,95326
2011,GoC,Sinaloa,2507004600,365,1,0,0,1,0,1,262478.3098515793,9,always,1,0,0,12.993852556374192,27.41,1014.3666666666668,1529.1538252797498,807.5333333333333,18977
2011,GoC,Sinaloa,2507005581,402,1,0,0,1,0,0,0,8,sometimes,0,1,0,12.993852556374192,27.41,1446.0166666666662,1776.9118209304581,1339.5833333333333,33550
2011,GoC,Sinaloa,2508000763,365,1,0,0,1,0,1,580912.5714487394,1,sometimes,0,1,0,12.993852556374192,27.41,403.01666666666677,806.7929467242851,344,31114
2011,GoC,Sinaloa,2508000789,605,2,0,0,1,0,1,2173877.775031713,8,sometimes,0,1,0,12.993852556374192,27.41,1206.6833333333332,2174.99239184315,985.2833333333333,71433
2011,GoC,Sinaloa,2508001050,730,2,0,0,1,0,0,0,8,sometimes,0,1,0,12.993852556374192,27.41,4772.800000000001,4097.922702846897,4088.8333333333335,43328
2011,GoC,Sinaloa,2508005069,730,2,0,0,1,0,1,975048.8845928927,8,sometimes,0,1,0,12.993852556374192,27.41,5009.549999999999,4482.789152327774,3977.3999999999996,63853
2011,GoC,Sinaloa,2508005234,2202,5,0,0,1,0,1,3063478.855229556,9,always,1,0,0,12.993852556374192,27.41,7163.083333333333,7861.352216176851,5832.516666666666,103060
2011,GoC,Sinaloa,2508005366,14928,30,0,0,1,0,1,15130988.684959944,9,always,1,0,0,12.993852556374192,27.41,59527,57140.21198737879,48122.666666666664,735567
2011,GoC,Sinaloa,2508005374,1582,4,0,0,1,0,1,1893071.4271695334,9,always,1,0,0,12.993852556374192,27.41,8320.983333333339,5635.716374618992,7407.283333333333,97939
2011,GoC,Sinaloa,2508005382,19054,36,0,0,1,0,1,16883600.51685957,9,always,1,0,0,12.993852556374192,27.41,64197.85,60646.1973878448,50069.3,1099556
2011,GoC,Sinaloa,2508005408,1615,4,0,0,1,0,1,1261021.0289787466,9,always,1,0,0,12.993852556374192,27.41,3949.1500000000005,3438.2127400183117,2829.383333333333,40763
2011,GoC,Sinaloa,2508005424,1345,3,0,0,1,0,1,1524005.789469902,8,sometimes,0,1,0,12.993852556374192,27.41,4673.916666666668,3941.1968188523124,3534.6,45849
2011,GoC,Sinaloa,2508005507,1270,3,0,0,1,0,1,1793382.7783038132,8,sometimes,0,1,0,12.993852556374192,27.41,4662.016666666666,4946.895203839851,3481.783333333333,77312
2011,GoC,Sinaloa,2508005523,2695,6,0,0,1,0,1,3088634.3953758446,9,always,1,0,0,12.993852556374192,27.41,9189.75,5888.166699607987,7526.1,175007
2011,GoC,Sinaloa,2508005606,750,2,0,0,1,0,1,925299.0063603859,9,always,1,0,0,12.993852556374192,27.41,2616.6,2781.5722266259445,1752.5333333333333,41696
2011,GoC,Sinaloa,2508005648,9998,22,0,0,1,0,1,12070104.198414817,9,always,1,0,0,12.993852556374192,27.41,32037.149999999998,34364.425282642005,25005.5,661001
2011,GoC,Sinaloa,2508005705,2315,6,0,0,1,0,1,2170891.1671708575,8,sometimes,0,1,0,12.993852556374192,27.41,12451.150000000001,10651.403765892841,9332.716666666665,131773
2011,GoC,Sinaloa,2508005846,1382,4,0,0,1,0,1,977066.4744381224,9,always,1,0,0,12.993852556374192,27.41,3637.2333333333336,3190.7363965587842,2686.35,31100
2011,GoC,Sinaloa,2508005853,365,1,0,0,1,0,1,553920.1211448535,8,sometimes,0,1,0,12.993852556374192,27.41,871.5666666666663,1323.6886852753335,707.1166666666667,14872
2011,GoC,Sinaloa,2508005879,9063,21,0,0,1,0,1,11249254.230550773,9,always,1,0,0,12.993852556374192,27.41,25858.916666666668,27407.67393758245,18490.85,557122
2011,GoC,Sinaloa,2508005937,1202,3,0,0,1,0,1,797728.1966077411,8,sometimes,0,1,0,12.993852556374192,27.41,6063.066666666668,5314.4531147846055,3996.5166666666664,43969
2011,GoC,Sinaloa,2508005994,402,1,0,0,1,0,1,444034.02021199587,7,sometimes,0,1,0,12.993852556374192,27.41,1271.8666666666663,1355.3402513652206,1035.9,12638
2011,GoC,Sinaloa,2508006125,2065,5,0,0,1,0,1,5159746.491710035,9,always,1,0,0,12.993852556374192,27.41,9450.016666666672,10493.593904275529,7827.566666666667,236786
2011,GoC,Sinaloa,2508006166,480,2,0,0,1,0,1,590083.4343816012,8,sometimes,0,1,0,12.993852556374192,27.41,2533.95,3800.664304420957,2252.0333333333333,18592
2011,GoC,Sinaloa,2508006208,402,1,0,0,1,0,1,1680772.7942013443,9,always,1,0,0,12.993852556374192,27.41,875.3,1378.8114897476078,635.5666666666666,28268
2011,GoC,Sinaloa,2508006224,365,1,0,0,1,0,1,237993.47460635062,9,always,1,0,0,12.993852556374192,27.41,1231.0166666666669,1687.1713260343865,859.35,13143
2011,GoC,Sinaloa,2508006240,934,2,0,0,1,0,1,792937.447314455,9,always,1,0,0,12.993852556374192,27.41,2878.0166666666673,1383.5780785700967,2157.1666666666665,47375
2011,GoC,Sinaloa,2508006398,730,2,0,0,1,0,1,578760.8406232977,8,sometimes,0,1,0,12.993852556374192,27.41,3088.1499999999996,3989.4533061664292,2450.1499999999996,21959
2011,GoC,Sinaloa,2508006752,402,1,0,0,1,0,0,0,3,sometimes,0,1,0,12.993852556374192,27.41,2430.7833333333315,2836.368339677376,2077.483333333333,NA
2011,GoC,Sinaloa,2508006778,16486,37,0,0,1,0,1,11942246.463843072,9,always,1,0,0,12.993852556374192,27.41,51427.26666666666,56156.97403337729,36989.71666666667,669532
2011,GoC,Sinaloa,2508006786,220,1,0,0,1,0,1,1040808.0781780491,2,sometimes,0,1,0,12.993852556374192,27.41,516.3000000000002,1112.5235386372422,492.3166666666666,37531
2011,GoC,Sinaloa,2508006836,2945,7,0,0,1,0,1,2918661.348021081,9,always,1,0,0,12.993852556374192,27.41,10275.583333333334,7570.681854545182,8132.85,173480
2011,GoC,Sinaloa,2508007073,1880,4,0,0,1,0,1,1483626.6168550625,9,always,1,0,0,12.993852556374192,27.41,6515.1833333333325,7218.914323643463,5409.416666666666,85235
2011,GoC,Sinaloa,2508007123,623,1,0,0,1,0,1,923108.9495405981,7,sometimes,0,1,0,12.993852556374192,27.41,394.16666666666686,788.4406226818421,304.3666666666667,6491
2011,GoC,Sinaloa,2508007388,790,2,0,0,1,0,1,1081340.5547702736,4,sometimes,0,1,0,12.993852556374192,27.41,1739.833333333334,1145.9662501103799,1255.3166666666666,63076
2011,GoC,Sinaloa,2508007685,365,1,0,0,1,0,1,538206.4634628753,9,always,1,0,0,12.993852556374192,27.41,1914.1,1307.217699229439,1316.9666666666667,20358
2011,GoC,Sinaloa,2508007693,355,1,0,0,1,0,1,522328.55151941313,8,sometimes,0,1,0,12.993852556374192,27.41,1027.933333333333,648.9688985825335,624.8833333333333,8661
2011,GoC,Sinaloa,2508007867,400,1,0,0,1,0,1,323905.2972900927,9,always,1,0,0,12.993852556374192,27.41,1271.0666666666668,1520.9387633308083,829.75,15393
2011,GoC,Sinaloa,2508007909,2150,6,0,0,1,0,1,3116675.335382204,8,sometimes,0,1,0,12.993852556374192,27.41,7928.916666666665,6650.34843033098,4794.916666666667,98385
2011,GoC,Sinaloa,2508007933,1070,2,0,0,1,0,1,1085994.4255123227,9,always,1,0,0,12.993852556374192,27.41,4391.266666666663,5535.198720689665,3986.483333333333,49152
2011,GoC,Sinaloa,2508007941,470,1,0,0,1,0,1,657017.0459363688,9,always,1,0,0,12.993852556374192,27.41,2437.8166666666675,2727.470413404305,2121.366666666667,24605
2011,GoC,Sinaloa,2508008428,365,1,0,0,1,0,1,322759.62381624116,9,always,1,0,0,12.993852556374192,27.41,1182.9333333333334,1205.7588971968096,872.65,14832
2011,GoC,Sinaloa,2508008444,385,1,0,0,1,0,1,926090.1643865344,9,always,1,0,0,12.993852556374192,27.41,935.5000000000007,1214.2785609127814,715.4833333333333,45306
2011,GoC,Sinaloa,2508008469,365,1,0,0,1,0,1,351928.4430847912,9,always,1,0,0,12.993852556374192,27.41,1320.9999999999998,1535.6904902251713,1138.2,13371
2011,GoC,Sinaloa,2508008477,385,1,0,0,1,0,1,1341190.7964381073,9,always,1,0,0,12.993852556374192,27.41,876.0333333333338,1468.7327001632748,791.25,31310
2011,GoC,Sinaloa,2508008485,815,2,0,0,1,0,1,1155222.1215858182,9,always,1,0,0,12.993852556374192,27.41,2899.966666666666,2832.5603937558944,2104.7833333333333,32220
2011,GoC,Sinaloa,2508008493,785,2,0,0,1,0,1,481264.9861483901,9,always,1,0,0,12.993852556374192,27.41,932.6000000000001,804.5980044483975,567.5,20146
2011,GoC,Sinaloa,2508008733,402,1,0,0,1,0,1,663261.445443789,9,always,1,0,0,12.993852556374192,27.41,1023.9499999999999,1468.4160195055754,676.7666666666667,39856
2011,GoC,Sinaloa,2508009053,10411,23,0,0,1,0,1,8491534.683073856,9,always,1,0,0,12.993852556374192,27.41,28872.25,29866.971478781474,22941.016666666666,489260
2011,GoC,Sinaloa,2508009079,450,1,0,0,1,0,1,749848.0793851281,9,always,1,0,0,12.993852556374192,27.41,1919.9833333333338,2164.5071433259673,1622.7833333333333,21925
2011,GoC,Sinaloa,2508009095,365,1,0,0,1,0,1,347260.8844876182,8,sometimes,0,1,0,12.993852556374192,27.41,1712.9499999999994,2062.8491736895553,1369.2666666666667,16485
2011,GoC,Sinaloa,2508009111,365,1,0,0,1,0,0,0,7,sometimes,0,1,0,12.993852556374192,27.41,1171.5166666666664,1537.4357983132033,751.6666666666666,11762
2011,GoC,Sinaloa,2508009202,365,1,0,0,1,0,1,1223204.222843059,8,sometimes,0,1,0,12.993852556374192,27.41,1048.0833333333335,1200.7783125782405,748.1833333333333,59698
2011,GoC,Sinaloa,2508009210,402,1,0,0,1,0,1,1197413.566219032,9,always,1,0,0,12.993852556374192,27.41,1439.7666666666664,2112.2902964223376,1202.1,61567
2011,GoC,Sinaloa,2508009368,500,1,0,0,1,0,1,544639.7553710024,8,sometimes,0,1,0,12.993852556374192,27.41,1720.5666666666668,1262.2634644798786,1515.3666666666666,23800
2011,GoC,Sinaloa,2508009822,730,2,0,0,1,0,0,0,8,sometimes,0,1,0,12.993852556374192,27.41,3374.166666666667,3721.090078197695,2562.2333333333336,47154
2011,GoC,Sinaloa,2508009897,1630,4,0,0,1,0,1,1079561.133604196,8,sometimes,0,1,0,12.993852556374192,27.41,3846.4333333333334,5335.333055488831,3196.2833333333333,57858
2011,GoC,Sinaloa,2508009921,2505,5,0,0,1,0,1,3501079.583533425,9,always,1,0,0,12.993852556374192,27.41,10605.566666666666,11887.60847736318,8470.366666666667,143553
2011,GoC,Sinaloa,2508009947,365,1,0,0,1,0,1,336447.4789399155,9,always,1,0,0,12.993852556374192,27.41,1860.7500000000005,1472.1053540423916,1642.05,19167
2011,GoC,Sinaloa,2508010168,415,1,0,0,1,0,1,602265.6254416713,9,always,1,0,0,12.993852556374192,27.41,1678.4833333333336,1645.3130448914287,1546.4,23546
2011,GoC,Sinaloa,2508010341,335,1,0,0,1,0,1,273757.102473487,6,sometimes,0,1,0,12.993852556374192,27.41,1580.8166666666662,767.3891566633365,1364.5333333333333,15552
2011,GoC,Sinaloa,2508010481,1040,2,0,0,1,0,0,0,8,sometimes,0,1,0,12.993852556374192,27.41,983.8999999999999,1316.4435552733025,858.5999999999999,41904
2011,GoC,Sinaloa,2508010507,520,1,0,0,1,0,1,578996.271731425,9,always,1,0,0,12.993852556374192,27.41,529.1833333333332,1118.3963253232337,491.73333333333335,20284
2011,GoC,Sinaloa,2508010515,440,1,0,0,1,0,1,506450.6395759509,7,sometimes,0,1,0,12.993852556374192,27.41,768.1166666666668,1394.508909631996,531.0333333333333,17898
2011,GoC,Sinaloa,2508010556,822,2,0,0,1,0,1,1339441.4885533017,9,always,1,0,0,12.993852556374192,27.41,3499.666666666668,3177.383708974443,2767.5166666666664,111407
2011,GoC,Sinaloa,2508010614,365,1,0,0,1,0,1,537932.7063604019,9,always,1,0,0,12.993852556374192,27.41,2156.7166666666676,1740.7965356671093,1562.5833333333333,23201
2011,GoC,Sinaloa,2508010762,2027,5,0,0,1,0,1,2509941.9940281655,9,always,1,0,0,12.993852556374192,27.41,4987.216666666667,5705.8507195285965,3751.2833333333333,108291
2011,GoC,Sinaloa,2508010788,1751,5,0,0,1,0,1,818177.8521625105,9,always,1,0,0,12.993852556374192,27.41,6374.200000000002,5845.047417031155,4462.566666666667,30789
2011,GoC,Sinaloa,2508010838,1429,4,0,0,1,0,1,1118418.2167292826,9,always,1,0,0,12.993852556374192,27.41,5350.416666666667,5124.177178175418,3846.166666666667,50579
2011,GoC,Sinaloa,2508010986,785,2,0,0,1,0,1,1922869.8877737725,9,always,1,0,0,12.993852556374192,27.41,4343.300000000001,3696.732856078592,2911.1666666666665,44106
2011,GoC,Sinaloa,2508011182,7717,17,0,0,1,0,1,6114373.096458405,9,always,1,0,0,12.993852556374192,27.41,25426.966666666664,22777.340952292674,19320.533333333333,398859
2011,GoC,Sinaloa,2508011240,1601,3,0,0,1,0,1,1583958.5949115956,9,always,1,0,0,12.993852556374192,27.41,4845.15,4165.091472497427,4208.316666666667,89938
2011,GoC,Sinaloa,2508011265,365,1,0,0,1,0,0,0,7,sometimes,0,1,0,12.993852556374192,27.41,763.4000000000001,1018.66422251632,560.9166666666666,17525
2011,GoC,Sinaloa,2508011489,413,1,0,0,1,0,1,509325.0891519225,8,sometimes,0,1,0,12.993852556374192,27.41,1893.5833333333323,1284.7511269268275,1802.4666666666665,38458
2011,GoC,Sinaloa,2508011547,857,2,0,0,1,0,1,1404839.3227631932,9,always,1,0,0,12.993852556374192,27.41,3127.316666666666,3479.7436530718687,2281.4,51951
2011,GoC,Sinaloa,2508011992,365,1,0,0,1,0,1,430483.04363955825,6,sometimes,0,1,0,12.993852556374192,27.41,1226.4166666666665,1591.0203259937243,858.8666666666667,7429
2011,GoC,Sinaloa,2508013790,1169,3,0,0,1,0,1,1025220.3487632087,8,sometimes,0,1,0,12.993852556374192,27.41,4001.866666666666,2624.6316004566984,2863.15,75063
2011,GoC,Sinaloa,2508014624,365,1,0,0,1,0,0,0,7,sometimes,0,1,0,12.993852556374192,27.41,992.4166666666665,1106.9253457308712,640.7333333333333,18368
2011,GoC,Sinaloa,2508014632,365,1,0,0,1,0,1,698058.7107391938,9,always,1,0,0,12.993852556374192,27.41,1152.1333333333332,1237.869026309454,1013.05,33371
2011,GoC,Sinaloa,2508015001,1091,3,0,0,1,0,1,1194237.9838303395,8,sometimes,0,1,0,12.993852556374192,27.41,2517.75,4090.9245027217603,1833.35,75949
2011,GoC,Sinaloa,2508016041,503,1,0,0,1,0,0,0,6,sometimes,0,1,0,12.993852556374192,27.41,1823.2166666666667,1483.5160440037082,1556.6166666666668,NA
2011,GoC,Sinaloa,2508016348,900,2,0,0,1,0,0,0,0,never,0,0,1,12.993852556374192,27.41,772.1999999999998,1685.4401247414157,554.3499999999999,NA
2011,GoC,Sinaloa,2508016678,775,2,0,0,1,0,0,0,5,sometimes,0,1,0,12.993852556374192,27.41,1098.3499999999997,2406.749418784727,693.3,NA
2011,GoC,Sinaloa,2508016751,1045,2,0,0,1,0,0,0,5,sometimes,0,1,0,12.993852556374192,27.41,1607.1000000000004,1761.1591443992925,1347.5,NA
2011,GoC,Sinaloa,2508016843,7946,19,0,0,1,0,0,0,5,sometimes,0,1,0,12.993852556374192,27.41,24567.100000000002,28478.309051029308,18134.366666666665,NA
2011,GoC,Sinaloa,2508017585,767,2,0,0,1,0,0,0,4,sometimes,0,1,0,12.993852556374192,27.41,1593.3000000000002,1784.8538395244282,1217.4666666666667,NA
2011,GoC,Sinaloa,2508018161,967,2,0,0,1,0,0,0,2,sometimes,0,1,0,12.993852556374192,27.41,1829.4833333333322,2421.261139943004,1320.3666666666668,NA
2011,GoC,Sinaloa,2508072853,960,2,0,0,1,0,0,0,0,never,0,0,1,12.993852556374192,27.41,2603.5333333333338,3306.704423371358,1963.2833333333333,NA
2011,GoC,Sinaloa,2508072879,2184,4,0,0,1,0,0,0,0,never,0,0,1,12.993852556374192,27.41,6036.4,4509.7158144396235,4245.05,NA
2011,GoC,Sinaloa,2511000065,1460,4,0,0,1,0,0,0,8,sometimes,0,1,0,12.993852556374192,27.41,5551.666666666666,5675.004355330531,5106.816666666667,106979
2011,GoC,Sinaloa,2511000099,1192,3,0,0,1,0,1,788154.9107342432,9,always,1,0,0,12.993852556374192,27.41,4082.766666666666,3611.4628849884575,3866.0166666666664,60949
2011,GoC,Sinaloa,2511000917,365,1,0,0,1,0,1,589108.8590967956,8,sometimes,0,1,0,12.993852556374192,27.41,1207.8333333333337,1005.2208554009281,1141.2333333333333,17960
2011,GoC,Sinaloa,2511001345,1993,5,0,0,1,0,0,0,8,sometimes,0,1,0,12.993852556374192,27.41,7432.5666666666675,6543.763530165381,7127.833333333334,143794
2011,GoC,Sinaloa,2511001436,510,1,0,0,1,0,1,711713.7150105714,9,always,1,0,0,12.993852556374192,27.41,1055.4999999999993,2019.7934330302655,890.1333333333333,14630
2011,GoC,Sinaloa,2511001691,425,1,0,0,1,0,1,525613.6367490949,9,always,1,0,0,12.993852556374192,27.41,1390.4166666666667,1172.7887277011644,1130.5833333333333,16436
2011,GoC,Sinaloa,2511001790,513,1,0,0,1,0,1,958149.8586572044,9,always,1,0,0,12.993852556374192,27.41,1297.8666666666668,1862.999119682754,967.5666666666666,56623
2011,GoC,Sinaloa,2511001972,450,1,0,0,1,0,1,254594.10530034287,8,sometimes,0,1,0,12.993852556374192,27.41,814.0833333333329,1388.4930608487712,626.9333333333334,8750
2011,GoC,Sinaloa,2511002020,425,1,0,0,1,0,1,260069.24734981262,7,sometimes,0,1,0,12.993852556374192,27.41,93.69999999999999,368.8730448791952,74.83333333333333,2055
2011,GoC,Sinaloa,2511002079,365,1,0,0,1,0,1,865209.3223674556,8,sometimes,0,1,0,12.993852556374192,27.41,1181.9000000000003,863.1579936048495,1118.8333333333335,25228
2011,GoC,Sinaloa,2511002111,342,1,0,0,1,0,1,492762.78445227654,9,always,1,0,0,12.993852556374192,27.41,2038.949999999999,1756.6862495056055,1863.3333333333333,28847
2011,GoC,Sinaloa,2511002145,365,1,0,0,1,0,1,363823.1891872642,9,always,1,0,0,12.993852556374192,27.41,1164.75,902.2086201489445,1087.4666666666667,30570
2011,GoC,Sinaloa,2511002236,1995,5,0,0,1,0,0,0,4,sometimes,0,1,0,12.993852556374192,27.41,5243.2666666666655,7470.063513501082,4984.066666666667,NA
2011,GoC,Sinaloa,2511002244,338,1,0,0,1,0,0,0,2,sometimes,0,1,0,12.993852556374192,27.41,806.45,1026.1986517270172,762,NA
2011,GoC,Sinaloa,2511002277,455,1,0,0,1,0,0,0,0,never,0,0,1,12.993852556374192,27.41,463.0166666666668,394.8393985245854,440.06666666666666,NA
2011,GoC,Sinaloa,2511002293,365,1,0,0,1,0,0,0,3,sometimes,0,1,0,12.993852556374192,27.41,1166.2999999999995,1022.4255237955597,715.6166666666667,NA
2011,GoC,Sinaloa,2511003028,365,1,0,0,1,0,1,620114.5885229427,4,sometimes,0,1,0,12.993852556374192,27.41,739.5166666666667,1249.286868426558,696.6666666666666,12352
2011,GoC,Sonora,2603007499,1490,3,0,0,1,0,0,0,6,sometimes,0,1,0,12.993852556374192,27.41,5658.550000000001,3627.0970852261357,3646.5,NA
2011,GoC,Sonora,2604000923,1206,3,0,0,1,0,0,0,6,sometimes,0,1,0,12.993852556374192,27.41,1050.6,1682.0258627925355,981.8833333333333,98221
2011,GoC,Sonora,2604001616,365,1,0,0,1,0,1,353146.6621907982,8,sometimes,0,1,0,12.993852556374192,27.41,1469.9666666666662,1743.2719561600577,1375.9,13800
2011,GoC,Sonora,2604001848,350,1,0,0,1,0,0,0,6,sometimes,0,1,0,12.993852556374192,27.41,288.3166666666666,1156.2622829955415,284.31666666666666,NA
2011,GoC,Sonora,2604004883,1655,4,0,0,1,0,1,465387.07420492783,6,sometimes,0,1,0,12.993852556374192,27.41,3675.733333333333,4865.984623074022,3477.0166666666664,224200
2011,GoC,Sonora,2604006003,402,1,0,0,1,0,1,479074.9293286022,9,always,1,0,0,12.993852556374192,27.41,1284.266666666667,1592.9334092099486,1075.2,22959
2011,GoC,Sonora,2604006086,385,1,0,0,1,0,1,260069.24734981262,7,sometimes,0,1,0,12.993852556374192,27.41,659.0166666666665,866.431228992261,574,12200
2011,GoC,Sonora,2604006110,12603,25,0,0,1,0,1,15551949.361547064,9,always,1,0,0,12.993852556374192,27.41,29726.8,30874.160870496627,25286.583333333332,539168
2011,GoC,Sonora,2604006342,1255,3,0,0,1,0,1,2686980.7121977694,8,sometimes,0,1,0,12.993852556374192,27.41,2469.6666666666665,2247.832190894657,2254.95,68325
2011,GoC,Sonora,2604006433,525,1,0,0,1,0,1,438011.36395757913,8,sometimes,0,1,0,12.993852556374192,27.41,1304.7499999999998,768.9451256975866,952.8,13150
2011,GoC,Sonora,2604006458,867,2,0,0,1,0,1,1330459.5180211468,8,sometimes,0,1,0,12.993852556374192,27.41,1828.4166666666667,1710.6656229406096,1798.3833333333332,35400
2011,GoC,Sonora,2604006839,365,1,0,0,1,0,1,574889.9151943226,7,sometimes,0,1,0,12.993852556374192,27.41,411.73333333333323,745.960892908594,402.75,11872
2011,GoC,Sonora,2604007514,750,2,0,0,1,0,1,2034116.5615059233,8,sometimes,0,1,0,12.993852556374192,27.41,1441.583333333333,3384.772644370112,1330.9333333333334,45546
2011,GoC,Sonora,2604007720,1640,4,0,0,1,0,1,1614676.8793801456,9,always,1,0,0,12.993852556374192,27.41,4174.9,3979.4370322600007,3644.3166666666666,111851
2011,GoC,Sonora,2604007803,365,1,0,0,1,0,1,383259.9434628818,9,always,1,0,0,12.993852556374192,27.41,575.3000000000001,646.7870605022865,549.3,12800
2011,GoC,Sonora,2604007811,1619,3,0,0,1,0,1,2012114.7031801292,9,always,1,0,0,12.993852556374192,27.41,2349.2666666666664,2289.5422612586276,2189.9666666666667,54001
2011,GoC,Sonora,2604007845,425,1,0,0,1,0,1,1319629.6870472955,9,always,1,0,0,12.993852556374192,27.41,1639.7166666666676,981.8418164038327,1510.4833333333333,49088
2011,GoC,Sonora,2604007860,503,1,0,0,1,0,1,657017.0459363688,7,sometimes,0,1,0,12.993852556374192,27.41,1347.033333333333,1217.6949487929992,938.1666666666666,5568
2011,GoC,Sonora,2604008074,520,1,0,0,1,0,1,912158.6654416586,2,sometimes,0,1,0,12.993852556374192,27.41,108.01666666666667,411.23877460022277,107.01666666666667,1500
2011,GoC,Sonora,2604008082,420,1,0,0,1,0,1,711713.7150105714,9,always,1,0,0,12.993852556374192,27.41,662.8333333333331,825.4637371633726,566.2333333333333,8450
2011,GoC,Sonora,2604008116,365,1,0,0,1,0,1,1101034.640722216,7,sometimes,0,1,0,12.993852556374192,27.41,194.6833333333333,459.85182529586734,184.11666666666665,8250
2011,GoC,Sonora,2604008165,940,2,0,0,1,0,1,1882572.8422896753,8,sometimes,0,1,0,12.993852556374192,27.41,2356.5999999999995,2596.521281249599,2101.4833333333336,61246
2011,GoC,Sonora,2604008322,875,2,0,0,1,0,1,1231906.9611306915,8,sometimes,0,1,0,12.993852556374192,27.41,1134.6000000000001,1641.0448954623675,1013.4,56643
2011,GoC,Sonora,2604008447,1275,3,0,0,1,0,1,1940061.8338091075,9,always,1,0,0,12.993852556374192,27.41,5023.716666666667,3610.7612108723,4533.3,76127
2011,GoC,Sonora,2604008637,240,1,0,0,1,0,1,377511.0443109385,6,sometimes,0,1,0,12.993852556374192,27.41,395.4833333333331,671.780724472585,303.06666666666666,3323
2011,GoC,Sonora,2604008686,240,1,0,0,1,0,1,98552.55689045531,3,sometimes,0,1,0,12.993852556374192,27.41,248.31666666666663,730.5587455284729,214.46666666666667,300
2011,GoC,Sonora,2604009023,225,1,0,0,1,0,1,391404.217261468,8,sometimes,0,1,0,12.993852556374192,27.41,1173.3999999999999,1237.0286094288717,1124.6333333333332,12350
2011,GoC,Sonora,2604009171,6060,12,0,0,1,0,1,4888945.965943262,9,always,1,0,0,12.993852556374192,27.41,13819.983333333334,13248.33119794889,10984.466666666667,325961
2011,GoC,Sonora,2604009734,365,1,0,0,1,0,1,1153940.9383462423,4,sometimes,0,1,0,12.993852556374192,27.41,23.883333333333333,159.87159860193967,12.833333333333332,3400
2011,GoC,Sonora,2604009775,1994,4,0,0,1,0,1,5011123.760777179,5,sometimes,0,1,0,12.993852556374192,27.41,956.9333333333332,2131.4007754322456,862.0333333333333,59850
2011,GoC,Sonora,2604009809,1890,4,0,0,1,0,1,1204531.2508833427,9,always,1,0,0,12.993852556374192,27.41,3055.5499999999993,4336.015375878242,2564.8,47400
2011,GoC,Sonora,2604009999,402,1,0,0,1,0,1,2321818.85077941,9,always,1,0,0,12.993852556374192,27.41,640.2833333333338,707.9354596595248,446.1666666666667,11689
2011,GoC,Sonora,2604010476,730,2,0,0,1,0,1,1178217.718193591,7,sometimes,0,1,0,12.993852556374192,27.41,1021.2166666666664,1473.4367829415492,958.4333333333333,36436
2011,GoC,Sonora,2604010609,402,1,0,0,1,0,1,561202.0600706483,8,sometimes,0,1,0,12.993852556374192,27.41,767.0999999999996,786.3841876004303,542.9,16800
2011,GoC,Sonora,2604010641,1890,5,0,0,1,0,1,3209495.4185468643,8,sometimes,0,1,0,12.993852556374192,27.41,4842.749999999998,7231.756522639971,4278.433333333333,92908
2011,GoC,Sonora,2604010781,520,1,0,0,1,0,1,866550.7321695756,9,always,1,0,0,12.993852556374192,27.41,1899.4499999999996,1032.063959424526,1424.5166666666667,30356
2011,GoC,Sonora,2604011133,835,2,0,0,1,0,0,0,6,sometimes,0,1,0,12.993852556374192,27.41,1889.1333333333337,1853.6340119545985,1699.3166666666666,NA
2011,GoC,Sonora,2604011300,2155,4,0,0,1,0,1,1361394.0706006507,9,always,1,0,0,12.993852556374192,27.41,4930.583333333335,4048.464988906801,3763,95192
2011,GoC,Sonora,2604011409,4034,10,0,0,1,0,1,4567637.25477013,9,always,1,0,0,12.993852556374192,27.41,10680.666666666666,10794.12841128554,9014.9,183216
2011,GoC,Sonora,2604011425,425,1,0,0,1,0,1,416658.30996464717,8,sometimes,0,1,0,12.993852556374192,27.41,2587.733333333333,1424.7991350399795,2304.9166666666665,15124
2011,GoC,Sonora,2604011458,1438,3,0,0,1,0,1,793895.5971731122,7,sometimes,0,1,0,12.993852556374192,27.41,2278.4166666666665,2841.5330444004485,1939.5,41370
2011,GoC,Sonora,2604011540,365,1,0,0,1,0,1,620114.5885229427,9,always,1,0,0,12.993852556374192,27.41,522.6000000000003,676.997148217741,466.5833333333333,13700
2011,GoC,Sonora,2604011557,1003,2,0,0,1,0,1,1601068.4138161885,9,always,1,0,0,12.993852556374192,27.41,3210.483333333335,2777.398201151216,2948.2833333333333,58448
2011,GoC,Sonora,2604011573,1212,3,0,0,1,0,1,1333145.0751964115,8,sometimes,0,1,0,12.993852556374192,27.41,2699.1,3096.5505189227074,2219.866666666667,41600
2011,GoC,Sonora,2604011581,425,1,0,0,1,0,1,719091.4689222319,9,always,1,0,0,12.993852556374192,27.41,420.8000000000001,803.7607744497207,414.25,8380
2011,GoC,Sonora,2604011664,1732,4,0,0,1,0,1,766519.8869257636,8,sometimes,0,1,0,12.993852556374192,27.41,2491.9500000000007,3772.155403471364,2230.35,35400
2011,GoC,Sonora,2604609947,365,1,0,0,1,0,0,0,6,sometimes,0,1,0,12.993852556374192,27.41,674.5,1343.7871924098245,622.85,NA
2011,GoC,Sonora,2604609970,365,1,0,0,1,0,0,0,3,sometimes,0,1,0,12.993852556374192,27.41,205.86666666666667,379.35199623572703,201.85,NA
2011,GoC,Sonora,2604612081,708,2,0,0,1,0,0,0,3,sometimes,0,1,0,12.993852556374192,27.41,935.45,1628.4562560586069,867.3499999999999,NA
2011,GoC,Sonora,2604612750,420,1,0,0,1,0,0,0,5,sometimes,0,1,0,12.993852556374192,27.41,514.8166666666668,754.6980580092563,487.84999999999997,NA
2011,GoC,Sonora,2604613758,425,1,0,0,1,0,0,0,5,sometimes,0,1,0,12.993852556374192,27.41,380.70000000000005,687.9290642028665,368.18333333333334,NA
2011,GoC,Sonora,2604615076,355,1,0,0,1,0,0,0,1,sometimes,0,1,0,12.993852556374192,27.41,965.6999999999999,1409.2132463180385,922.4499999999999,NA
2011,GoC,Sonora,2604615274,2080,4,0,0,1,0,0,0,0,never,0,0,1,12.993852556374192,27.41,3560.916666666665,5152.147944122675,3021.8,NA
2011,GoC,Sonora,2607002082,1850,4,0,0,1,0,1,2080553.978798501,9,always,1,0,0,12.993852556374192,27.41,6594.699999999998,3813.268398480245,3771.1666666666665,83744
2011,GoC,Sonora,2607002108,400,1,0,0,1,0,0,0,4,sometimes,0,1,0,12.993852556374192,27.41,846.7833333333339,823.2719585181944,720.7833333333333,6297
2011,GoC,Sonora,2607002389,614,1,0,0,1,0,1,684392.7561837174,6,sometimes,0,1,0,12.993852556374192,27.41,2550.35,1079.4089232079355,1544.4,17856
2011,GoC,Sonora,2607002660,889,1,0,0,1,0,1,246381.39222613827,5,sometimes,0,1,0,12.993852556374192,27.41,1458.2166666666662,1172.6136580013685,1143.8833333333332,28016
2011,GoC,Sonora,2607002678,405,1,0,0,1,0,1,95814.98586572045,7,sometimes,0,1,0,12.993852556374192,27.41,1210.9,1168.2058768170564,874.3166666666667,12831
2011,GoC,Sonora,2607003130,540,1,0,0,1,0,1,629641.33568902,7,sometimes,0,1,0,12.993852556374192,27.41,2270.099999999999,969.0875659779316,1445.0666666666666,30629
2011,GoC,Sonora,2607003387,3210,5,0,0,1,0,1,2414537.643816155,8,sometimes,0,1,0,12.993852556374192,27.41,7491.483333333334,5660.030047696701,4969.316666666667,126189
2011,GoC,Sonora,2607003452,450,1,0,0,1,0,1,492762.78445227654,9,always,1,0,0,12.993852556374192,27.41,2319.433333333335,944.9599133682112,1567.1166666666668,55471
2011,GoC,Sonora,2607003460,3453,6,0,0,1,0,1,6253926.254586315,8,sometimes,0,1,0,12.993852556374192,27.41,10969.600000000002,9910.979352449493,8340.983333333334,279680
2011,GoC,Sonora,2607003569,365,1,0,0,1,0,0,0,5,sometimes,0,1,0,12.993852556374192,27.41,785.2833333333336,909.0916579548107,491.6333333333333,NA
2011,GoC,Sonora,2607003676,365,1,0,0,1,0,0,0,7,sometimes,0,1,0,12.993852556374192,27.41,1896.8499999999992,951.417355736239,1106.5,30069
2011,GoC,Sonora,2607003700,1250,3,0,0,1,0,1,856859.7307420142,8,sometimes,0,1,0,12.993852556374192,27.41,4477.816666666667,3311.2091572018567,3179.0833333333335,48887
2011,GoC,Sonora,2607003726,402,1,0,0,1,0,1,95814.98586572045,8,sometimes,0,1,0,12.993852556374192,27.41,1589.7666666666664,1036.3679076236374,1341.6833333333334,19714
2011,GoC,Sonora,2607003734,920,2,0,0,1,0,1,369572.0883392074,9,always,1,0,0,12.993852556374192,27.41,4380.483333333331,3322.716825151315,3054.5,40905
2011,GoC,Sonora,2607003874,365,1,0,0,1,0,1,479074.9293286022,7,sometimes,0,1,0,12.993852556374192,27.41,1498.7333333333336,1068.2595902698133,1049.3,18605
2011,GoC,Sonora,2607003890,989,2,0,0,1,0,1,1335934.6600706165,9,always,1,0,0,12.993852556374192,27.41,3584.5166666666682,2378.438948660517,2290.4833333333336,77147
2011,GoC,Sonora,2607003981,624,1,0,0,1,0,0,0,0,never,0,0,1,12.993852556374192,27.41,1834.3333333333333,1377.9390623254594,1696.1333333333332,NA
2011,GoC,Sonora,2607004054,989,2,0,0,1,0,1,664134.7306006794,9,always,1,0,0,12.993852556374192,27.41,5803.1833333333325,2563.09943382658,4003.3999999999996,24907
2011,GoC,Sonora,2607004070,624,1,0,0,1,0,0,0,6,sometimes,0,1,0,12.993852556374192,27.41,1385.933333333332,1081.0097435855016,1157.8666666666666,24651
2011,GoC,Sonora,2607004088,1569,3,0,0,1,0,0,0,8,sometimes,0,1,0,12.993852556374192,27.41,2857.6833333333343,3376.7932224314363,2018.0333333333333,11250
2011,GoC,Sonora,2607004104,1335,3,0,0,1,0,1,914348.7222614465,8,sometimes,0,1,0,12.993852556374192,27.41,6962.466666666667,4094.1719802965536,4864.066666666667,26794
2011,GoC,Sonora,2607004138,520,1,0,0,1,0,1,339458.8070671238,7,sometimes,0,1,0,12.993852556374192,27.41,1240.2166666666672,1168.8057495376804,987.4,5819
2011,GoC,Sonora,2607004179,450,1,0,0,1,0,1,588577.770317997,8,sometimes,0,1,0,12.993852556374192,27.41,1216.7166666666665,1580.2435994230812,984.3833333333333,16905
2011,GoC,Sonora,2607004203,450,1,0,0,1,0,0,0,0,never,0,0,1,12.993852556374192,27.41,1241.55,1184.5928413569543,1082.45,1195
2011,GoC,Sonora,2607004294,365,1,0,0,1,0,1,95814.98586572045,9,always,1,0,0,12.993852556374192,27.41,1117.5500000000004,993.3545953246963,914.9,10514
2011,GoC,Sonora,2607004302,420,1,0,0,1,0,1,711713.7150105714,8,sometimes,0,1,0,12.993852556374192,27.41,1244.833333333333,828.9875709877155,822,32470
2011,GoC,Sonora,2607004351,450,1,0,0,1,0,1,539301.4918727693,8,sometimes,0,1,0,12.993852556374192,27.41,1407.1333333333328,1487.1600101406648,1040.1,12945
2011,GoC,Sonora,2607004369,540,1,0,0,1,0,1,547514.204946974,7,sometimes,0,1,0,12.993852556374192,27.41,2557.966666666667,1851.1498135106774,1756.8666666666666,14690
2011,GoC,Sonora,2607004385,840,2,0,0,1,0,1,602265.6254416713,8,sometimes,0,1,0,12.993852556374192,27.41,2116.2166666666667,2476.555420534566,1618.3666666666666,26698
2011,GoC,Sonora,2607004393,624,1,0,0,1,0,1,547514.204946974,8,sometimes,0,1,0,12.993852556374192,27.41,2304.9000000000015,695.491199474564,1446.6666666666667,28129
2011,GoC,Sonora,2607004401,624,1,0,0,1,0,1,821271.3074204609,9,always,1,0,0,12.993852556374192,27.41,2339.0666666666652,1133.730697638007,1601.7,21713
2011,GoC,Sonora,2607010853,450,1,0,0,1,0,1,438011.36395757913,9,always,1,0,0,12.993852556374192,27.41,1658.1999999999991,782.7711817186586,1093.7833333333333,13449
2011,GoC,Sonora,2607010861,450,1,0,0,1,0,1,383259.9434628818,8,sometimes,0,1,0,12.993852556374192,27.41,2119.683333333333,865.5995788305906,1307.8666666666666,21560
2011,GoC,Sonora,2607100142,450,1,0,0,1,0,0,0,3,sometimes,0,1,0,12.993852556374192,27.41,1832.3833333333332,875.1041609780426,994.7166666666667,NA
2011,GoC,Sonora,2607101918,503,1,0,0,1,0,0,0,5,sometimes,0,1,0,12.993852556374192,27.41,1596.9166666666677,1056.1401655300565,1211.2333333333333,NA
2011,GoC,Sonora,2607603012,2267,5,0,0,1,0,0,0,7,sometimes,0,1,0,12.993852556374192,27.41,4692.766666666667,5178.8824340590845,3898.7333333333336,56531
2011,GoC,Sonora,2607603699,540,1,0,0,1,0,0,0,5,sometimes,0,1,0,12.993852556374192,27.41,648.283333333333,939.0855505950783,561.9,1408
2011,GoC,Sonora,2607603707,2308,4,0,0,1,0,0,0,7,sometimes,0,1,0,12.993852556374192,27.41,5591.216666666667,3799.36667018715,3973.4666666666667,NA
2011,GoC,Sonora,2607603772,520,1,0,0,1,0,0,0,7,sometimes,0,1,0,12.993852556374192,27.41,1097.05,1107.327534375367,899.4,NA
2011,GoC,Sonora,2607603798,1510,3,0,0,1,0,0,0,4,sometimes,0,1,0,12.993852556374192,27.41,6341.066666666664,3760.6996065616813,4316.05,NA
2011,GoC,Sonora,2607604549,503,1,0,0,1,0,0,0,3,sometimes,0,1,0,12.993852556374192,27.41,2351.499999999999,1611.1497903434722,1745.9333333333334,NA
2011,GoC,Sonora,2607604572,624,1,0,0,1,0,0,0,0,never,0,0,1,12.993852556374192,27.41,1510.2999999999997,1120.930454078129,1387.9166666666665,NA
2011,GoC,Sonora,2607604754,450,1,0,0,1,0,0,0,0,never,0,0,1,12.993852556374192,27.41,1860.8999999999994,1253.8062758467631,1410.3833333333332,NA
2011,GoC,Sonora,2609002015,425,1,0,0,1,0,0,0,4,sometimes,0,1,0,12.993852556374192,27.41,538.3666666666666,790.9154858302392,504.68333333333334,NA
2011,GoM,Tamaulipas,0402006290,1750,4,0,0,1,0,1,2949951.784833801,8,sometimes,0,1,0,12.993852556374192,27.41,5769.6,3179.092436048322,3782.1,74475
2011,GoM,Tamaulipas,2808000679,402,1,0,0,1,0,1,657017.0459363688,9,always,1,0,0,12.993852556374192,27.41,2594.4166666666674,1028.190305265718,1548.2833333333333,38102
2011,GoM,Tamaulipas,2808000885,730,2,0,0,1,0,1,858776.0304593287,8,sometimes,0,1,0,12.993852556374192,27.41,3767.366666666667,1677.7876336716824,1953.6,37788
2011,GoM,Tamaulipas,2808001503,5200,13,0,0,1,0,1,6298480.223013875,9,always,1,0,0,12.993852556374192,27.41,28862.46666666666,10193.849243517698,16789.116666666665,398895
2011,GoM,Tamaulipas,2808002543,502,1,0,0,1,0,1,6190633.6124944445,9,always,1,0,0,12.993852556374192,27.41,2925.249999999999,1326.058844517202,1717.5166666666667,268828
2011,GoM,Tamaulipas,2808002758,425,1,0,0,1,0,1,1625295.9173850922,9,always,1,0,0,12.993852556374192,27.41,2525.8333333333326,333.7943401675634,849.9166666666666,87280
2011,GoM,Tamaulipas,2808002790,767,2,0,0,1,0,1,1319156.0872600165,9,always,1,0,0,12.993852556374192,27.41,4818.9,1371.3955588438914,2128.55,82805
2011,GoM,Tamaulipas,2808003475,790,2,0,0,1,0,1,1375684.1913497667,9,always,1,0,0,12.993852556374192,27.41,4358.233333333334,2264.55399985382,2628.7666666666664,55903
2011,GoM,Tamaulipas,2808004220,1571,4,0,0,1,0,1,2571928.814741237,9,always,1,0,0,12.993852556374192,27.41,7852.533333333332,4323.839524584011,4833.45,124913
2011,GoM,Tamaulipas,2808004226,767,2,0,0,1,0,1,514663.3526501555,9,always,1,0,0,12.993852556374192,27.41,2003.666666666666,1582.9900431687695,1440.3666666666666,34523
2011,GoM,Tamaulipas,2808004283,1080,2,0,0,1,0,1,1541663.1225794419,9,always,1,0,0,12.993852556374192,27.41,4683.000000000001,1208.1434064378834,2245.0333333333333,101875
2011,GoM,Tamaulipas,2808004564,425,1,0,0,1,0,1,746398.7398939622,9,always,1,0,0,12.993852556374192,27.41,2392.183333333333,542.550904317875,1200.7333333333333,30368
2011,GoM,Tamaulipas,2808004598,365,1,0,0,1,0,1,555726.9180211786,9,always,1,0,0,12.993852556374192,27.41,1532.3,915.1526038979476,1107.5166666666667,24840
2011,GoM,Tamaulipas,2808004622,1500,3,0,0,1,0,1,1971051.1378091061,9,always,1,0,0,12.993852556374192,27.41,6650.499999999998,1927.7297036994137,4263.25,122805
2011,GoM,Tamaulipas,2808004812,405,1,0,0,1,0,1,657017.0459363688,9,always,1,0,0,12.993852556374192,27.41,1275.05,1610.5479374986999,1026.1166666666666,22273
2011,GoM,Tamaulipas,2808004895,787,2,0,0,1,0,1,603325.0654282437,9,always,1,0,0,12.993852556374192,27.41,3326.3666666666663,1141.401567345727,1797.0666666666666,58898
2011,GoM,Tamaulipas,2808004986,365,1,0,0,1,0,1,620114.5885229427,6,sometimes,0,1,0,12.993852556374192,27.41,1640.2333333333331,1733.8791070129005,1241.2833333333333,25335
2011,GoM,Tamaulipas,2808005041,2860,7,0,0,1,0,1,3104296.039208353,9,always,1,0,0,12.993852556374192,27.41,14800.083333333336,8171.561448151088,8646.083333333334,125538
2011,GoM,Tamaulipas,2808005058,834,2,0,0,1,0,1,1347925.2211589552,9,always,1,0,0,12.993852556374192,27.41,4731.833333333334,2469.988555726237,2872.133333333333,71836
2011,GoM,Tamaulipas,2808005066,827,2,0,0,1,0,1,1167523.1232283618,9,always,1,0,0,12.993852556374192,27.41,2011.2333333333331,3368.598056099573,1746.4333333333334,33200
2011,GoM,Tamaulipas,2808005082,1330,3,0,0,1,0,1,1869761.009893916,9,always,1,0,0,12.993852556374192,27.41,7814.450000000001,3350.114985339662,4157.383333333333,70466
2011,GoM,Tamaulipas,2808005546,1305,3,0,0,1,0,1,1669151.8052013447,9,always,1,0,0,12.993852556374192,27.41,3503.2833333333324,1799.5527060017616,1564.45,70774
2011,GoM,Tamaulipas,2808005553,365,1,0,0,1,0,1,2043651.5213850748,9,always,1,0,0,12.993852556374192,27.41,2573.3,973.3975817996495,1537.2166666666667,85346
2011,GoM,Tamaulipas,2808005629,767,2,0,0,1,0,1,1258803.5964487114,9,always,1,0,0,12.993852556374192,27.41,4246.966666666667,1084.804365615356,2202.2833333333333,81363
2011,GoM,Tamaulipas,2808005702,730,2,0,0,1,0,1,669062.3584452021,9,always,1,0,0,12.993852556374192,27.41,4151.316666666666,1604.9761476231288,2368.5166666666664,46297
2011,GoM,Tamaulipas,2808005876,440,1,0,0,1,0,1,1504295.2780918109,9,always,1,0,0,12.993852556374192,27.41,3155.566666666669,724.7402325382876,1352.6333333333332,88208
2011,GoM,Tamaulipas,2808005959,3199,7,0,0,1,0,0,0,5,sometimes,0,1,0,12.993852556374192,27.41,18101.18333333333,9478.530173444433,11407.866666666667,NA
2011,GoM,Tamaulipas,2808006015,850,2,0,0,1,0,1,438816.2098388512,9,always,1,0,0,12.993852556374192,27.41,4997.050000000001,3967.655148824943,3659.8999999999996,14682
2011,GoM,Tamaulipas,2808006023,400,1,0,0,1,0,1,684392.7561837174,5,sometimes,0,1,0,12.993852556374192,27.41,1525.050000000001,1220.010409901578,1127.35,29064
2011,GoM,Tamaulipas,2808006049,730,2,0,0,1,0,1,739144.1766784148,9,always,1,0,0,12.993852556374192,27.41,3245.5,2228.7449276364887,2207.483333333333,20709
2011,GoM,Tamaulipas,2808006130,425,1,0,0,1,0,1,743524.2903179906,9,always,1,0,0,12.993852556374192,27.41,1744.9999999999998,451.3607379252348,754.8666666666667,21100
2011,GoM,Tamaulipas,2808006189,1132,3,0,0,1,0,1,2450126.0671377084,9,always,1,0,0,12.993852556374192,27.41,8374.216666666667,2287.49468275259,4007.0666666666666,150926
2011,GoM,Tamaulipas,2808006197,1365,3,0,0,1,0,1,1843754.0851589348,9,always,1,0,0,12.993852556374192,27.41,2048.3666666666672,3140.8401553109343,1359.6666666666667,51687
2011,GoM,Tamaulipas,2808006247,365,1,0,0,1,0,1,376246.286497511,9,always,1,0,0,12.993852556374192,27.41,1975.8499999999995,980.2325154821044,1087.1666666666667,20176
2011,GoM,Tamaulipas,2808006270,865,2,0,0,1,0,1,1464381.4925511766,9,always,1,0,0,12.993852556374192,27.41,4438.23333333333,1157.1968434899338,2197.7166666666667,78215
2011,GoM,Tamaulipas,2808006452,402,1,0,0,1,0,1,657017.0459363688,9,always,1,0,0,12.993852556374192,27.41,2406.0666666666666,2050.6449657420717,1800.6833333333334,23094
2011,GoM,Tamaulipas,2808006494,402,1,0,0,1,0,1,711713.7150105714,9,always,1,0,0,12.993852556374192,27.41,2564.9000000000005,1307.0360618622842,1519.35,45465
2011,GoM,Tamaulipas,2808006551,402,1,0,0,1,0,1,301132.8127208357,9,always,1,0,0,12.993852556374192,27.41,1657.2833333333328,719.9460358745876,1311.7666666666667,30166
2011,GoM,Tamaulipas,2808006619,922,2,0,0,1,0,1,1322860.157735034,9,always,1,0,0,12.993852556374192,27.41,5427.199999999999,2669.7872896862564,3280.45,64889
2011,GoM,Tamaulipas,2808006668,402,1,0,0,1,0,1,438011.36395757913,9,always,1,0,0,12.993852556374192,27.41,2804.600000000002,780.4301550981685,1276.5333333333333,31660
2011,GoM,Tamaulipas,2808006718,365,1,0,0,1,0,1,588577.770317997,9,always,1,0,0,12.993852556374192,27.41,1200.2333333333333,713.9781080937959,902.85,18549
2011,GoM,Tamaulipas,2808006726,365,1,0,0,1,0,1,620114.5885229427,9,always,1,0,0,12.993852556374192,27.41,1508.3166666666666,612.2733084261054,1124.2,28214
2011,GoM,Tamaulipas,2808006734,365,1,0,0,1,0,1,440929.61466994655,9,always,1,0,0,12.993852556374192,27.41,1770.8333333333326,825.2594954401486,965.2833333333333,22133
2011,GoM,Tamaulipas,2808006833,767,2,0,0,1,0,1,2064676.0668550387,9,always,1,0,0,12.993852556374192,27.41,5589.9,1372.0485323940877,2603.6,120429
2011,GoM,Tamaulipas,2808006858,2642,6,0,0,1,0,1,3976800.9883567267,9,always,1,0,0,12.993852556374192,27.41,16784.016666666663,5614.471690727877,9153.2,170199
2011,GoM,Tamaulipas,2808006866,2757,6,0,0,1,0,1,6186636.758798332,9,always,1,0,0,12.993852556374192,27.41,13785.133333333335,4174.174338730846,6332.483333333334,271769
2011,GoM,Tamaulipas,2808007005,790,2,0,0,1,0,1,756938.3883391914,9,always,1,0,0,12.993852556374192,27.41,2408.983333333333,1542.9119052766985,1732.4666666666667,35581
2011,GoM,Tamaulipas,2808007013,730,2,0,0,1,0,1,1943675.4275617574,9,always,1,0,0,12.993852556374192,27.41,3703.8666666666654,1968.4359976929359,1739.3166666666666,119150
2011,GoM,Tamaulipas,2808007252,1095,3,0,0,1,0,1,1828806.9473638823,9,always,1,0,0,12.993852556374192,27.41,5615.800000000003,3092.0614759660934,3753.116666666667,61772
2011,GoM,Tamaulipas,2808007260,735,2,0,0,1,0,1,1133354.4042402362,9,always,1,0,0,12.993852556374192,27.41,4098.983333333334,2950.023970439973,2996.2,42912
2011,GoM,Tamaulipas,2808007492,425,1,0,0,1,0,0,0,8,sometimes,0,1,0,12.993852556374192,27.41,2808.6166666666672,488.75912396405056,1201.1333333333332,48147
2011,GoM,Tamaulipas,2808007500,365,1,0,0,1,0,1,396947.7985865561,9,always,1,0,0,12.993852556374192,27.41,2062.783333333333,495.35441479082135,1085.1166666666666,29058
2011,GoM,Tamaulipas,2808007518,882,2,0,0,1,0,1,1519297.167307358,9,always,1,0,0,12.993852556374192,27.41,4900.283333333335,2303.1274355457313,2906.6833333333334,90280
2011,GoM,Tamaulipas,2808007526,402,1,0,0,1,0,1,394251.29112719226,9,always,1,0,0,12.993852556374192,27.41,491.2833333333333,616.4371134730177,325.96666666666664,34176
2011,GoM,Tamaulipas,2808007542,872,2,0,0,1,0,1,1305506.5581306883,9,always,1,0,0,12.993852556374192,27.41,5031.116666666665,3664.6377881348735,3530.5166666666664,52025
2011,GoM,Tamaulipas,2808007690,905,2,0,0,1,0,1,396947.7985865561,9,always,1,0,0,12.993852556374192,27.41,1765.500000000001,1604.1967022274787,1033.95,34681
2011,GoM,Tamaulipas,2808007708,365,1,0,0,1,0,0,0,8,sometimes,0,1,0,12.993852556374192,27.41,2571.433333333332,775.6572877665483,1222.2333333333333,NA
2011,GoM,Tamaulipas,2808007898,822,2,0,0,1,0,0,0,4,sometimes,0,1,0,12.993852556374192,27.41,6247.6833333333325,2068.64515538553,3379.333333333333,NA
2011,GoM,Tamaulipas,2808007906,1258,3,0,0,1,0,0,0,4,sometimes,0,1,0,12.993852556374192,27.41,8389.583333333334,3424.7076711865066,4443.216666666666,NA
2011,GoM,Tamaulipas,2808007914,925,2,0,0,1,0,0,0,4,sometimes,0,1,0,12.993852556374192,27.41,5564.7999999999975,2273.951099705574,3269.9666666666662,NA
2011,GoM,Tamaulipas,2808007922,1206,3,0,0,1,0,0,0,4,sometimes,0,1,0,12.993852556374192,27.41,8522.866666666665,4011.27325485421,5056.016666666666,NA
2011,GoM,Tamaulipas,2808007963,520,1,0,0,1,0,0,0,4,sometimes,0,1,0,12.993852556374192,27.41,518.433333333333,1555.814105941635,320.7666666666667,NA
2011,GoM,Tamaulipas,2808008029,402,1,0,0,1,0,0,0,3,sometimes,0,1,0,12.993852556374192,27.41,2407.049999999999,2500.8258770291095,1844.7666666666667,NA
2011,GoM,Tamaulipas,2808008086,565,1,0,0,1,0,0,0,0,never,0,0,1,12.993852556374192,27.41,253.43333333333328,198.77892543310546,195.68333333333334,NA
2011,GoM,Tamaulipas,3010002552,360,1,0,0,1,0,1,243643.8212014034,9,always,1,0,0,12.993852556374192,27.41,1407.9500000000003,639.4222971342072,1025.9333333333334,20901
2011,GoM,Veracruz,0402006571,2152,5,0,0,1,0,0,0,8,sometimes,0,1,0,12.993852556374192,27.41,6616.466666666667,5156.635720892016,5680.55,16360
2011,GoM,Veracruz,2508010366,375,1,0,0,1,0,1,636211.5061483837,7,sometimes,0,1,0,12.993852556374192,27.41,1543.6833333333336,710.6127362593854,1089.15,29165
2011,GoM,Veracruz,3001000581,365,1,0,0,1,0,1,620114.5885229427,9,always,1,0,0,12.993852556374192,27.41,1563.2999999999997,1987.7116951063986,1404.6166666666666,12306
2011,GoM,Veracruz,3001004716,930,2,0,0,1,0,1,1040276.9893992505,8,sometimes,0,1,0,12.993852556374192,27.41,1877.65,1851.0708432713905,1646.7833333333333,21882
2011,GoM,Veracruz,3001007941,800,2,0,0,1,0,1,1240229.1770458855,9,always,1,0,0,12.993852556374192,27.41,1761.3833333333337,1191.2494526858075,1463.15,25781
2011,GoM,Veracruz,3001008709,402,1,0,0,1,0,1,560928.3029681748,9,always,1,0,0,12.993852556374192,27.41,1358.833333333333,921.3580050018935,1035.05,22681
2011,GoM,Veracruz,3001008816,420,1,0,0,1,0,0,0,5,sometimes,0,1,0,12.993852556374192,27.41,1225.3166666666662,864.6050560485387,1117.5166666666667,18180
2011,GoM,Veracruz,3001009384,370,1,0,0,1,0,1,628546.3072791261,9,always,1,0,0,12.993852556374192,27.41,1640.1166666666663,882.168919272136,1402.0666666666666,25951
2011,GoM,Veracruz,3001009434,450,1,0,0,1,0,1,801013.2818374229,9,always,1,0,0,12.993852556374192,27.41,2177.5,1103.7284786860077,1800.6833333333332,25770
2011,GoM,Veracruz,3001009889,850,2,0,0,1,0,0,0,7,sometimes,0,1,0,12.993852556374192,27.41,2162.6499999999996,1870.9793065986162,1887.5333333333333,10161
2011,GoM,Veracruz,3001010721,402,1,0,0,1,0,0,0,0,never,0,0,1,12.993852556374192,27.41,0.016666666666666666,0,0,NA
2011,GoM,Veracruz,3001010762,402,1,0,0,1,0,0,0,0,never,0,0,1,12.993852556374192,27.41,1560.5499999999997,889.6737077328797,1134.0166666666667,NA
2011,GoM,Veracruz,3003005919,1230,3,0,0,1,0,1,3730597.5382471965,7,sometimes,0,1,0,12.993852556374192,27.41,1838.4166666666665,1792.5950568077503,1268.1666666666667,159604
2011,GoM,Veracruz,3010002446,370,1,0,0,1,0,0,0,0,never,0,0,1,12.993852556374192,27.41,1273.1999999999998,1242.1025105579074,1119.65,12648
2011,GoM,Veracruz,3010002933,2134,5,0,0,1,0,1,4158781.0222259774,9,always,1,0,0,12.993852556374192,27.41,11607.666666666668,4499.719166364255,8331.516666666666,226103
2011,GoM,Veracruz,3011012345,220,1,0,0,1,0,1,620114.5885229427,9,always,1,0,0,12.993852556374192,27.41,64.29999999999998,335.27550282120274,60.3,11666
2011,GoM,Veracruz,3012003673,1675,4,0,0,1,0,1,2228382.814134184,3,sometimes,0,1,0,12.993852556374192,27.41,4261.116666666667,3005.371037043334,2588.25,80954
2011,GoM,Yucatan,3105004364,375,1,0,0,1,0,1,703555.7533568615,3,sometimes,0,1,0,12.993852556374192,27.41,469.0500000000001,622.9692964332652,264.5,NA
2012,GoC,Baja california,0203012125,475,1,0,0,1,0,0,0,0,never,0,0,1,13.830330858184727,27.75,82.11666666666665,417.1543520759076,79.15,NA
2012,GoC,Baja california,0203014741,373,1,0,0,1,0,1,412825.3032614866,9,always,1,0,0,13.830330858184727,27.75,32.483333333333334,470.700159225129,32.483333333333334,NA
2012,GoC,Baja california,0207000092,868,2,0,0,1,0,0,0,4,sometimes,0,1,0,13.830330858184727,27.75,2827,2443.961819101919,2229.7333333333336,24550
2012,GoC,Baja california,0207001926,1872,3,0,0,1,0,1,475932.35598935717,9,always,1,0,0,13.830330858184727,27.75,3221.65,3917.7067143221193,2720.5333333333333,32493
2012,GoC,Baja california,0313000036,365,1,0,0,1,0,0,0,0,never,0,0,1,13.830330858184727,27.75,136.76666666666668,556.4450007143439,118.81666666666666,NA
2012,GoC,Baja california,2507002232,425,1,0,0,1,0,0,0,5,sometimes,0,1,0,13.830330858184727,27.75,1095.2833333333333,1296.0188175070118,967.4333333333334,5801
2012,GoC,Baja california sur,0305000242,365,1,0,0,1,0,1,416164.71813500306,7,sometimes,0,1,0,13.830330858184727,27.75,541.2666666666665,903.0085458106449,476.4666666666667,7544
2012,GoM,Campeche,0401002472,5480,13,0,0,1,0,1,4945568.249256699,9,always,1,0,0,13.830330858184727,27.75,21528.166666666664,18605.036626930094,15064.65,287148
2012,GoM,Campeche,0401002480,1002,2,0,0,1,0,1,2093313.5281940731,9,always,1,0,0,13.830330858184727,27.75,3102.7833333333347,1898.4431538257832,2148.85,93260
2012,GoM,Campeche,0401002613,1640,3,0,0,1,0,1,1418199.5370323744,9,always,1,0,0,13.830330858184727,27.75,4993.533333333332,1999.1532541718452,2711.4166666666665,85976
2012,GoM,Campeche,0401002654,1689,4,0,0,1,0,1,599674.76854659,9,always,1,0,0,13.830330858184727,27.75,6918.116666666667,4002.220193878231,4419.333333333333,47304
2012,GoM,Campeche,0401002662,2916,7,0,0,1,0,1,2488889.5703766085,9,always,1,0,0,13.830330858184727,27.75,15674.716666666669,5305.756345746002,8295.466666666667,225663
2012,GoM,Campeche,0401002837,1774,4,0,0,1,0,1,639616.2740022715,9,always,1,0,0,13.830330858184727,27.75,6261.750000000003,2926.461092506471,3152.0333333333333,54112
2012,GoM,Campeche,0401002860,2250,5,0,0,1,0,1,1581462.7413604364,9,always,1,0,0,13.830330858184727,27.75,8299.933333333332,5013.047626910528,5070.783333333333,102573
2012,GoM,Campeche,0401002894,365,1,0,0,1,0,1,297812.6996649425,9,always,1,0,0,13.830330858184727,27.75,953.183333333333,821.2948542584746,647.6,7703
2012,GoM,Campeche,0401002902,402,1,0,0,1,0,1,788785.5698877755,9,always,1,0,0,13.830330858184727,27.75,2087.066666666667,786.6154540607324,982.2,26061
2012,GoM,Campeche,0401002910,1095,3,0,0,1,0,1,1116915.9494673992,9,always,1,0,0,13.830330858184727,27.75,5263.416666666666,2411.253333157884,3363.9833333333336,69931
2012,GoM,Campeche,0401002928,1175,3,0,0,1,0,1,709954.3431885438,7,sometimes,0,1,0,13.830330858184727,27.75,3646.366666666667,3190.1169507021086,2514.7333333333336,39619
2012,GoM,Campeche,0401002944,730,2,0,0,1,0,1,700803.8205430026,9,always,1,0,0,13.830330858184727,27.75,3022.9833333333327,2115.224974967425,1988.1666666666665,62542
2012,GoM,Campeche,0401002951,402,1,0,0,1,0,1,394392.78494388773,9,always,1,0,0,13.830330858184727,27.75,150.1166666666667,650.6846621905933,129.1,8241
2012,GoM,Campeche,0401002969,1043,2,0,0,1,0,1,788785.5698877755,9,always,1,0,0,13.830330858184727,27.75,4086.3499999999985,2060.683450306335,2312.9833333333336,57667
2012,GoM,Campeche,0401002977,402,1,0,0,1,0,1,394392.78494388773,8,sometimes,0,1,0,13.830330858184727,27.75,2110.633333333333,667.744098173525,1063.1666666666667,34259
2012,GoM,Campeche,0401002985,1205,3,0,0,1,0,1,981419.8483396004,8,sometimes,0,1,0,13.830330858184727,27.75,6819.466666666669,2400.9409435649836,3539.7999999999997,65708
2012,GoM,Campeche,0401002993,365,1,0,0,1,0,1,350401.9102715013,6,sometimes,0,1,0,13.830330858184727,27.75,1436.4666666666667,695.4838855849957,676.0833333333334,27759
2012,GoM,Campeche,0401003132,740,2,0,0,1,0,1,564808.1219144416,8,sometimes,0,1,0,13.830330858184727,27.75,2350.25,917.3558790231623,1183.6833333333334,16247
2012,GoM,Campeche,0401003165,420,1,0,0,1,0,1,341803.57433732896,9,always,1,0,0,13.830330858184727,27.75,2015.7999999999995,683.8164907081325,973.8666666666667,20550
2012,GoM,Campeche,0401003512,380,1,0,0,1,0,1,305543.31362410664,9,always,1,0,0,13.830330858184727,27.75,1269.5500000000002,596.2611027824028,616.9666666666667,13216
2012,GoM,Campeche,0401003637,500,1,0,0,1,0,1,363522.9183178377,9,always,1,0,0,13.830330858184727,27.75,1714.4333333333336,1052.7395773549483,1281.6666666666667,26190
2012,GoM,Campeche,0401004429,365,1,0,0,1,0,1,297812.6996649425,9,always,1,0,0,13.830330858184727,27.75,1362.0499999999995,689.1085159106595,845.75,15472
2012,GoM,Campeche,0401004478,925,2,0,0,1,0,1,801591.0426704725,9,always,1,0,0,13.830330858184727,27.75,3940.283333333332,1646.1528057796409,2427.633333333333,31205
2012,GoM,Campeche,0401004486,1365,3,0,0,1,0,1,613347.9633042953,9,always,1,0,0,13.830330858184727,27.75,5335.483333333335,2682.8994916199345,2836.083333333333,49938
2012,GoM,Campeche,0401004502,815,2,0,0,1,0,1,639616.2740022715,9,always,1,0,0,13.830330858184727,27.75,4183.250000000003,1418.0044896920635,2192.916666666667,44101
2012,GoM,Campeche,0401005012,1684,4,0,0,1,0,1,1918848.8220068144,9,always,1,0,0,13.830330858184727,27.75,8149.366666666669,3771.4672989213923,4926.866666666667,176442
2012,GoM,Campeche,0401005384,432,1,0,0,1,0,1,363522.9183178377,9,always,1,0,0,13.830330858184727,27.75,2330.483333333332,703.9588267276025,846.5666666666666,18133
2012,GoM,Campeche,0401006093,540,1,0,0,1,0,1,465677.4599210782,9,always,1,0,0,13.830330858184727,27.75,2418.4333333333343,878.5115820176006,1203.5666666666666,37677
2012,GoM,Campeche,0402004402,402,1,0,0,1,0,0,0,0,never,0,0,1,13.830330858184727,27.75,207.25000000000003,476.0006489946663,174.23333333333335,1600
2012,GoM,Campeche,0402004618,1310,3,0,0,1,0,1,1024858.536300618,3,sometimes,0,1,0,13.830330858184727,27.75,2830.0499999999993,1784.6093965000518,1646.1833333333332,48596
2012,GoM,Campeche,0402005276,1425,3,0,0,1,0,1,661335.6179827802,9,always,1,0,0,13.830330858184727,27.75,4203.116666666665,1920.838525236769,2004.0666666666666,44015
2012,GoM,Campeche,0402006282,365,1,0,0,1,0,1,297812.6996649425,9,always,1,0,0,13.830330858184727,27.75,1479.6666666666665,840.9279196684389,1033.4,24068
2012,GoM,Campeche,0402006522,400,1,0,0,1,0,1,326710.4708932466,7,sometimes,0,1,0,13.830330858184727,27.75,1688.0666666666662,615.4098202801036,1133.5833333333333,33540
2012,GoM,Campeche,2305000495,365,1,0,0,1,0,1,262946.05303279404,2,sometimes,0,1,0,13.830330858184727,27.75,1677.0666666666652,570.1646859629828,1328.3166666666666,28254
2012,GoM,Campeche,2306001112,400,1,0,0,1,0,1,326710.4708932466,7,sometimes,0,1,0,13.830330858184727,27.75,936.533333333333,895.4321572293842,649.7666666666667,8503
2012,GoM,Campeche,2808000489,1991,5,0,0,1,0,1,1709017.8716866446,9,always,1,0,0,13.830330858184727,27.75,6132.766666666668,4813.705507788569,3985.083333333333,151592
2012,GoM,Campeche,2808004739,402,1,0,0,1,0,1,341803.57433732896,9,always,1,0,0,13.830330858184727,27.75,1984.733333333334,780.7319565706821,1215.0333333333333,20448
2012,Pacific,Chiapas,0705002988,220,1,0,0,1,0,1,290266.1479429013,4,sometimes,0,1,0,13.830330858184727,27.75,1241.2333333333331,1753.7238330155092,980.6833333333333,8986
2012,Pacific,Chiapas,0705003143,305,1,0,0,1,0,0,0,1,sometimes,0,1,0,13.830330858184727,27.75,1830.616666666667,2179.471426306752,1353.4666666666667,1076
2012,GoC,Nayarit,1802000420,365,1,0,0,1,0,1,852613.0948009558,3,sometimes,0,1,0,13.830330858184727,27.75,1969.0333333333335,2379.556010568709,1728.9166666666665,36318
2012,GoC,Nayarit,1802001287,365,1,0,0,1,0,0,0,0,never,0,0,1,13.830330858184727,27.75,71.68333333333334,78.62622423514318,53.68333333333333,NA
2012,GoC,Nayarit,1802002764,365,1,0,0,1,0,0,0,0,never,0,0,1,13.830330858184727,27.75,699.6499999999997,1414.0581842130293,657.7,6017
2012,GoC,Nayarit,1802003614,402,1,0,0,1,0,0,0,0,never,0,0,1,13.830330858184727,27.75,708.9166666666667,988.2204585445306,529.5166666666667,NA
2012,Pacific,Oaxaca,2005000217,1200,3,0,0,1,0,1,950602.5709241569,8,sometimes,0,1,0,13.830330858184727,27.75,4102.383333333333,4285.293559754484,2968.383333333333,47563
2012,Pacific,Oaxaca,2005000282,745,2,0,0,1,0,1,863454.360567498,8,sometimes,0,1,0,13.830330858184727,27.75,1080.2499999999995,2563.8423258077028,869.3166666666666,26851
2012,Pacific,Oaxaca,2005000399,730,2,0,0,1,0,1,580734.7643466379,8,sometimes,0,1,0,13.830330858184727,27.75,2056.083333333333,3088.5844692574165,1547.2666666666667,48770
2012,Pacific,Oaxaca,2005000779,365,1,0,0,1,0,1,282922.06468169537,5,sometimes,0,1,0,13.830330858184727,27.75,1287.333333333333,2091.684231793141,1025.95,15661
2012,Pacific,Oaxaca,2005002585,2555,7,0,0,1,0,1,2169936.0080478294,8,sometimes,0,1,0,13.830330858184727,27.75,9904.116666666667,9464.2269107627,6271.3,154841
2012,Pacific,Oaxaca,2005002809,2745,7,0,0,1,0,1,2206964.0712359073,8,sometimes,0,1,0,13.830330858184727,27.75,10636.116666666665,8479.05047303822,6725.15,153538
2012,Pacific,Oaxaca,2005003005,343,1,0,0,1,0,1,236651.44772951462,8,sometimes,0,1,0,13.830330858184727,27.75,269.76666666666665,1142.5798785281422,248.78333333333333,26151
2012,Pacific,Oaxaca,2005003559,370,1,0,0,1,0,0,0,1,sometimes,0,1,0,13.830330858184727,27.75,1143.8833333333332,1832.5307146148123,894.1,7500
2012,Pacific,Oaxaca,2005003815,365,1,0,0,1,0,1,192634.27845182488,7,sometimes,0,1,0,13.830330858184727,27.75,1417.7333333333333,1430.0166999292742,923.9166666666666,15545
2012,Pacific,Oaxaca,2005004417,380,1,0,0,1,0,1,305543.31362410664,7,sometimes,0,1,0,13.830330858184727,27.75,886.0999999999999,1154.0458362406478,596.9666666666667,16500
2012,Pacific,Oaxaca,2005004789,420,1,0,0,1,0,1,341803.57433732896,6,sometimes,0,1,0,13.830330858184727,27.75,1636.2666666666678,1747.7166969072791,1219.8166666666666,NA
2012,GoM,Quintana roo,2306000841,1440,3,0,0,1,0,1,828280.0670533011,9,always,1,0,0,13.830330858184727,27.75,3675.5999999999995,2234.6367903617247,2567.6833333333334,78644
2012,GoM,Quintana roo,2306001401,450,1,0,0,1,0,1,262946.05303279404,8,sometimes,0,1,0,13.830330858184727,27.75,2069.0500000000006,688.7354773655935,1603.2,107776
2012,GoC,Sinaloa,0305001588,450,1,0,0,1,0,1,769380.1511739553,5,sometimes,0,1,0,13.830330858184727,27.75,136.49999999999994,380.56823390231716,102.83333333333333,17605
2012,GoC,Sinaloa,1802002525,730,2,0,0,1,0,0,0,5,sometimes,0,1,0,13.830330858184727,27.75,3373.816666666666,2878.2370549031903,2502.866666666667,NA
2012,GoC,Sinaloa,2505001798,2145,5,0,0,1,0,1,1852612.7112478535,9,always,1,0,0,13.830330858184727,27.75,5573.35,7526.523442502923,5030.55,125174
2012,GoC,Sinaloa,2505002721,1055,2,0,0,1,0,1,1028907.905517323,8,sometimes,0,1,0,13.830330858184727,27.75,1613.0333333333338,1654.4744151634568,1351.2833333333333,20144
2012,GoC,Sinaloa,2505004164,1534,3,0,0,1,0,0,0,5,sometimes,0,1,0,13.830330858184727,27.75,2374.2833333333338,2841.65810561603,1971.5166666666667,NA
2012,GoC,Sinaloa,2505004263,805,2,0,0,1,0,0,0,5,sometimes,0,1,0,13.830330858184727,27.75,706.7499999999999,1227.0547151201556,612.7666666666667,NA
2012,GoC,Sinaloa,2507002406,425,1,0,0,1,0,1,363522.9183178377,9,always,1,0,0,13.830330858184727,27.75,1529.433333333333,1209.0664429601577,1428.9666666666667,34120
2012,GoC,Sinaloa,2507002513,365,1,0,0,1,0,1,297812.6996649425,8,sometimes,0,1,0,13.830330858184727,27.75,983.2333333333336,1572.1855798326396,815.1833333333333,13086
2012,GoC,Sinaloa,2507002703,365,1,0,0,1,0,1,639616.2740022715,9,always,1,0,0,13.830330858184727,27.75,979.7333333333333,1318.275428881614,932.8,43864
2012,GoC,Sinaloa,2507003958,2375,5,0,0,1,0,1,4370857.578985043,9,always,1,0,0,13.830330858184727,27.75,6691.899999999999,5292.0904331027405,5677.9,150566
2012,GoC,Sinaloa,2507004600,365,1,0,0,1,0,1,297812.6996649425,9,always,1,0,0,13.830330858184727,27.75,1171.2333333333336,1391.4359695953858,1030.3166666666666,11963
2012,GoC,Sinaloa,2507005581,402,1,0,0,1,0,1,341803.57433732896,8,sometimes,0,1,0,13.830330858184727,27.75,2139.3333333333335,1969.7432370145004,1955.25,31400
2012,GoC,Sinaloa,2508000763,365,1,0,0,1,0,0,0,1,sometimes,0,1,0,13.830330858184727,27.75,449.06666666666666,923.5684552820982,362.8333333333333,6850
2012,GoC,Sinaloa,2508000789,605,2,0,0,1,0,1,1171550.880366553,8,sometimes,0,1,0,13.830330858184727,27.75,2209.4999999999995,2526.1012695771415,1757.4166666666665,29930
2012,GoC,Sinaloa,2508001050,730,2,0,0,1,0,1,848766.1940450862,8,sometimes,0,1,0,13.830330858184727,27.75,5387.533333333335,4142.740693377876,4183.9,40184
2012,GoC,Sinaloa,2508005069,1095,3,0,0,1,0,1,1712220.5546125842,8,sometimes,0,1,0,13.830330858184727,27.75,5402.166666666668,5108.761735303221,4241.2,50964
2012,GoC,Sinaloa,2508005234,3069,7,0,0,1,0,1,3328594.6434341846,9,always,1,0,0,13.830330858184727,27.75,9025.93333333333,10435.831063485613,7314.433333333333,114461
2012,GoC,Sinaloa,2508005366,14928,30,0,0,1,0,1,13457636.842350066,9,always,1,0,0,13.830330858184727,27.75,60278.76666666667,54381.3273910486,48469.61666666667,634872
2012,GoC,Sinaloa,2508005374,1582,4,0,0,1,0,1,1466368.624487452,9,always,1,0,0,13.830330858184727,27.75,8016.449999999997,6851.1017361646045,6910.866666666666,70269
2012,GoC,Sinaloa,2508005382,20094,38,0,0,1,0,1,18303238.26116476,9,always,1,0,0,13.830330858184727,27.75,63789.33333333333,64566.95361436342,52556.48333333333,823388
2012,GoC,Sinaloa,2508005408,1615,4,0,0,1,0,1,1168014.255953262,9,always,1,0,0,13.830330858184727,27.75,3794.3833333333323,3883.452542318201,2827.95,38227
2012,GoC,Sinaloa,2508005424,1345,3,0,0,1,0,1,1155140.4171967765,8,sometimes,0,1,0,13.830330858184727,27.75,4777.283333333334,3993.908053067289,3478.416666666667,53898
2012,GoC,Sinaloa,2508005507,1270,3,0,0,1,0,1,1341779.5256394537,8,sometimes,0,1,0,13.830330858184727,27.75,2408.3166666666657,3544.6098075029367,1779.95,38797
2012,GoC,Sinaloa,2508005523,3150,7,0,0,1,0,1,3104972.1726324446,9,always,1,0,0,13.830330858184727,27.75,9825.533333333336,6462.6196590570635,7540.883333333333,185746
2012,GoC,Sinaloa,2508005606,750,2,0,0,1,0,1,618433.3399699496,9,always,1,0,0,13.830330858184727,27.75,2739.1000000000004,2031.7514446175528,1778.0333333333333,32962
2012,GoC,Sinaloa,2508005648,10363,23,0,0,1,0,1,9378391.69509945,9,always,1,0,0,13.830330858184727,27.75,36057.88333333333,33841.11330528913,29295.533333333333,388260
2012,GoC,Sinaloa,2508005705,2315,6,0,0,1,0,1,3450580.5763571584,8,sometimes,0,1,0,13.830330858184727,27.75,13117.833333333332,11023.829899634391,10070.866666666667,107678
2012,GoC,Sinaloa,2508005846,1382,4,0,0,1,0,1,1126923.6762458272,9,always,1,0,0,13.830330858184727,27.75,3504.316666666666,3439.7142367173415,2708.6166666666663,43865
2012,GoC,Sinaloa,2508005853,365,1,0,0,1,0,1,309216.6699849748,8,sometimes,0,1,0,13.830330858184727,27.75,977.383333333333,1469.728119635359,893.0333333333333,13205
2012,GoC,Sinaloa,2508005879,9409,22,0,0,1,0,1,8477572.700395992,9,always,1,0,0,13.830330858184727,27.75,20103.316666666666,21003.754602505844,14102.566666666666,318138
2012,GoC,Sinaloa,2508005937,1202,3,0,0,1,0,1,660223.3561784516,8,sometimes,0,1,0,13.830330858184727,27.75,3363.200000000001,2915.8253582936595,2153.133333333333,32892
2012,GoC,Sinaloa,2508005994,402,1,0,0,1,0,1,315535.2636393528,7,sometimes,0,1,0,13.830330858184727,27.75,1045.1,1126.5401906300938,831.2666666666667,6626
2012,GoC,Sinaloa,2508006125,2430,6,0,0,1,0,1,5891695.478358238,9,always,1,0,0,13.830330858184727,27.75,12682.85,12355.759207683159,10455.483333333334,158982
2012,GoC,Sinaloa,2508006166,480,2,0,0,1,0,1,428533.7004696657,8,sometimes,0,1,0,13.830330858184727,27.75,2330.1666666666665,2169.4540083186316,1701.05,15263
2012,GoC,Sinaloa,2508006208,1102,2,0,0,1,0,1,1704979.020312061,9,always,1,0,0,13.830330858184727,27.75,1011.2333333333332,2581.644689649214,792.4333333333333,45261
2012,GoC,Sinaloa,2508006224,365,1,0,0,1,0,1,335511.2752882542,9,always,1,0,0,13.830330858184727,27.75,777.9333333333332,565.1489545052095,479.23333333333335,10491
2012,GoC,Sinaloa,2508006240,934,2,0,0,1,0,1,783500.3542218163,9,always,1,0,0,13.830330858184727,27.75,1952.3166666666668,1286.9099872554966,1584.8999999999999,50663
2012,GoC,Sinaloa,2508006398,730,2,0,0,1,0,1,309216.6699849748,8,sometimes,0,1,0,13.830330858184727,27.75,2637.4666666666662,4380.620394552345,2229.7666666666664,10233
2012,GoC,Sinaloa,2508006661,550,1,0,0,1,0,0,0,0,never,0,0,1,13.830330858184727,27.75,50,138.39270946587942,13,NA
2012,GoC,Sinaloa,2508006752,402,1,0,0,1,0,0,0,3,sometimes,0,1,0,13.830330858184727,27.75,1551.5833333333333,1740.6435466145972,1216.4333333333334,8083
2012,GoC,Sinaloa,2508006778,16486,37,0,0,1,0,1,10188197.172466667,9,always,1,0,0,13.830330858184727,27.75,43667.899999999994,40260.28357589961,31147.15,539283
2012,GoC,Sinaloa,2508006786,220,1,0,0,1,0,1,315535.2636393528,2,sometimes,0,1,0,13.830330858184727,27.75,77.28333333333333,227.31779601378986,72.28333333333333,4946
2012,GoC,Sinaloa,2508006810,425,1,0,0,1,0,1,351006.6861934767,6,sometimes,0,1,0,13.830330858184727,27.75,282.51666666666665,653.9330927240177,196.4,16300
2012,GoC,Sinaloa,2508006836,2945,7,0,0,1,0,1,2920891.529285777,9,always,1,0,0,13.830330858184727,27.75,9949.133333333335,9574.748493589826,8086.549999999999,161601
2012,GoC,Sinaloa,2508007073,1880,4,0,0,1,0,1,1782616.4719305236,9,always,1,0,0,13.830330858184727,27.75,6944.033333333333,6570.662658429457,5385.783333333333,52772
2012,GoC,Sinaloa,2508007123,623,1,0,0,1,0,1,514453.9527586615,7,sometimes,0,1,0,13.830330858184727,27.75,373.81666666666683,657.216579767329,254.33333333333331,4407
2012,GoC,Sinaloa,2508007388,790,2,0,0,1,0,1,549580.9159833124,4,sometimes,0,1,0,13.830330858184727,27.75,1657.166666666666,1094.0885502002325,1115.5333333333333,58860
2012,GoC,Sinaloa,2508007685,365,1,0,0,1,0,1,281352.2767450896,9,always,1,0,0,13.830330858184727,27.75,1500.4500000000003,2389.512802168223,1359.4333333333334,13281
2012,GoC,Sinaloa,2508007693,355,1,0,0,1,0,1,391750.17711090815,8,sometimes,0,1,0,13.830330858184727,27.75,1490.9166666666663,1086.900812083904,1095.5,8481
2012,GoC,Sinaloa,2508007867,400,1,0,0,1,0,1,214266.85023483285,9,always,1,0,0,13.830330858184727,27.75,1156.5499999999997,1408.6233534282148,806.0333333333333,11504
2012,GoC,Sinaloa,2508007909,2150,6,0,0,1,0,1,1441809.4631341891,8,sometimes,0,1,0,13.830330858184727,27.75,5734.549999999998,4371.569118358628,4032.9666666666662,87294
2012,GoC,Sinaloa,2508007933,1070,2,0,0,1,0,1,685939.4801650587,9,always,1,0,0,13.830330858184727,27.75,3854.2333333333336,3794.172972478902,3375.2666666666664,38929
2012,GoC,Sinaloa,2508007941,470,1,0,0,1,0,1,769380.1511739553,9,always,1,0,0,13.830330858184727,27.75,2083.766666666667,1989.325608705152,1662.5666666666666,22182
2012,GoC,Sinaloa,2508008428,365,1,0,0,1,0,1,228255.5802561775,9,always,1,0,0,13.830330858184727,27.75,1911.9833333333338,2033.077183020494,1669.75,20298
2012,GoC,Sinaloa,2508008444,385,1,0,0,1,0,1,1146376.4252491933,9,always,1,0,0,13.830330858184727,27.75,707.0999999999993,797.6673817666255,572.35,39327
2012,GoC,Sinaloa,2508008469,365,1,0,0,1,0,1,228255.5802561775,9,always,1,0,0,13.830330858184727,27.75,1210.7666666666667,1019.051609335993,1032.6833333333334,20672
2012,GoC,Sinaloa,2508008477,385,1,0,0,1,0,1,783500.3542218163,9,always,1,0,0,13.830330858184727,27.75,734.8000000000001,976.2172178278885,635.4333333333333,38080
2012,GoC,Sinaloa,2508008485,815,2,0,0,1,0,1,1354682.2884617727,9,always,1,0,0,13.830330858184727,27.75,2595.483333333333,2637.046638383379,2043.3833333333332,47881
2012,GoC,Sinaloa,2508008493,785,2,0,0,1,0,1,649424.1617803946,9,always,1,0,0,13.830330858184727,27.75,1775.183333333333,2374.2415164141426,1385.8666666666668,18283
2012,GoC,Sinaloa,2508008733,402,1,0,0,1,0,1,324712.0808901973,9,always,1,0,0,13.830330858184727,27.75,1185.0999999999995,734.0524683554823,803.8333333333334,24748
2012,GoC,Sinaloa,2508009053,10776,24,0,0,1,0,1,7303413.395183355,9,always,1,0,0,13.830330858184727,27.75,30631.649999999998,27246.0364674545,23090.966666666667,352942
2012,GoC,Sinaloa,2508009079,815,2,0,0,1,0,1,649424.1617803946,9,always,1,0,0,13.830330858184727,27.75,2180.333333333333,2697.3627477553073,1844.75,41127
2012,GoC,Sinaloa,2508009095,365,1,0,0,1,0,1,309216.6699849748,8,sometimes,0,1,0,13.830330858184727,27.75,1851.4000000000005,1630.854450922829,1372.1333333333332,14504
2012,GoC,Sinaloa,2508009111,365,1,0,0,1,0,1,282922.06468169537,7,sometimes,0,1,0,13.830330858184727,27.75,944.6499999999999,1098.5799093714386,834.9499999999999,26015
2012,GoC,Sinaloa,2508009202,365,1,0,0,1,0,1,607397.4941241632,8,sometimes,0,1,0,13.830330858184727,27.75,1001.2333333333336,700.5420671518722,700.7833333333333,34345
2012,GoC,Sinaloa,2508009210,402,1,0,0,1,0,1,649424.1617803946,9,always,1,0,0,13.830330858184727,27.75,1735.3166666666666,1828.3754085885532,1301.5333333333333,37233
2012,GoC,Sinaloa,2508009368,500,1,0,0,1,0,1,490657.33495919366,8,sometimes,0,1,0,13.830330858184727,27.75,1735.583333333333,1854.4696758989187,1541.85,11891
2012,GoC,Sinaloa,2508009822,730,2,0,0,1,0,1,1298848.3235607892,8,sometimes,0,1,0,13.830330858184727,27.75,2564.5333333333338,2696.1994531008795,1973.5833333333335,37470
2012,GoC,Sinaloa,2508009897,1630,4,0,0,1,0,1,1064476.618111069,8,sometimes,0,1,0,13.830330858184727,27.75,4806.483333333335,5339.26513249732,3579.683333333333,62248
2012,GoC,Sinaloa,2508009921,2505,5,0,0,1,0,1,4054975.226555687,9,always,1,0,0,13.830330858184727,27.75,9734.483333333334,9642.624241939911,7919.5999999999995,109672
2012,GoC,Sinaloa,2508009947,365,1,0,0,1,0,1,318690.6162757463,9,always,1,0,0,13.830330858184727,27.75,1839.25,1945.5938832178765,1640.9,13869
2012,GoC,Sinaloa,2508010168,894,2,0,0,1,0,1,289240.6583360734,9,always,1,0,0,13.830330858184727,27.75,2326.25,3579.545521398719,2118.9333333333334,8644
2012,GoC,Sinaloa,2508010341,335,1,0,0,1,0,1,292953.45660489646,6,sometimes,0,1,0,13.830330858184727,27.75,1010.8000000000001,717.7430323561903,797.5833333333334,11278
2012,GoC,Sinaloa,2508010481,1040,2,0,0,1,0,1,1318595.5721435521,8,sometimes,0,1,0,13.830330858184727,27.75,1390.95,1210.2813185185903,1248.4166666666665,45790
2012,GoC,Sinaloa,2508010507,520,1,0,0,1,0,1,365455.5718076288,9,always,1,0,0,13.830330858184727,27.75,406.05,1422.926877405994,305.81666666666666,6713
2012,GoC,Sinaloa,2508010515,440,1,0,0,1,0,1,389817.5236211171,7,sometimes,0,1,0,13.830330858184727,27.75,777.9333333333328,552.90632240268,561.6166666666667,13310
2012,GoC,Sinaloa,2508010556,822,2,0,0,1,0,1,1214447.8994583231,9,always,1,0,0,13.830330858184727,27.75,3623.8500000000004,2593.8559407863117,2657.6833333333334,91447
2012,GoC,Sinaloa,2508010614,365,1,0,0,1,0,1,649424.1617803946,9,always,1,0,0,13.830330858184727,27.75,1512.6666666666663,1339.6230341297314,1154.2333333333333,19368
2012,GoC,Sinaloa,2508010762,2027,5,0,0,1,0,1,1642955.3053226855,9,always,1,0,0,13.830330858184727,27.75,5485.299999999999,4653.288347404554,3993.5,96354
2012,GoC,Sinaloa,2508010788,1751,5,0,0,1,0,1,453823.8518503598,9,always,1,0,0,13.830330858184727,27.75,5058.033333333332,4487.042761191193,3512.8333333333335,32165
2012,GoC,Sinaloa,2508010838,1429,4,0,0,1,0,1,1280494.6890591003,9,always,1,0,0,13.830330858184727,27.75,4240.283333333332,5591.276382390983,3150.6499999999996,67914
2012,GoC,Sinaloa,2508010986,1150,3,0,0,1,0,1,1278656.6961484011,9,always,1,0,0,13.830330858184727,27.75,4142.15,4840.741064197328,3268.3166666666666,67276
2012,GoC,Sinaloa,2508011182,7989,18,0,0,1,0,1,6523849.343375439,9,always,1,0,0,13.830330858184727,27.75,28547.583333333332,25623.529778781744,22153.7,344363
2012,GoC,Sinaloa,2508011232,365,1,0,0,1,0,1,346581.3041209348,6,sometimes,0,1,0,13.830330858184727,27.75,835.4666666666672,1712.5672651837672,688.7333333333333,12958
2012,GoC,Sinaloa,2508011240,2281,4,0,0,1,0,1,2709501.3088711225,9,always,1,0,0,13.830330858184727,27.75,6010.583333333334,5655.487774819371,5333.533333333333,55059
2012,GoC,Sinaloa,2508011265,365,1,0,0,1,0,1,565844.1293633907,7,sometimes,0,1,0,13.830330858184727,27.75,594.7833333333334,1033.5230672766236,384.09999999999997,14100
2012,GoC,Sinaloa,2508011489,413,1,0,0,1,0,1,593337.7686684997,8,sometimes,0,1,0,13.830330858184727,27.75,888.9499999999996,1081.0976043235041,805.2166666666666,23418
2012,GoC,Sinaloa,2508011547,857,2,0,0,1,0,1,1371158.4881448078,9,always,1,0,0,13.830330858184727,27.75,3088.250000000001,3482.2137527394557,2386.1,53921
2012,GoC,Sinaloa,2508011992,365,1,0,0,1,0,1,309216.6699849748,6,sometimes,0,1,0,13.830330858184727,27.75,1635.7500000000002,1786.5012952365128,1445.05,6638
2012,GoC,Sinaloa,2508013790,1169,3,0,0,1,0,1,1026120.6773551754,8,sometimes,0,1,0,13.830330858184727,27.75,4397.166666666665,1743.1540761697956,3341.9833333333336,65569
2012,GoC,Sinaloa,2508014624,365,1,0,0,1,0,1,565844.1293633907,7,sometimes,0,1,0,13.830330858184727,27.75,1681.5166666666662,2208.052463254328,1271.7166666666667,27276
2012,GoC,Sinaloa,2508014632,365,1,0,0,1,0,1,855232.0374891625,9,always,1,0,0,13.830330858184727,27.75,566.1666666666665,811.3077846287213,491.0333333333333,14425
2012,GoC,Sinaloa,2508015001,1091,3,0,0,1,0,1,1267557.743249887,8,sometimes,0,1,0,13.830330858184727,27.75,1806.9833333333331,3326.358787254954,1456.5,64592
2012,GoC,Sinaloa,2508015969,365,1,0,0,1,0,1,310373.63261831907,8,sometimes,0,1,0,13.830330858184727,27.75,1185.6499999999999,1330.9966236164414,898.0500000000001,4921
2012,GoC,Sinaloa,2508016041,503,1,0,0,1,0,0,0,6,sometimes,0,1,0,13.830330858184727,27.75,650.2833333333338,839.7245494775951,449.48333333333335,10584
2012,GoC,Sinaloa,2508016348,900,2,0,0,1,0,0,0,0,never,0,0,1,13.830330858184727,27.75,903.5833333333337,1953.825094354314,798.7666666666667,NA
2012,GoC,Sinaloa,2508016678,775,2,0,0,1,0,0,0,5,sometimes,0,1,0,13.830330858184727,27.75,1412.766666666666,2248.321716889729,985.0666666666667,NA
2012,GoC,Sinaloa,2508016751,1045,2,0,0,1,0,0,0,5,sometimes,0,1,0,13.830330858184727,27.75,1842.0666666666662,2687.5675989621614,1621.5666666666666,NA
2012,GoC,Sinaloa,2508016843,7571,18,0,0,1,0,0,0,5,sometimes,0,1,0,13.830330858184727,27.75,24884.68333333333,28598.326670097817,17776.283333333333,NA
2012,GoC,Sinaloa,2508017585,767,2,0,0,1,0,0,0,4,sometimes,0,1,0,13.830330858184727,27.75,1340.6666666666665,1863.9682391558558,1065.8833333333332,NA
2012,GoC,Sinaloa,2508018161,967,2,0,0,1,0,0,0,2,sometimes,0,1,0,13.830330858184727,27.75,1084.2333333333333,3105.4615945866944,1001.5999999999999,NA
2012,GoC,Sinaloa,2508072853,960,2,0,0,1,0,0,0,0,never,0,0,1,13.830330858184727,27.75,2472.0999999999995,3063.9512621226804,2014.6,NA
2012,GoC,Sinaloa,2508072879,2184,4,0,0,1,0,0,0,0,never,0,0,1,13.830330858184727,27.75,7639.2000000000035,5613.667557030332,5610.533333333334,NA
2012,GoC,Sinaloa,2511000065,1460,4,0,0,1,0,1,1198981.4126189342,8,sometimes,0,1,0,13.830330858184727,27.75,5132.799999999999,4676.713509556949,4670.4,66617
2012,GoC,Sinaloa,2511000099,1192,3,0,0,1,0,1,578507.6112774501,9,always,1,0,0,13.830330858184727,27.75,3043.9666666666662,3865.892472491644,2827.983333333333,45489
2012,GoC,Sinaloa,2511000917,365,1,0,0,1,0,0,0,8,sometimes,0,1,0,13.830330858184727,27.75,47,125.10830902788585,47,NA
2012,GoC,Sinaloa,2511001345,1993,5,0,0,1,0,1,1304746.2035303148,8,sometimes,0,1,0,13.830330858184727,27.75,5949.266666666667,7487.987912011148,5604.283333333333,78420
2012,GoC,Sinaloa,2511001436,510,1,0,0,1,0,1,683607.1486746579,9,always,1,0,0,13.830330858184727,27.75,604.9499999999999,1074.4056838605857,494.1333333333333,5345
2012,GoC,Sinaloa,2511001691,425,1,0,0,1,0,1,280694.9116125076,9,always,1,0,0,13.830330858184727,27.75,1127.1333333333332,939.1999859724015,711.55,7134
2012,GoC,Sinaloa,2511001790,513,1,0,0,1,0,1,1741228.7631831618,9,always,1,0,0,13.830330858184727,27.75,817.6999999999997,882.3750106746677,632.1,67956
2012,GoC,Sinaloa,2511001972,450,1,0,0,1,0,1,378642.3163672234,8,sometimes,0,1,0,13.830330858184727,27.75,345.2166666666667,779.459976934002,314.68333333333334,8550
2012,GoC,Sinaloa,2511002020,425,1,0,0,1,0,1,187972.24493155346,7,sometimes,0,1,0,13.830330858184727,27.75,306.4833333333333,346.9966131850958,279.5,4655
2012,GoC,Sinaloa,2511002079,365,1,0,0,1,0,1,556788.2672969414,8,sometimes,0,1,0,13.830330858184727,27.75,676.9999999999999,1134.1830055554597,613.8000000000001,10470
2012,GoC,Sinaloa,2511002111,342,1,0,0,1,0,1,280694.9116125076,9,always,1,0,0,13.830330858184727,27.75,1762.4666666666665,1373.8944634930806,1652.4166666666667,23883
2012,GoC,Sinaloa,2511002145,365,1,0,0,1,0,1,236651.44772951462,9,always,1,0,0,13.830330858184727,27.75,794.4000000000003,628.5780931163928,755.2166666666667,20770
2012,GoC,Sinaloa,2511002236,1995,5,0,0,1,0,0,0,4,sometimes,0,1,0,13.830330858184727,27.75,4470.983333333334,6465.791825003281,3988.2333333333336,NA
2012,GoC,Sinaloa,2511002244,338,1,0,0,1,0,0,0,2,sometimes,0,1,0,13.830330858184727,27.75,1041.4833333333331,990.7363457195474,874.15,NA
2012,GoC,Sinaloa,2511002277,455,1,0,0,1,0,0,0,0,never,0,0,1,13.830330858184727,27.75,88.9,147.3206465056128,87.95,NA
2012,GoC,Sinaloa,2511002293,365,1,0,0,1,0,0,0,3,sometimes,0,1,0,13.830330858184727,27.75,712.2833333333331,981.3980698621676,440.9,NA
2012,GoC,Sinaloa,2511003028,365,1,0,0,1,0,1,589682.8185313438,4,sometimes,0,1,0,13.830330858184727,27.75,708.9833333333333,1176.614658753497,625.1666666666666,7400
2012,GoC,Sonora,2603007499,1490,3,0,0,1,0,0,0,6,sometimes,0,1,0,13.830330858184727,27.75,5351.549999999999,3590.7163202191614,3668.116666666667,NA
2012,GoC,Sonora,2604000923,1206,3,0,0,1,0,1,324712.0808901973,6,sometimes,0,1,0,13.830330858184727,27.75,1309.2499999999998,2517.39267592048,1084.9833333333333,164784
2012,GoC,Sonora,2604001616,365,1,0,0,1,0,1,282922.06468169537,8,sometimes,0,1,0,13.830330858184727,27.75,1380.5000000000002,1534.031644969394,1297,14000
2012,GoC,Sonora,2604001848,350,1,0,0,1,0,0,0,6,sometimes,0,1,0,13.830330858184727,27.75,935.5833333333334,1169.1863080593048,831.9499999999999,5960
2012,GoC,Sonora,2604004883,1875,5,0,0,1,0,1,1623315.864621666,6,sometimes,0,1,0,13.830330858184727,27.75,2412.116666666667,4902.575229438985,2282.483333333333,174030
2012,GoC,Sonora,2604006003,402,1,0,0,1,0,1,341803.57433732896,9,always,1,0,0,13.830330858184727,27.75,1317.4166666666663,1367.3777911780041,1144.7166666666667,24300
2012,GoC,Sonora,2604006086,385,1,0,0,1,0,1,305543.31362410664,7,sometimes,0,1,0,13.830330858184727,27.75,541.8499999999999,477.862484620874,462.46666666666664,11061
2012,GoC,Sonora,2604006110,13106,26,0,0,1,0,1,19633910.945524104,9,always,1,0,0,13.830330858184727,27.75,27158.366666666665,32071.241501107615,22996.016666666666,475729
2012,GoC,Sonora,2604006342,1255,3,0,0,1,0,1,1306050.4159533575,8,sometimes,0,1,0,13.830330858184727,27.75,1149.8833333333332,1586.679366479261,1038.0833333333333,30374
2012,GoC,Sonora,2604006433,525,1,0,0,1,0,1,315535.2636393528,8,sometimes,0,1,0,13.830330858184727,27.75,1150.8666666666663,1176.2835231197269,939.1666666666666,16918
2012,GoC,Sonora,2604006458,867,2,0,0,1,0,1,699086.7828166984,8,sometimes,0,1,0,13.830330858184727,27.75,1806.3000000000002,1567.8753130496107,1773.9833333333333,87790
2012,GoC,Sonora,2604006839,365,1,0,0,1,0,1,282922.06468169537,7,sometimes,0,1,0,13.830330858184727,27.75,537.1666666666665,650.4840194734088,512.4833333333333,10968
2012,GoC,Sonora,2604007514,750,2,0,0,1,0,1,1217755.7608054755,8,sometimes,0,1,0,13.830330858184727,27.75,934.0833333333335,1356.615088717815,747.1833333333333,34173
2012,GoC,Sonora,2604007720,2065,5,0,0,1,0,1,2417418.203701765,9,always,1,0,0,13.830330858184727,27.75,5778.7333333333345,6385.02933340063,5101.516666666666,87777
2012,GoC,Sonora,2604007803,365,1,0,0,1,0,1,276093.3556844337,9,always,1,0,0,13.830330858184727,27.75,796.433333333333,796.8527186283567,668.1666666666666,12900
2012,GoC,Sonora,2604007811,1619,3,0,0,1,0,1,1262666.9466634768,9,always,1,0,0,13.830330858184727,27.75,1321.5333333333335,1599.5197235003661,1194.65,50557
2012,GoC,Sonora,2604007845,425,1,0,0,1,0,1,1284344.2192755004,9,always,1,0,0,13.830330858184727,27.75,836.6166666666661,1540.874856109735,715.9666666666666,16854
2012,GoC,Sonora,2604007860,503,1,0,0,1,0,0,0,7,sometimes,0,1,0,13.830330858184727,27.75,1771.0166666666667,1195.2664517456903,1145.0833333333333,15675
2012,GoC,Sonora,2604008074,520,1,0,0,1,0,1,438068.1243526348,2,sometimes,0,1,0,13.830330858184727,27.75,135.41666666666669,575.1305662918037,125.4,800
2012,GoC,Sonora,2604008082,420,1,0,0,1,0,1,341803.57433732896,9,always,1,0,0,13.830330858184727,27.75,273.83333333333326,420.99326058187995,237.8,7066
2012,GoC,Sonora,2604008116,365,1,0,0,1,0,1,282922.06468169537,7,sometimes,0,1,0,13.830330858184727,27.75,340.76666666666625,653.7961776281003,317.73333333333335,8350
2012,GoC,Sonora,2604008165,1300,3,0,0,1,0,1,2074565.4746128349,8,sometimes,0,1,0,13.830330858184727,27.75,2921.2166666666662,3984.026814587508,2756.4666666666667,43150
2012,GoC,Sonora,2604008322,875,2,0,0,1,0,1,748212.9939048154,8,sometimes,0,1,0,13.830330858184727,27.75,838.2833333333332,1896.8524525997293,786.3,25400
2012,GoC,Sonora,2604008447,1275,3,0,0,1,0,1,1754536.4629271517,9,always,1,0,0,13.830330858184727,27.75,2833.816666666667,3798.9327542704036,2501.0666666666666,27475
2012,GoC,Sonora,2604008637,240,1,0,0,1,0,1,181301.30356611148,6,sometimes,0,1,0,13.830330858184727,27.75,466.21666666666647,542.058910588839,369.51666666666665,6109
2012,GoC,Sonora,2604008686,240,1,0,0,1,0,1,187972.24493155346,3,sometimes,0,1,0,13.830330858184727,27.75,209.8666666666667,470.6409251081776,199.88333333333333,2750
2012,GoC,Sonora,2604009023,225,1,0,0,1,0,1,187972.24493155346,8,sometimes,0,1,0,13.830330858184727,27.75,509.08333333333366,398.23988895707436,474.1166666666666,28000
2012,GoC,Sonora,2604009171,7080,14,0,0,1,0,1,6242470.772025046,9,always,1,0,0,13.830330858184727,27.75,18363.583333333332,15799.692222591999,14015.883333333333,256893
2012,GoC,Sonora,2604009775,1790,4,0,0,1,0,1,2704978.6367589585,5,sometimes,0,1,0,13.830330858184727,27.75,885.0333333333334,1309.7257280417286,670.2166666666667,68500
2012,GoC,Sonora,2604009809,1890,4,0,0,1,0,1,1306757.7408360157,9,always,1,0,0,13.830330858184727,27.75,2204.95,3593.4574618654087,1923.2833333333333,28350
2012,GoC,Sonora,2604009999,826,2,0,0,1,0,1,683607.1486746579,9,always,1,0,0,13.830330858184727,27.75,580.9999999999999,1096.4933803960873,525.6833333333333,11550
2012,GoC,Sonora,2604010336,1125,1,0,0,1,0,0,0,2,sometimes,0,1,0,13.830330858184727,27.75,28.89999999999999,59.86309856891155,11.75,NA
2012,GoC,Sonora,2604010476,730,2,0,0,1,0,1,451207.53862268355,7,sometimes,0,1,0,13.830330858184727,27.75,903.6500000000001,2180.654089790703,785.5666666666666,9488
2012,GoC,Sonora,2604010609,402,1,0,0,1,0,1,341803.57433732896,8,sometimes,0,1,0,13.830330858184727,27.75,781.4666666666664,748.3774589362133,592.4,12600
2012,GoC,Sonora,2604010641,1890,5,0,0,1,0,1,3220555.36916407,8,sometimes,0,1,0,13.830330858184727,27.75,4196.116666666665,6095.751308977162,3780.4333333333334,85727
2012,GoC,Sonora,2604010781,520,1,0,0,1,0,1,416164.71813500306,9,always,1,0,0,13.830330858184727,27.75,1661.1166666666668,1164.054407627283,1371.8166666666666,21961
2012,GoC,Sonora,2604011133,835,2,0,0,1,0,1,282922.06468169537,6,sometimes,0,1,0,13.830330858184727,27.75,1547.483333333334,1555.0499629176115,1409.5666666666666,8000
2012,GoC,Sonora,2604011300,2155,4,0,0,1,0,1,1642800.1671513962,9,always,1,0,0,13.830330858184727,27.75,5464.616666666668,4256.109761159774,3851.333333333333,72612
2012,GoC,Sonora,2604011409,4034,10,0,0,1,0,1,3559132.5954306866,9,always,1,0,0,13.830330858184727,27.75,7143.083333333334,11132.171966107613,6059.933333333333,154320
2012,GoC,Sonora,2604011425,425,1,0,0,1,0,1,363522.9183178377,8,sometimes,0,1,0,13.830330858184727,27.75,2022.5499999999997,1064.996876121617,1841.05,15759
2012,GoC,Sonora,2604011458,1438,3,0,0,1,0,0,0,7,sometimes,0,1,0,13.830330858184727,27.75,1980.6000000000004,2638.9315380016565,1696.3333333333335,23910
2012,GoC,Sonora,2604011540,365,1,0,0,1,0,1,297812.6996649425,9,always,1,0,0,13.830330858184727,27.75,643.5833333333333,640.7852302389699,605.4333333333333,11750
2012,GoC,Sonora,2604011557,1003,2,0,0,1,0,1,1485040.4237133109,9,always,1,0,0,13.830330858184727,27.75,1716.8166666666666,2728.266144090656,1513.15,13100
2012,GoC,Sonora,2604011573,1212,3,0,0,1,0,1,1222620.2627865823,8,sometimes,0,1,0,13.830330858184727,27.75,1556.816666666667,2854.5501547870085,1365.4833333333333,22680
2012,GoC,Sonora,2604011581,425,1,0,0,1,0,1,345345.45767168066,9,always,1,0,0,13.830330858184727,27.75,722.9499999999999,775.6340361952033,707.2833333333333,13469
2012,GoC,Sonora,2604011664,1220,3,0,0,1,0,1,608685.9297840239,8,sometimes,0,1,0,13.830330858184727,27.75,757.2333333333335,2193.5424826153417,694.25,12920
2012,GoC,Sonora,2604609947,365,1,0,0,1,0,0,0,6,sometimes,0,1,0,13.830330858184727,27.75,1177.1666666666665,1066.5226838166843,1108.6,NA
2012,GoC,Sonora,2604609970,365,1,0,0,1,0,0,0,3,sometimes,0,1,0,13.830330858184727,27.75,201.33333333333331,423.5251726569244,188.31666666666666,NA
2012,GoC,Sonora,2604612081,708,2,0,0,1,0,0,0,3,sometimes,0,1,0,13.830330858184727,27.75,595.25,957.8239352285218,543.8333333333334,NA
2012,GoC,Sonora,2604612750,420,1,0,0,1,0,0,0,5,sometimes,0,1,0,13.830330858184727,27.75,474.8333333333333,678.8180871447659,435.84999999999997,NA
2012,GoC,Sonora,2604613758,425,1,0,0,1,0,0,0,5,sometimes,0,1,0,13.830330858184727,27.75,304.33333333333326,457.46697833655656,290.3833333333333,NA
2012,GoC,Sonora,2604615076,355,1,0,0,1,0,0,0,1,sometimes,0,1,0,13.830330858184727,27.75,937.9333333333335,1168.5526591024418,808.0833333333334,NA
2012,GoC,Sonora,2604615274,2080,4,0,0,1,0,0,0,0,never,0,0,1,13.830330858184727,27.75,3321.2333333333336,5330.090138352879,2866.25,NA
2012,GoC,Sonora,2607002082,2390,5,0,0,1,0,1,1249900.9157887348,9,always,1,0,0,13.830330858184727,27.75,6381.8166666666675,4664.181515881897,3947.2666666666664,63959
2012,GoC,Sonora,2607002108,400,1,0,0,1,0,0,0,4,sometimes,0,1,0,13.830330858184727,27.75,415.56666666666644,957.327741805481,329.01666666666665,4595
2012,GoC,Sonora,2607002389,614,1,0,0,1,0,0,0,6,sometimes,0,1,0,13.830330858184727,27.75,627.3666666666667,1056.2557044800872,467.3,11923
2012,GoC,Sonora,2607002660,889,1,0,0,1,0,1,384690.07558697765,5,sometimes,0,1,0,13.830330858184727,27.75,1142.8666666666666,566.4119582331803,626.7333333333333,18833
2012,GoC,Sonora,2607002678,405,1,0,0,1,0,1,184062.23712295582,7,sometimes,0,1,0,13.830330858184727,27.75,1011.9833333333329,1042.9746624745121,856.25,11890
2012,GoC,Sonora,2607003130,540,1,0,0,1,0,1,363522.9183178377,7,sometimes,0,1,0,13.830330858184727,27.75,2159.900000000001,926.9085188299675,1378.9666666666667,15783
2012,GoC,Sonora,2607003387,3210,5,0,0,1,0,1,2151487.7129670484,8,sometimes,0,1,0,13.830330858184727,27.75,7479.116666666666,6425.480972509621,5426.533333333333,70716
2012,GoC,Sonora,2607003452,450,1,0,0,1,0,1,384690.07558697765,9,always,1,0,0,13.830330858184727,27.75,2259.0333333333338,1200.61637229188,1296.0333333333333,22410
2012,GoC,Sonora,2607003460,2913,5,0,0,1,0,1,3332423.137966342,8,sometimes,0,1,0,13.830330858184727,27.75,9266.083333333334,7925.1780804131395,6978.383333333333,160855
2012,GoC,Sonora,2607003569,365,1,0,0,1,0,0,0,5,sometimes,0,1,0,13.830330858184727,27.75,498.0166666666667,509.6314486813445,354.48333333333335,NA
2012,GoC,Sonora,2607003676,365,1,0,0,1,0,1,297812.6996649425,7,sometimes,0,1,0,13.830330858184727,27.75,1881.1499999999996,953.5338808152621,1302.4666666666667,11121
2012,GoC,Sonora,2607003700,1250,3,0,0,1,0,1,801591.0426704725,8,sometimes,0,1,0,13.830330858184727,27.75,4355.166666666666,3537.240413981375,3062.333333333333,29612
2012,GoC,Sonora,2607003726,402,1,0,0,1,0,1,341803.57433732896,8,sometimes,0,1,0,13.830330858184727,27.75,1453.5333333333326,1065.5748348840918,1075.3333333333333,15013
2012,GoC,Sonora,2607003734,920,2,0,0,1,0,1,384690.07558697765,9,always,1,0,0,13.830330858184727,27.75,2574.666666666667,3484.1594278050025,2147.1,25744
2012,GoC,Sonora,2607003874,365,1,0,0,1,0,1,282922.06468169537,7,sometimes,0,1,0,13.830330858184727,27.75,1519.9999999999998,1352.101078709487,1260.7,22072
2012,GoC,Sonora,2607003890,989,2,0,0,1,0,1,1261772.9300831654,9,always,1,0,0,13.830330858184727,27.75,5404.199999999998,2015.3686954966342,3271.5333333333338,54869
2012,GoC,Sonora,2607003981,624,1,0,0,1,0,0,0,0,never,0,0,1,13.830330858184727,27.75,1010.7333333333338,1231.7862665179896,900.4333333333333,NA
2012,GoC,Sonora,2607004054,989,2,0,0,1,0,1,769380.1511739553,9,always,1,0,0,13.830330858184727,27.75,5106.000000000002,2897.3180034043007,3935.9666666666667,26011
2012,GoC,Sonora,2607004070,624,1,0,0,1,0,0,0,6,sometimes,0,1,0,13.830330858184727,27.75,1221.0666666666668,1026.7637270281705,1089.9,22712
2012,GoC,Sonora,2607004088,1569,3,0,0,1,0,1,105178.4212131176,8,sometimes,0,1,0,13.830330858184727,27.75,3075.8999999999996,3175.3048285359673,2209.45,10828
2012,GoC,Sonora,2607004104,1335,3,0,0,1,0,1,682502.7752519201,8,sometimes,0,1,0,13.830330858184727,27.75,7681.883333333331,3850.3953805398914,5302.666666666666,29626
2012,GoC,Sonora,2607004138,520,1,0,0,1,0,0,0,7,sometimes,0,1,0,13.830330858184727,27.75,792.7666666666665,1258.1078188029983,640.6333333333333,11726
2012,GoC,Sonora,2607004179,450,1,0,0,1,0,1,365455.5718076288,8,sometimes,0,1,0,13.830330858184727,27.75,1490.3166666666664,1041.803076198171,1098.3333333333333,15506
2012,GoC,Sonora,2607004203,450,1,0,0,1,0,0,0,0,never,0,0,1,13.830330858184727,27.75,1043.3999999999996,1111.9046692391114,890.0166666666667,10707
2012,GoC,Sonora,2607004294,365,1,0,0,1,0,1,184062.23712295582,9,always,1,0,0,13.830330858184727,27.75,970.1500000000002,1176.5103928423325,895.2833333333334,7785
2012,GoC,Sonora,2607004302,420,1,0,0,1,0,1,341803.57433732896,8,sometimes,0,1,0,13.830330858184727,27.75,1333.0000000000005,851.1884114172635,861.45,20145
2012,GoC,Sonora,2607004351,450,1,0,0,1,0,1,384690.07558697765,8,sometimes,0,1,0,13.830330858184727,27.75,1542.7333333333333,1026.2557980740137,949.4499999999999,9015
2012,GoC,Sonora,2607004369,540,1,0,0,1,0,1,465677.4599210782,7,sometimes,0,1,0,13.830330858184727,27.75,1649.5666666666662,1306.5933930092121,1219.8833333333332,13058
2012,GoC,Sonora,2607004385,840,2,0,0,1,0,1,485784.94459649595,8,sometimes,0,1,0,13.830330858184727,27.75,1899.8666666666668,1571.1981054536116,1095.0833333333335,15754
2012,GoC,Sonora,2607004393,624,1,0,0,1,0,1,262946.05303279404,8,sometimes,0,1,0,13.830330858184727,27.75,1972.3333333333344,624.9791413636809,1165.5,15594
2012,GoC,Sonora,2607004401,624,1,0,0,1,0,1,908873.0323078525,9,always,1,0,0,13.830330858184727,27.75,2552.8833333333314,1371.476075668516,1804.4333333333334,23280
2012,GoC,Sonora,2607010853,450,1,0,0,1,0,1,384690.07558697765,9,always,1,0,0,13.830330858184727,27.75,1427.9166666666658,1232.6994328106398,1023.8666666666667,8951
2012,GoC,Sonora,2607010861,450,1,0,0,1,0,0,0,8,sometimes,0,1,0,13.830330858184727,27.75,1490.3,787.5469523059926,1014.2333333333333,14465
2012,GoC,Sonora,2607100043,402,1,0,0,1,0,0,0,5,sometimes,0,1,0,13.830330858184727,27.75,535.6333333333334,1145.573767723689,505.54999999999995,NA
2012,GoC,Sonora,2607100142,450,1,0,0,1,0,0,0,3,sometimes,0,1,0,13.830330858184727,27.75,1592.7166666666665,1203.6349063694963,1049.25,NA
2012,GoC,Sonora,2607101918,503,1,0,0,1,0,0,0,5,sometimes,0,1,0,13.830330858184727,27.75,1333.5166666666662,884.394472708682,1029.3166666666666,NA
2012,GoC,Sonora,2607603012,2267,5,0,0,1,0,1,965424.8399336155,7,sometimes,0,1,0,13.830330858184727,27.75,4760.283333333333,4639.783497508572,3756.733333333333,110868
2012,GoC,Sonora,2607603699,540,1,0,0,1,0,0,0,5,sometimes,0,1,0,13.830330858184727,27.75,1579.1000000000001,847.6665917603223,1351.2833333333333,11657
2012,GoC,Sonora,2607603707,2308,4,0,0,1,0,0,0,7,sometimes,0,1,0,13.830330858184727,27.75,6156.133333333334,5173.398335058897,4237.533333333333,NA
2012,GoC,Sonora,2607603772,520,1,0,0,1,0,1,236651.44772951462,7,sometimes,0,1,0,13.830330858184727,27.75,1431.9333333333336,1066.4788622237163,1045.6,13000
2012,GoC,Sonora,2607603798,1510,3,0,0,1,0,0,0,4,sometimes,0,1,0,13.830330858184727,27.75,5313.516666666667,2930.7136314409736,3369.733333333333,NA
2012,GoC,Sonora,2607604549,503,1,0,0,1,0,0,0,3,sometimes,0,1,0,13.830330858184727,27.75,2758.566666666666,1133.598748207429,1771.1,NA
2012,GoC,Sonora,2607604572,624,1,0,0,1,0,0,0,0,never,0,0,1,13.830330858184727,27.75,984.5500000000003,1099.8439346433504,801,NA
2012,GoC,Sonora,2607604754,450,1,0,0,1,0,0,0,0,never,0,0,1,13.830330858184727,27.75,247.0499999999999,776.7635556572558,194.3,NA
2012,GoC,Sonora,2609002015,425,1,0,0,1,0,0,0,4,sometimes,0,1,0,13.830330858184727,27.75,534.6666666666664,584.4233934116769,527.6666666666666,4500
2012,GoM,Tamaulipas,0402006290,1750,4,0,0,1,0,1,1416727.039135391,8,sometimes,0,1,0,13.830330858184727,27.75,4801.983333333333,4124.713553230707,3654.416666666667,86355
2012,GoM,Tamaulipas,2808000679,402,1,0,0,1,0,1,420687.39024716715,9,always,1,0,0,13.830330858184727,27.75,1933.699999999999,1126.8639409251446,1155.8,29520
2012,GoM,Tamaulipas,2808000885,730,2,0,0,1,0,1,700803.8205430026,8,sometimes,0,1,0,13.830330858184727,27.75,3480.6000000000004,2052.070117590841,2048.6,41955
2012,GoM,Tamaulipas,2808001503,5200,13,0,0,1,0,1,4643574.707348536,9,always,1,0,0,13.830330858184727,27.75,22155.283333333333,8884.214410465234,13189.5,392070
2012,GoM,Tamaulipas,2808002543,502,1,0,0,1,0,1,3405143.4983930914,9,always,1,0,0,13.830330858184727,27.75,2590.3500000000004,1351.7063306300877,1565.8333333333333,217289
2012,GoM,Tamaulipas,2808002758,425,1,0,0,1,0,1,915683.3350814019,9,always,1,0,0,13.830330858184727,27.75,1789.4500000000003,489.7605019869841,898.6166666666667,99213
2012,GoM,Tamaulipas,2808002790,767,2,0,0,1,0,1,937428.9736672139,9,always,1,0,0,13.830330858184727,27.75,2884,986.8618809175781,1501.4166666666665,87032
2012,GoM,Tamaulipas,2808003475,790,2,0,0,1,0,1,660678.2528501982,9,always,1,0,0,13.830330858184727,27.75,4537.066666666667,3333.0155380296924,3137.3,84148
2012,GoM,Tamaulipas,2808004220,1936,5,0,0,1,0,1,1621036.1223418717,9,always,1,0,0,13.830330858184727,27.75,7073.6333333333305,3360.5504805931087,3408.616666666667,121975
2012,GoM,Tamaulipas,2808004226,1132,3,0,0,1,0,1,639616.2740022715,9,always,1,0,0,13.830330858184727,27.75,3435.633333333333,3749.89186800288,2262.35,40635
2012,GoM,Tamaulipas,2808004283,1080,2,0,0,1,0,1,983023.8192631004,9,always,1,0,0,13.830330858184727,27.75,5688.63333333333,1221.6103635868549,2791.95,133134
2012,GoM,Tamaulipas,2808004564,425,1,0,0,1,0,1,363522.9183178377,9,always,1,0,0,13.830330858184727,27.75,2261.6,987.7619585189009,1355.5,24325
2012,GoM,Tamaulipas,2808004598,365,1,0,0,1,0,1,297812.6996649425,9,always,1,0,0,13.830330858184727,27.75,1169.0833333333335,880.597781739522,926.9,23253
2012,GoM,Tamaulipas,2808004622,1500,3,0,0,1,0,1,1866364.7898214685,9,always,1,0,0,13.830330858184727,27.75,6413.383333333333,2837.7812473071344,3969.3999999999996,119298
2012,GoM,Tamaulipas,2808004812,405,1,0,0,1,0,1,341803.57433732896,9,always,1,0,0,13.830330858184727,27.75,1938.1666666666672,1537.0144430644038,1359.6333333333334,27940
2012,GoM,Tamaulipas,2808004895,787,2,0,0,1,0,1,639616.2740022715,9,always,1,0,0,13.830330858184727,27.75,3943.5166666666655,1351.3391242503812,1703.7833333333333,70570
2012,GoM,Tamaulipas,2808004986,365,1,0,0,1,0,1,297812.6996649425,6,sometimes,0,1,0,13.830330858184727,27.75,627.9999999999999,772.2508174257474,585.8166666666666,12084
2012,GoM,Tamaulipas,2808005041,2860,7,0,0,1,0,1,1823451.9939665166,9,always,1,0,0,13.830330858184727,27.75,11924.8,7598.826355118378,7464.216666666666,143801
2012,GoM,Tamaulipas,2808005058,834,2,0,0,1,0,1,752525.3091745531,9,always,1,0,0,13.830330858184727,27.75,4548.083333333332,1414.4900921742956,2209.75,79744
2012,GoM,Tamaulipas,2808005066,827,2,0,0,1,0,1,341803.57433732896,9,always,1,0,0,13.830330858184727,27.75,3728.5333333333338,2836.7386966008607,2516.25,26859
2012,GoM,Tamaulipas,2808005082,1330,3,0,0,1,0,1,1127013.0779038584,9,always,1,0,0,13.830330858184727,27.75,6550.350000000001,3888.609285338788,3971.5333333333333,71510
2012,GoM,Tamaulipas,2808005546,835,2,0,0,1,0,1,965984.9150265753,9,always,1,0,0,13.830330858184727,27.75,2968.5999999999995,2348.2664171564147,1819.0333333333333,43390
2012,GoM,Tamaulipas,2808005553,365,1,0,0,1,0,1,897487.4682115326,9,always,1,0,0,13.830330858184727,27.75,2072.316666666666,496.31111256520546,763.5666666666666,61023
2012,GoM,Tamaulipas,2808005629,767,2,0,0,1,0,1,819103.2498024566,9,always,1,0,0,13.830330858184727,27.75,3160.333333333333,1371.4476382205396,1804.8833333333332,96472
2012,GoM,Tamaulipas,2808005702,730,2,0,0,1,0,1,595625.399329885,9,always,1,0,0,13.830330858184727,27.75,3017.7833333333338,3067.53029170194,1820.2833333333333,47157
2012,GoM,Tamaulipas,2808005876,440,1,0,0,1,0,1,1252937.9427012636,9,always,1,0,0,13.830330858184727,27.75,2234.3833333333337,631.2966957647349,1081.1166666666666,113531
2012,GoM,Tamaulipas,2808005959,3199,7,0,0,1,0,0,0,5,sometimes,0,1,0,13.830330858184727,27.75,15958.833333333332,11070.392735048545,11936.833333333332,NA
2012,GoM,Tamaulipas,2808006015,850,2,0,0,1,0,1,363522.9183178377,9,always,1,0,0,13.830330858184727,27.75,4815.133333333332,3431.8894299057865,3529.0333333333338,22840
2012,GoM,Tamaulipas,2808006023,400,1,0,0,1,0,1,341803.57433732896,5,sometimes,0,1,0,13.830330858184727,27.75,2093.9499999999994,558.3431733024673,945.65,24699
2012,GoM,Tamaulipas,2808006049,730,2,0,0,1,0,1,648214.6099364439,9,always,1,0,0,13.830330858184727,27.75,3658.816666666667,881.1590746500729,1342.9,39820
2012,GoM,Tamaulipas,2808006130,425,1,0,0,1,0,1,416112.12892439653,9,always,1,0,0,13.830330858184727,27.75,1909.4499999999998,499.23139138781454,615.05,17251
2012,GoM,Tamaulipas,2808006189,1635,4,0,0,1,0,1,1927657.514783413,9,always,1,0,0,13.830330858184727,27.75,9018.399999999998,2955.195315584694,4788.416666666667,176712
2012,GoM,Tamaulipas,2808006197,1365,3,0,0,1,0,1,894673.9454440817,9,always,1,0,0,13.830330858184727,27.75,1498.3833333333334,1753.4950961157251,797.8,25846
2012,GoM,Tamaulipas,2808006247,365,1,0,0,1,0,1,297812.6996649425,9,always,1,0,0,13.830330858184727,27.75,1739.533333333334,708.3076881719812,854.8,27225
2012,GoM,Tamaulipas,2808006270,865,2,0,0,1,0,1,1033693.5236825198,9,always,1,0,0,13.830330858184727,27.75,3576.616666666667,1921.3405376811145,2142.383333333333,92577
2012,GoM,Tamaulipas,2808006452,402,1,0,0,1,0,1,315535.2636393528,9,always,1,0,0,13.830330858184727,27.75,2236.4499999999985,966.1343644934913,1332.6333333333332,23499
2012,GoM,Tamaulipas,2808006494,402,1,0,0,1,0,1,394392.78494388773,9,always,1,0,0,13.830330858184727,27.75,2581.6500000000005,730.6550529365508,1479.7166666666667,39373
2012,GoM,Tamaulipas,2808006551,402,1,0,0,1,0,1,341803.57433732896,9,always,1,0,0,13.830330858184727,27.75,969.5833333333328,1247.098821675366,892.8,20889
2012,GoM,Tamaulipas,2808006619,922,2,0,0,1,0,1,779871.6986899638,9,always,1,0,0,13.830330858184727,27.75,4934.699999999997,2993.457151421466,3258.4333333333334,63685
2012,GoM,Tamaulipas,2808006668,402,1,0,0,1,0,1,341803.57433732896,9,always,1,0,0,13.830330858184727,27.75,2707.9166666666674,702.7508618969424,1265.25,27789
2012,GoM,Tamaulipas,2808006718,365,1,0,0,1,0,1,297812.6996649425,9,always,1,0,0,13.830330858184727,27.75,1136.55,857.3464714762297,891.4666666666667,10515
2012,GoM,Tamaulipas,2808006726,365,1,0,0,1,0,1,262946.05303279404,9,always,1,0,0,13.830330858184727,27.75,1532.5333333333333,564.3768074731785,890.4833333333333,17357
2012,GoM,Tamaulipas,2808006734,365,1,0,0,1,0,1,297812.6996649425,9,always,1,0,0,13.830330858184727,27.75,1971.966666666666,769.7483200836895,1141.3,31169
2012,GoM,Tamaulipas,2808006833,767,2,0,0,1,0,1,1263061.3657430261,9,always,1,0,0,13.830330858184727,27.75,5082.0166666666655,1568.9185958163603,2819.583333333333,149026
2012,GoM,Tamaulipas,2808006858,2642,6,0,0,1,0,1,2734218.237856205,9,always,1,0,0,13.830330858184727,27.75,15629.166666666662,4472.573532053888,7035.183333333333,170601
2012,GoM,Tamaulipas,2808006866,3567,8,0,0,1,0,1,4214233.76249606,9,always,1,0,0,13.830330858184727,27.75,16155.966666666667,7668.399041636063,8881.616666666667,251164
2012,GoM,Tamaulipas,2808007005,790,2,0,0,1,0,1,407566.38220083073,9,always,1,0,0,13.830330858184727,27.75,3697.1833333333325,2122.7925683508074,2661.85,24938
2012,GoM,Tamaulipas,2808007013,730,2,0,0,1,0,1,1156384.1520276214,9,always,1,0,0,13.830330858184727,27.75,2712.0166666666646,983.0942592498636,1150,96255
2012,GoM,Tamaulipas,2808007252,1095,3,0,0,1,0,1,1051205.730814504,9,always,1,0,0,13.830330858184727,27.75,5001.033333333335,3949.5583767723556,3229.05,45411
2012,GoM,Tamaulipas,2808007260,735,2,0,0,1,0,1,599674.76854659,9,always,1,0,0,13.830330858184727,27.75,2826.7333333333336,2771.074725334528,2010.8666666666666,42714
2012,GoM,Tamaulipas,2808007492,827,2,0,0,1,0,1,778294.022371767,8,sometimes,0,1,0,13.830330858184727,27.75,3467.850000000001,1408.1204968329548,1724.6166666666666,49566
2012,GoM,Tamaulipas,2808007500,365,1,0,0,1,0,1,297812.6996649425,9,always,1,0,0,13.830330858184727,27.75,2143.2166666666667,726.8237031265412,1261.6833333333332,24392
2012,GoM,Tamaulipas,2808007518,882,2,0,0,1,0,1,851918.9172209493,9,always,1,0,0,13.830330858184727,27.75,5014.816666666665,1375.0171517231345,2571.0166666666664,72896
2012,GoM,Tamaulipas,2808007526,402,1,0,0,1,0,1,341803.57433732896,9,always,1,0,0,13.830330858184727,27.75,1826.083333333333,366.3793085870682,681.9,27015
2012,GoM,Tamaulipas,2808007542,872,2,0,0,1,0,1,726493.6499243065,9,always,1,0,0,13.830330858184727,27.75,3989.816666666665,2900.016111723264,2950.75,59989
2012,GoM,Tamaulipas,2808007690,905,2,0,0,1,0,1,726519.9445296099,9,always,1,0,0,13.830330858184727,27.75,2967.4000000000005,553.68680608034,1424.5333333333333,117255
2012,GoM,Tamaulipas,2808007708,365,1,0,0,1,0,1,297812.6996649425,8,sometimes,0,1,0,13.830330858184727,27.75,2813.649999999999,936.0553415014169,1566.4833333333333,26145
2012,GoM,Tamaulipas,2808007898,822,2,0,0,1,0,0,0,4,sometimes,0,1,0,13.830330858184727,27.75,5684.466666666665,1924.2777786260556,3220.0666666666666,NA
2012,GoM,Tamaulipas,2808007906,1258,3,0,0,1,0,0,0,4,sometimes,0,1,0,13.830330858184727,27.75,6720.550000000003,4043.0669743339913,3875.633333333333,NA
2012,GoM,Tamaulipas,2808007914,925,2,0,0,1,0,0,0,4,sometimes,0,1,0,13.830330858184727,27.75,5084.200000000001,2999.559662568527,3237.5,NA
2012,GoM,Tamaulipas,2808007922,1206,3,0,0,1,0,0,0,4,sometimes,0,1,0,13.830330858184727,27.75,7735.4333333333325,4141.781088025641,4694.066666666667,NA
2012,GoM,Tamaulipas,2808008029,402,1,0,0,1,0,0,0,3,sometimes,0,1,0,13.830330858184727,27.75,2847.983333333336,2429.3687747529466,2217.35,NA
2012,GoM,Tamaulipas,2808008086,565,1,0,0,1,0,0,0,0,never,0,0,1,13.830330858184727,27.75,949.1999999999997,617.06116028432,522.5333333333333,NA
2012,GoM,Tamaulipas,3010002552,730,2,0,0,1,0,1,287137.08991181105,9,always,1,0,0,13.830330858184727,27.75,1257.6333333333337,1698.4562493928513,993.35,21988
2012,GoM,Veracruz,0402006571,2152,5,0,0,1,0,1,1768285.9120402364,8,sometimes,0,1,0,13.830330858184727,27.75,5796.399999999999,4981.45838178029,4359.533333333333,45790
2012,GoM,Veracruz,2508010366,375,1,0,0,1,0,1,290266.1479429013,7,sometimes,0,1,0,13.830330858184727,27.75,1658.0166666666667,892.7355916318137,1193.4666666666667,20296
2012,GoM,Veracruz,3001000581,365,1,0,0,1,0,1,297812.6996649425,9,always,1,0,0,13.830330858184727,27.75,1082.3833333333332,1372.9404169959641,920.1833333333333,13228
2012,GoM,Veracruz,3001004716,930,2,0,0,1,0,1,595625.399329885,8,sometimes,0,1,0,13.830330858184727,27.75,1967.983333333333,1805.1531254901506,1674.7833333333333,23135
2012,GoM,Veracruz,3001007941,800,2,0,0,1,0,1,595625.399329885,9,always,1,0,0,13.830330858184727,27.75,2539.9000000000005,1390.716206710013,1945.5500000000002,30154
2012,GoM,Veracruz,3001008709,402,1,0,0,1,0,1,341803.57433732896,9,always,1,0,0,13.830330858184727,27.75,1463.3333333333333,825.9296131107773,989.3333333333334,22536
2012,GoM,Veracruz,3001008816,420,1,0,0,1,0,0,0,5,sometimes,0,1,0,13.830330858184727,27.75,1439.5166666666662,903.0969372460145,976.85,18304
2012,GoM,Veracruz,3001009384,370,1,0,0,1,0,1,301862.06888164754,9,always,1,0,0,13.830330858184727,27.75,1418.4666666666665,986.2972046228922,1125.6,14395
2012,GoM,Veracruz,3001009434,450,1,0,0,1,0,1,384690.07558697765,9,always,1,0,0,13.830330858184727,27.75,1855.7666666666667,1172.8503992525314,1487.7666666666667,19410
2012,GoM,Veracruz,3001009673,365,1,0,0,1,0,1,297812.6996649425,7,sometimes,0,1,0,13.830330858184727,27.75,342.9666666666666,533.8685458447497,191.85,4293
2012,GoM,Veracruz,3001009889,850,2,0,0,1,0,1,710611.7083211258,7,sometimes,0,1,0,13.830330858184727,27.75,1515.7833333333333,1898.6943844193129,1391.7666666666667,59262
2012,GoM,Veracruz,3001010721,402,1,0,0,1,0,0,0,0,never,0,0,1,13.830330858184727,27.75,992.95,607.1173612242958,692.7666666666667,NA
2012,GoM,Veracruz,3001010762,402,1,0,0,1,0,0,0,0,never,0,0,1,13.830330858184727,27.75,1203.9833333333336,830.0210161617006,789.9666666666667,NA
2012,GoM,Veracruz,3003005919,730,2,0,0,1,0,1,3377515.756600936,7,sometimes,0,1,0,13.830330858184727,27.75,940.3833333333331,1290.6915589883179,716.1333333333333,99210
2012,GoM,Veracruz,3010002446,370,1,0,0,1,0,0,0,0,never,0,0,1,13.830330858184727,27.75,1289.0166666666664,1153.4273609369739,1139.3833333333332,2000
2012,GoM,Veracruz,3010002933,2134,5,0,0,1,0,1,2475190.0810136,9,always,1,0,0,13.830330858184727,27.75,10573.65,4284.513702964583,7532.95,215973
2012,GoM,Veracruz,3010003055,500,1,0,0,1,0,0,0,3,sometimes,0,1,0,13.830330858184727,27.75,178.20000000000005,522.8210369940057,148.16666666666666,NA
2012,GoM,Veracruz,3011012345,220,1,0,0,1,0,1,297812.6996649425,9,always,1,0,0,13.830330858184727,27.75,379.53333333333336,372.19000812494306,346.8,5374
2012,GoM,Veracruz,3012003673,1190,3,0,0,1,0,1,816447.4946668254,3,sometimes,0,1,0,13.830330858184727,27.75,2778.133333333334,2380.400251011737,1674.3999999999999,30501
2012,GoM,Yucatan,3105004364,375,1,0,0,1,0,1,533317.7026032341,3,sometimes,0,1,0,13.830330858184727,27.75,929.6333333333331,669.5505433618598,446.4,NA
2013,GoC,Baja california,0203012125,475,1,0,0,1,0,0,0,0,never,0,0,1,14.864947998582311,27.57,0.016666666666666666,0,0,NA
2013,GoC,Baja california,0203014741,373,1,0,0,1,0,1,772636.386552353,9,always,1,0,0,14.864947998582311,27.57,41.08333333333333,80.3611319742878,38.099999999999994,NA
2013,GoC,Baja california,0207000092,1233,3,0,0,1,0,0,0,4,sometimes,0,1,0,14.864947998582311,27.57,6258.050000000001,4796.844236367031,5151.883333333333,27332
2013,GoC,Baja california,0207001926,1872,3,0,0,1,0,1,958921.4376463137,9,always,1,0,0,14.864947998582311,27.57,3943.583333333333,3895.1794992718437,3206.4333333333334,26617
2013,GoC,Baja california,0313000036,365,1,0,0,1,0,0,0,0,never,0,0,1,14.864947998582311,27.57,55.033333333333324,272.87750763393495,37.4,NA
2013,GoC,Baja california,2507002232,425,1,0,0,1,0,0,0,5,sometimes,0,1,0,14.864947998582311,27.57,552.1999999999999,1626.8912768305233,509.3833333333333,1114
2013,GoC,Baja california sur,0305000242,365,1,0,0,1,0,1,425703.2129511167,7,sometimes,0,1,0,14.864947998582311,27.57,465.4666666666667,498.6447715413545,446.0833333333333,10586
2013,GoC,Baja california sur,0305005159,520,1,0,0,1,0,0,0,0,never,0,0,1,14.864947998582311,27.57,6,0,0,NA
2013,GoM,Campeche,0401002472,5480,13,0,0,1,0,1,6394340.639955639,9,always,1,0,0,14.864947998582311,27.57,23365.11666666666,20453.25508193759,16384.933333333334,192148
2013,GoM,Campeche,0401002480,1472,3,0,0,1,0,1,2569779.7610885794,9,always,1,0,0,14.864947998582311,27.57,4086.116666666666,2222.592496966307,2398.2166666666667,91862
2013,GoM,Campeche,0401002613,1100,2,0,0,1,0,1,2096141.2416880585,9,always,1,0,0,14.864947998582311,27.57,2976.866666666666,1535.6389793844608,1458.1333333333332,45483
2013,GoM,Campeche,0401002654,1689,4,0,0,1,0,1,750516.8415281096,9,always,1,0,0,14.864947998582311,27.57,7109.499999999997,4609.387674714655,4861.483333333334,46102
2013,GoM,Campeche,0401002662,2916,7,0,0,1,0,1,2467933.4463590374,9,always,1,0,0,14.864947998582311,27.57,19343.199999999997,6999.3294617963065,10605.216666666667,200327
2013,GoM,Campeche,0401002837,1774,4,0,0,1,0,1,1016852.1319233102,9,always,1,0,0,14.864947998582311,27.57,6015.533333333331,2948.6489540670236,3373.9,47227
2013,GoM,Campeche,0401002860,2250,5,0,0,1,0,1,2336569.581108733,9,always,1,0,0,14.864947998582311,27.57,8573.666666666666,5125.387040615607,4956.3,84992
2013,GoM,Campeche,0401002894,365,1,0,0,1,0,1,365928.4633425218,9,always,1,0,0,14.864947998582311,27.57,1283.0333333333333,1462.6411410333335,1028.5333333333333,14396
2013,GoM,Campeche,0401002902,402,1,0,0,1,0,1,486166.44365741534,9,always,1,0,0,14.864947998582311,27.57,2469.083333333332,777.5999535405743,1166.3166666666666,22494
2013,GoM,Campeche,0401002910,1095,3,0,0,1,0,1,1010102.0788358883,9,always,1,0,0,14.864947998582311,27.57,5322.783333333333,2094.591131854817,3534.3333333333335,37610
2013,GoM,Campeche,0401002928,1175,3,0,0,1,0,1,628017.3603889704,7,sometimes,0,1,0,14.864947998582311,27.57,3245.4,3888.39634056242,2145.5666666666666,19539
2013,GoM,Campeche,0401002944,730,2,0,0,1,0,1,754614.7985548403,9,always,1,0,0,14.864947998582311,27.57,3836.6833333333325,1809.3079579585528,2360.2,28307
2013,GoM,Campeche,0401002951,402,1,0,0,1,0,1,288703.5802457665,9,always,1,0,0,14.864947998582311,27.57,239.70000000000005,1215.3166938185468,187.63333333333333,3941
2013,GoM,Campeche,0401002969,1043,2,0,0,1,0,1,774558.459609519,9,always,1,0,0,14.864947998582311,27.57,3164.833333333333,1575.5333346991508,1888.05,25312
2013,GoM,Campeche,0401002977,402,1,0,0,1,0,1,448771.1292887533,8,sometimes,0,1,0,14.864947998582311,27.57,1536.3999999999999,662.905206603154,862.9499999999999,12422
2013,GoM,Campeche,0401002985,1205,3,0,0,1,0,1,1238548.8713829457,8,sometimes,0,1,0,14.864947998582311,27.57,6747.783333333331,1978.3608194617525,3555.9333333333334,52303
2013,GoM,Campeche,0401002993,365,1,0,0,1,0,1,382051.0289745137,6,sometimes,0,1,0,14.864947998582311,27.57,1685.6499999999999,713.6839936679831,811.4333333333333,10893
2013,GoM,Campeche,0401003132,740,2,0,0,1,0,1,571201.2050486541,8,sometimes,0,1,0,14.864947998582311,27.57,2140.9833333333336,975.9689091605794,1099.75,16585
2013,GoM,Campeche,0401003165,420,1,0,0,1,0,1,438721.53434015013,9,always,1,0,0,14.864947998582311,27.57,2232.2666666666682,506.82385713671516,830.8,19378
2013,GoM,Campeche,0401003207,400,1,0,0,1,0,0,0,0,never,0,0,1,14.864947998582311,27.57,715.3333333333333,1080.5381967254084,402.15,11615
2013,GoM,Campeche,0401003512,380,1,0,0,1,0,1,389582.01923052326,9,always,1,0,0,14.864947998582311,27.57,1824.0833333333337,596.8460092795128,953.8833333333333,10270
2013,GoM,Campeche,0401003637,500,1,0,0,1,0,1,474426.29578531114,9,always,1,0,0,14.864947998582311,27.57,1587.7500000000005,1287.6062966187908,1288.6666666666665,17791
2013,GoM,Campeche,0401004429,365,1,0,0,1,0,1,313084.11948564806,9,always,1,0,0,14.864947998582311,27.57,378.83333333333354,871.7190548500012,306.01666666666665,4283
2013,GoM,Campeche,0401004478,500,1,0,0,1,0,1,447690.0265201735,9,always,1,0,0,14.864947998582311,27.57,1464.0333333333324,570.4103993765359,828.6,6010
2013,GoM,Campeche,0401004486,1365,3,0,0,1,0,1,738306.0542595618,9,always,1,0,0,14.864947998582311,27.57,5463.033333333333,2710.3078266189827,3034.7166666666667,36597
2013,GoM,Campeche,0401004502,815,2,0,0,1,0,1,836200.5685456609,9,always,1,0,0,14.864947998582311,27.57,4406.9000000000005,1522.9377325793955,2123.8166666666666,32731
2013,GoM,Campeche,0401004973,365,1,0,0,1,0,1,222844.46126011238,5,sometimes,0,1,0,14.864947998582311,27.57,572.4000000000002,1013.1315425082196,438.96666666666664,2925
2013,GoM,Campeche,0401005012,2594,6,0,0,1,0,1,2988881.8638829035,9,always,1,0,0,14.864947998582311,27.57,10986.900000000001,4661.3572480509165,5685.25,114530
2013,GoM,Campeche,0401005384,432,1,0,0,1,0,1,434087.585406598,9,always,1,0,0,14.864947998582311,27.57,2096.2333333333345,653.2698810774535,937.25,16717
2013,GoM,Campeche,0401006093,540,1,0,0,1,0,1,457594.2247984007,9,always,1,0,0,14.864947998582311,27.57,2672.666666666667,469.90284468117056,1170.6,24467
2013,GoM,Campeche,0402004402,402,1,0,0,1,0,0,0,0,never,0,0,1,14.864947998582311,27.57,1445.8333333333335,718.7174439764026,923.6333333333333,NA
2013,GoM,Campeche,0402004618,1310,3,0,0,1,0,1,1270397.074802889,3,sometimes,0,1,0,14.864947998582311,27.57,5739.766666666666,2058.3677089892226,3229.0499999999997,46134
2013,GoM,Campeche,0402005276,1425,3,0,0,1,0,1,847152.4334243676,9,always,1,0,0,14.864947998582311,27.57,5246.566666666667,2625.568737189109,2883.9666666666667,42256
2013,GoM,Campeche,0402006282,365,1,0,0,1,0,1,424051.66889039945,9,always,1,0,0,14.864947998582311,27.57,1689.3499999999995,679.7347789202305,993.3333333333334,21661
2013,GoM,Campeche,0402006522,400,1,0,0,1,0,1,539791.4713785729,7,sometimes,0,1,0,14.864947998582311,27.57,1677.033333333334,679.2786885706178,1223.8833333333334,31424
2013,GoM,Campeche,0402006555,500,1,0,0,1,0,1,593405.8603189711,7,sometimes,0,1,0,14.864947998582311,27.57,701.0666666666659,949.847102029907,499.21666666666664,23441
2013,GoM,Campeche,2305000495,365,1,0,0,1,0,0,0,2,sometimes,0,1,0,14.864947998582311,27.57,2096.8999999999996,642.3098009385775,1714.9833333333333,23774
2013,GoM,Campeche,2306001112,400,1,0,0,1,0,0,0,7,sometimes,0,1,0,14.864947998582311,27.57,275.86666666666684,467.38692256064127,123.85,2222
2013,GoM,Campeche,2808000489,2393,6,0,0,1,0,1,1997349.5235579319,9,always,1,0,0,14.864947998582311,27.57,6459.233333333334,6220.425369423947,4120.316666666667,68816
2013,GoM,Campeche,2808004739,402,1,0,0,1,0,1,353547.962190434,9,always,1,0,0,14.864947998582311,27.57,1889.7,1328.4292279267233,1434.1166666666666,10041
2013,Pacific,Chiapas,0705002988,220,1,0,0,1,0,1,356383.70387137396,4,sometimes,0,1,0,14.864947998582311,27.57,909.9499999999997,2247.105582734045,830.7,11130
2013,Pacific,Chiapas,0705003143,305,1,0,0,1,0,0,0,1,sometimes,0,1,0,14.864947998582311,27.57,1271.216666666666,1945.0787637492247,1146.5,NA
2013,GoC,Nayarit,1802000420,365,1,0,0,1,0,1,536270.5415558782,3,sometimes,0,1,0,14.864947998582311,27.57,1840.5333333333335,2261.3929503029003,1426.9333333333334,26687
2013,GoC,Nayarit,1802001287,365,1,0,0,1,0,0,0,0,never,0,0,1,14.864947998582311,27.57,29.53333333333333,63.6776103099128,29.533333333333335,NA
2013,GoC,Nayarit,1802002764,365,1,0,0,1,0,0,0,0,never,0,0,1,14.864947998582311,27.57,467.96666666666664,648.9331308001878,435.0333333333333,10167
2013,GoC,Nayarit,1802003614,402,1,0,0,1,0,0,0,0,never,0,0,1,14.864947998582311,27.57,131.40000000000006,120.19085273613894,113.03333333333333,NA
2013,Pacific,Oaxaca,2005000068,365,1,0,0,1,0,1,246271.43644837284,6,sometimes,0,1,0,14.864947998582311,27.57,722.8166666666666,1568.7433319341142,609.3333333333334,10972
2013,Pacific,Oaxaca,2005000217,1200,3,0,0,1,0,1,750603.9782086138,8,sometimes,0,1,0,14.864947998582311,27.57,5042.499999999999,4462.6617041138625,3730.033333333333,41433
2013,Pacific,Oaxaca,2005000282,745,2,0,0,1,0,1,493008.95281572104,8,sometimes,0,1,0,14.864947998582311,27.57,1671.183333333333,2917.2532788031212,1299.6333333333332,15650
2013,Pacific,Oaxaca,2005000399,730,2,0,0,1,0,1,377752.201634877,8,sometimes,0,1,0,14.864947998582311,27.57,2427.85,2241.3340529917596,1753.7833333333333,45652
2013,Pacific,Oaxaca,2005000779,365,1,0,0,1,0,1,338995.9845636677,5,sometimes,0,1,0,14.864947998582311,27.57,1227.1833333333332,1910.3459826271514,961.6,12301
2013,Pacific,Oaxaca,2005002585,3460,9,0,0,1,0,1,1769419.2184863042,8,sometimes,0,1,0,14.864947998582311,27.57,10793.416666666666,10744.453934889074,6676.283333333333,224742
2013,Pacific,Oaxaca,2005002809,3850,10,0,0,1,0,1,1879462.4604865222,8,sometimes,0,1,0,14.864947998582311,27.57,13901.983333333335,13437.01053530163,8724.266666666666,219167
2013,Pacific,Oaxaca,2005003005,343,1,0,0,1,0,1,203466.6820201026,8,sometimes,0,1,0,14.864947998582311,27.57,1484.9333333333336,1274.529655734355,881.55,27671
2013,Pacific,Oaxaca,2005003260,365,1,0,0,1,0,1,336699.6037367898,4,sometimes,0,1,0,14.864947998582311,27.57,542.8333333333335,1040.168963141435,350.66666666666663,11719
2013,Pacific,Oaxaca,2005003559,370,1,0,0,1,0,0,0,1,sometimes,0,1,0,14.864947998582311,27.57,958.8833333333325,2047.7481381015127,777.9,3551
2013,Pacific,Oaxaca,2005003815,365,1,0,0,1,0,1,326277.727452905,7,sometimes,0,1,0,14.864947998582311,27.57,904.8499999999999,1280.1281365771567,716.3666666666667,11543
2013,Pacific,Oaxaca,2005004417,380,1,0,0,1,0,1,267818.6403982004,7,sometimes,0,1,0,14.864947998582311,27.57,354.93333333333345,1557.0790258632073,304.35,8517
2013,Pacific,Oaxaca,2005004789,420,1,0,0,1,0,1,367460.4477718496,6,sometimes,0,1,0,14.864947998582311,27.57,1213.8500000000006,1911.8708350497402,936.7666666666667,NA
2013,GoM,Quintana roo,2306000841,1440,3,0,0,1,0,1,979717.7209875529,9,always,1,0,0,14.864947998582311,27.57,4611.016666666666,1774.1673427166024,3723.35,56634
2013,GoM,Quintana roo,2306001401,450,1,0,0,1,0,1,466165.0292214722,8,sometimes,0,1,0,14.864947998582311,27.57,2109.2999999999997,784.9402931641096,1725.3166666666666,68566
2013,GoC,Sinaloa,0305001588,450,1,0,0,1,0,1,489700.54530390707,5,sometimes,0,1,0,14.864947998582311,27.57,1142.0166666666664,1190.4870856542693,775.9833333333333,9053
2013,GoC,Sinaloa,1802002525,730,2,0,0,1,0,0,0,5,sometimes,0,1,0,14.864947998582311,27.57,3254.9,3681.145251998184,2702.866666666667,NA
2013,GoC,Sinaloa,2505001798,2645,6,0,0,1,0,1,1540636.0378238123,9,always,1,0,0,14.864947998582311,27.57,5268.083333333335,9107.611073307025,4761.583333333333,113121
2013,GoC,Sinaloa,2505002721,1002,2,0,0,1,0,1,676319.9580788718,8,sometimes,0,1,0,14.864947998582311,27.57,1689.816666666667,1582.5471563699668,1466.3999999999999,21510
2013,GoC,Sinaloa,2505002846,624,1,0,0,1,0,1,737274.3458302212,6,sometimes,0,1,0,14.864947998582311,27.57,1076.0499999999997,1437.0125599332678,905.8166666666666,46100
2013,GoC,Sinaloa,2505004164,1084,2,0,0,1,0,0,0,5,sometimes,0,1,0,14.864947998582311,27.57,2692.7499999999995,1835.217147463981,2418.95,11050
2013,GoC,Sinaloa,2505004263,805,2,0,0,1,0,0,0,5,sometimes,0,1,0,14.864947998582311,27.57,1105.6666666666667,2360.1793310965113,1000.4333333333333,NA
2013,GoC,Sinaloa,2507002406,425,1,0,0,1,0,1,228341.16465237658,9,always,1,0,0,14.864947998582311,27.57,1043.3166666666664,725.0125283176653,979.3166666666667,27883
2013,GoC,Sinaloa,2507002513,365,1,0,0,1,0,1,189978.22784323306,8,sometimes,0,1,0,14.864947998582311,27.57,650.0833333333333,985.0560831912932,522.9666666666667,10145
2013,GoC,Sinaloa,2507002703,365,1,0,0,1,0,1,467195.39513800276,9,always,1,0,0,14.864947998582311,27.57,1190.9833333333338,1315.5954026905115,1106.8333333333335,39135
2013,GoC,Sinaloa,2507003958,2895,6,0,0,1,0,1,3401094.9128531,9,always,1,0,0,14.864947998582311,27.57,7246.899999999999,7508.857277786138,6373.533333333333,70594
2013,GoC,Sinaloa,2507004600,365,1,0,0,1,0,1,203984.68932135517,9,always,1,0,0,14.864947998582311,27.57,1057.566666666667,1340.4234852382813,866.85,7486
2013,GoC,Sinaloa,2507005581,402,1,0,0,1,0,1,297650.2882556638,8,sometimes,0,1,0,14.864947998582311,27.57,2156.1499999999996,1480.9472995078352,1911.7666666666667,36367
2013,GoC,Sinaloa,2508000789,605,2,0,0,1,0,1,975457.4592281684,8,sometimes,0,1,0,14.864947998582311,27.57,1802.8833333333332,2973.8680677605994,1310.7833333333333,40293
2013,GoC,Sinaloa,2508001050,730,2,0,0,1,0,1,618067.5673360607,8,sometimes,0,1,0,14.864947998582311,27.57,5103.716666666667,4705.924977283137,4453.466666666666,35789
2013,GoC,Sinaloa,2508005069,1095,3,0,0,1,0,1,784141.4680305392,8,sometimes,0,1,0,14.864947998582311,27.57,5182.516666666666,5146.549128494173,3710.016666666667,41030
2013,GoC,Sinaloa,2508005234,3469,8,0,0,1,0,1,3386349.8160251235,9,always,1,0,0,14.864947998582311,27.57,10618.333333333334,13438.45469410497,8616.483333333334,101567
2013,GoC,Sinaloa,2508005366,15448,31,0,0,1,0,1,9600106.968134757,9,always,1,0,0,14.864947998582311,27.57,55083.549999999996,49399.21909778102,43676.45,562463
2013,GoC,Sinaloa,2508005374,1582,4,0,0,1,0,1,1439017.0763721378,9,always,1,0,0,14.864947998582311,27.57,7936.566666666667,7365.417001973718,7299.016666666666,62025
2013,GoC,Sinaloa,2508005382,20824,40,0,0,1,0,1,10412349.50901926,9,always,1,0,0,14.864947998582311,27.57,57951.38333333333,62347.657641216334,46647.816666666666,595256
2013,GoC,Sinaloa,2508005408,1980,5,0,0,1,0,1,825664.9459641586,9,always,1,0,0,14.864947998582311,27.57,6549.133333333334,6490.049892965026,5147.75,25258
2013,GoC,Sinaloa,2508005424,1345,3,0,0,1,0,1,1342520.5485386613,8,sometimes,0,1,0,14.864947998582311,27.57,4472.366666666667,3174.066077932181,3340.333333333333,56786
2013,GoC,Sinaloa,2508005507,1270,3,0,0,1,0,1,1591396.003890866,8,sometimes,0,1,0,14.864947998582311,27.57,3002.116666666666,4225.850925853475,2396.5,58675
2013,GoC,Sinaloa,2508005523,3150,7,0,0,1,0,1,2847342.232810277,9,always,1,0,0,14.864947998582311,27.57,8982.983333333332,7351.294800315027,6549.066666666667,134651
2013,GoC,Sinaloa,2508005606,750,2,0,0,1,0,1,783330.9829149144,9,always,1,0,0,14.864947998582311,27.57,2072.0333333333338,1800.447846123297,1135.9333333333334,32041
2013,GoC,Sinaloa,2508005648,11167,25,0,0,1,0,1,7597583.805493615,9,always,1,0,0,14.864947998582311,27.57,37253.03333333333,36751.050031775616,30473.566666666666,406297
2013,GoC,Sinaloa,2508005705,2315,6,0,0,1,0,1,2139508.3063403144,8,sometimes,0,1,0,14.864947998582311,27.57,10979.31666666667,11135.063269751237,8249.116666666667,102809
2013,GoC,Sinaloa,2508005846,1382,4,0,0,1,0,1,727308.9745626284,9,always,1,0,0,14.864947998582311,27.57,4053.866666666667,2960.6393184532776,3280.25,24322
2013,GoC,Sinaloa,2508005853,365,1,0,0,1,0,1,386929.8471785406,8,sometimes,0,1,0,14.864947998582311,27.57,777.0833333333333,1437.7531054813164,632.6,7816
2013,GoC,Sinaloa,2508005879,9811,23,0,0,1,0,1,9026414.00864971,9,always,1,0,0,14.864947998582311,27.57,23187.666666666668,23027.485857350875,15483.15,346376
2013,GoC,Sinaloa,2508005937,1202,3,0,0,1,0,1,620933.2242552784,8,sometimes,0,1,0,14.864947998582311,27.57,4370.1500000000005,3680.3717603141713,3034.5,28891
2013,GoC,Sinaloa,2508005994,402,1,0,0,1,0,1,276979.7705012568,7,sometimes,0,1,0,14.864947998582311,27.57,596.15,631.0935713772313,549.1833333333334,7680
2013,GoC,Sinaloa,2508006125,3045,7,0,0,1,0,1,3931801.283415399,9,always,1,0,0,14.864947998582311,27.57,13401.849999999999,14398.51323345393,10831.683333333332,148431
2013,GoC,Sinaloa,2508006166,480,2,0,0,1,0,1,428564.2850624357,8,sometimes,0,1,0,14.864947998582311,27.57,2615.0333333333338,2422.005996938973,2053.4333333333334,15128
2013,GoC,Sinaloa,2508006208,1102,2,0,0,1,0,1,643598.7413759128,9,always,1,0,0,14.864947998582311,27.57,2452.2666666666664,3675.3691588681645,1901.2,21214
2013,GoC,Sinaloa,2508006224,365,1,0,0,1,0,1,66492.37974513158,9,always,1,0,0,14.864947998582311,27.57,886.5833333333333,1653.8812563036429,710.55,8857
2013,GoC,Sinaloa,2508006240,934,2,0,0,1,0,1,474331.81327999715,9,always,1,0,0,14.864947998582311,27.57,2534.5833333333335,1432.735806839627,1601.0333333333333,49551
2013,GoC,Sinaloa,2508006349,385,1,0,0,1,0,0,0,0,never,0,0,1,14.864947998582311,27.57,711.6166666666667,1662.5443167733788,504.90000000000003,13217
2013,GoC,Sinaloa,2508006398,992,3,0,0,1,0,1,211889.43007760827,8,sometimes,0,1,0,14.864947998582311,27.57,3680.283333333333,4313.0016526314375,2853.866666666667,13308
2013,GoC,Sinaloa,2508006752,402,1,0,0,1,0,1,179846.05569159397,3,sometimes,0,1,0,14.864947998582311,27.57,1463.9333333333343,890.1004423165075,893.8333333333333,29703
2013,GoC,Sinaloa,2508006778,17871,40,0,0,1,0,1,9662941.57040707,9,always,1,0,0,14.864947998582311,27.57,50480.08333333333,48396.004295012746,36269.8,526639
2013,GoC,Sinaloa,2508006810,425,1,0,0,1,0,1,269792.2608811878,6,sometimes,0,1,0,14.864947998582311,27.57,9.666666666666668,191.4842578025894,9.666666666666666,11000
2013,GoC,Sinaloa,2508006836,2945,7,0,0,1,0,1,2444005.5112491697,9,always,1,0,0,14.864947998582311,27.57,10099.75,7698.87856734972,7315.883333333333,174066
2013,GoC,Sinaloa,2508006869,365,1,0,0,1,0,1,229874.06097719807,7,sometimes,0,1,0,14.864947998582311,27.57,333.50000000000006,958.4310124024505,237,15212
2013,GoC,Sinaloa,2508007073,1880,4,0,0,1,0,1,1210123.3157158259,9,always,1,0,0,14.864947998582311,27.57,6969.433333333334,6221.364403497853,4943.183333333333,69904
2013,GoC,Sinaloa,2508007123,623,1,0,0,1,0,1,160594.92860347967,7,sometimes,0,1,0,14.864947998582311,27.57,543.6666666666665,765.3048453359775,374.76666666666665,9084
2013,GoC,Sinaloa,2508007362,365,1,0,0,1,0,1,249868.86417081227,7,sometimes,0,1,0,14.864947998582311,27.57,1087.1333333333332,1724.2544032663277,850.25,14273
2013,GoC,Sinaloa,2508007388,425,1,0,0,1,0,1,411619.4936603383,4,sometimes,0,1,0,14.864947998582311,27.57,343.9166666666667,784.9423777239134,290.85,14105
2013,GoC,Sinaloa,2508007685,365,1,0,0,1,0,1,279078.01670170936,9,always,1,0,0,14.864947998582311,27.57,1037.5499999999997,832.3154943601479,621.8166666666667,15530
2013,GoC,Sinaloa,2508007693,355,1,0,0,1,0,1,439907.7583948033,8,sometimes,0,1,0,14.864947998582311,27.57,1495.8500000000004,1050.4062988988776,790.4666666666666,6133
2013,GoC,Sinaloa,2508007867,400,1,0,0,1,0,1,305833.2837896313,9,always,1,0,0,14.864947998582311,27.57,1120.233333333334,1239.2235542793549,772.8333333333333,8393
2013,GoC,Sinaloa,2508007909,2150,6,0,0,1,0,1,1443593.5632243748,8,sometimes,0,1,0,14.864947998582311,27.57,6963.0999999999995,6018.62483829905,4698.333333333333,84432
2013,GoC,Sinaloa,2508007933,1070,2,0,0,1,0,1,576036.7842080238,9,always,1,0,0,14.864947998582311,27.57,3315.3833333333337,2105.1762326458484,2434.2333333333336,25098
2013,GoC,Sinaloa,2508007941,470,1,0,0,1,0,1,518479.7771051949,9,always,1,0,0,14.864947998582311,27.57,2088.1666666666674,2009.9547826985875,1570.3333333333333,31506
2013,GoC,Sinaloa,2508008428,365,1,0,0,1,0,1,258370.38986679696,9,always,1,0,0,14.864947998582311,27.57,1802.8333333333335,1379.6916125427074,1425.7,16575
2013,GoC,Sinaloa,2508008444,385,1,0,0,1,0,1,630544.5141018169,9,always,1,0,0,14.864947998582311,27.57,1232.4333333333336,1099.6955466131365,1036.3999999999999,41538
2013,GoC,Sinaloa,2508008469,365,1,0,0,1,0,1,240018.55638321658,9,always,1,0,0,14.864947998582311,27.57,1195.7999999999995,1026.5097218721373,980.15,19950
2013,GoC,Sinaloa,2508008477,835,2,0,0,1,0,1,860680.0231161729,9,always,1,0,0,14.864947998582311,27.57,1943.2999999999997,2482.9843230405972,1340.3166666666666,25611
2013,GoC,Sinaloa,2508008485,815,2,0,0,1,0,1,899921.723216028,9,always,1,0,0,14.864947998582311,27.57,3191.416666666666,3462.1838285951762,2349.2833333333333,39475
2013,GoC,Sinaloa,2508008493,785,2,0,0,1,0,1,576180.1544439695,9,always,1,0,0,14.864947998582311,27.57,2117.433333333332,2344.057123264782,1458.1166666666668,29545
2013,GoC,Sinaloa,2508008501,402,1,0,0,1,0,1,214384.6041221013,7,sometimes,0,1,0,14.864947998582311,27.57,881.0999999999998,1169.9477175414697,731.75,19071
2013,GoC,Sinaloa,2508008733,402,1,0,0,1,0,1,468952.7697368438,9,always,1,0,0,14.864947998582311,27.57,1050.9999999999995,529.6837982984076,551.6666666666666,24075
2013,GoC,Sinaloa,2508009053,11141,25,0,0,1,0,1,9826241.535670733,9,always,1,0,0,14.864947998582311,27.57,34987.4,28611.139984306225,26756.13333333333,447843
2013,GoC,Sinaloa,2508009079,815,2,0,0,1,0,1,667327.6552942921,9,always,1,0,0,14.864947998582311,27.57,2278.116666666667,2494.6536831319427,1539.5333333333333,28993
2013,GoC,Sinaloa,2508009095,365,1,0,0,1,0,1,243840.52570575156,8,sometimes,0,1,0,14.864947998582311,27.57,1254.8166666666666,1907.7502487712409,976.6666666666666,10821
2013,GoC,Sinaloa,2508009111,365,1,0,0,1,0,1,170947.47549941693,7,sometimes,0,1,0,14.864947998582311,27.57,339.20000000000005,388.9447083746679,313.56666666666666,3600
2013,GoC,Sinaloa,2508009202,365,1,0,0,1,0,1,708808.7680831025,8,sometimes,0,1,0,14.864947998582311,27.57,1214.2666666666669,1140.583779864585,736.4833333333333,26548
2013,GoC,Sinaloa,2508009210,804,2,0,0,1,0,1,585688.0581389157,9,always,1,0,0,14.864947998582311,27.57,1643.6833333333334,2808.701781632186,1336.5166666666667,35241
2013,GoC,Sinaloa,2508009368,500,1,0,0,1,0,1,599105.2071542682,8,sometimes,0,1,0,14.864947998582311,27.57,1935.1833333333343,1278.4318402339252,1736.1333333333334,14009
2013,GoC,Sinaloa,2508009822,730,2,0,0,1,0,1,567548.4809966971,8,sometimes,0,1,0,14.864947998582311,27.57,2555.5666666666652,1883.439429172755,1730.8666666666668,28868
2013,GoC,Sinaloa,2508009897,1630,4,0,0,1,0,1,801087.9059106114,8,sometimes,0,1,0,14.864947998582311,27.57,4907.5999999999995,4568.605278025304,3423.45,44071
2013,GoC,Sinaloa,2508009921,2505,5,0,0,1,0,1,2733023.6447793837,9,always,1,0,0,14.864947998582311,27.57,9869.016666666666,9719.953707717626,8010.15,107483
2013,GoC,Sinaloa,2508009947,365,1,0,0,1,0,1,117343.21873117029,9,always,1,0,0,14.864947998582311,27.57,1171.533333333333,1710.7744168251768,975.7166666666666,8472
2013,GoC,Sinaloa,2508010168,894,2,0,0,1,0,1,433779.0607645806,9,always,1,0,0,14.864947998582311,27.57,2052.466666666667,1842.7391228003587,1709.5333333333335,7552
2013,GoC,Sinaloa,2508010341,335,1,0,0,1,0,1,211762.39796925712,6,sometimes,0,1,0,14.864947998582311,27.57,664.7166666666665,1185.9234115659403,532.7166666666667,4337
2013,GoC,Sinaloa,2508010481,1040,2,0,0,1,0,1,745931.7803251892,8,sometimes,0,1,0,14.864947998582311,27.57,1646.1666666666663,1144.3577808038638,1223.05,32171
2013,GoC,Sinaloa,2508010507,520,1,0,0,1,0,1,320650.3190398846,9,always,1,0,0,14.864947998582311,27.57,345.8,637.4335987403308,221.96666666666667,5763
2013,GoC,Sinaloa,2508010515,440,1,0,0,1,0,1,522984.7308220415,7,sometimes,0,1,0,14.864947998582311,27.57,942.4499999999997,1044.7168815649195,641.2333333333333,21575
2013,GoC,Sinaloa,2508010556,822,2,0,0,1,0,1,1169379.3184510472,9,always,1,0,0,14.864947998582311,27.57,3539.7333333333336,2908.6185496137177,2233.616666666667,76059
2013,GoC,Sinaloa,2508010614,365,1,0,0,1,0,1,289453.6142892916,9,always,1,0,0,14.864947998582311,27.57,1416.183333333333,1771.2359826766158,1099.9166666666667,13555
2013,GoC,Sinaloa,2508010762,2027,5,0,0,1,0,1,1332997.5605724242,9,always,1,0,0,14.864947998582311,27.57,5347.550000000001,4375.826165426467,3012.6666666666665,76136
2013,GoC,Sinaloa,2508010788,1751,5,0,0,1,0,1,456745.592054625,9,always,1,0,0,14.864947998582311,27.57,5826.283333333334,5170.553698543412,3992.7999999999997,25461
2013,GoC,Sinaloa,2508010838,1429,4,0,0,1,0,1,645847.2476893743,9,always,1,0,0,14.864947998582311,27.57,4345.166666666665,5518.692805178703,3073.6499999999996,47548
2013,GoC,Sinaloa,2508010986,1515,4,0,0,1,0,1,1403278.5621284966,9,always,1,0,0,14.864947998582311,27.57,4446.216666666666,3815.861068455175,3021.35,54167
2013,GoC,Sinaloa,2508011182,9551,22,0,0,1,0,1,8731829.209078526,9,always,1,0,0,14.864947998582311,27.57,31603.01666666667,28313.29223801872,25397.716666666667,423544
2013,GoC,Sinaloa,2508011232,365,1,0,0,1,0,1,348990.00454801915,6,sometimes,0,1,0,14.864947998582311,27.57,566.6500000000002,931.5683330170459,347.1333333333333,15286
2013,GoC,Sinaloa,2508011240,2281,4,0,0,1,0,1,1659675.052877572,9,always,1,0,0,14.864947998582311,27.57,6463.9000000000005,5707.851956904777,6046.166666666667,65349
2013,GoC,Sinaloa,2508011265,365,1,0,0,1,0,1,55410.31645427631,7,sometimes,0,1,0,14.864947998582311,27.57,39.25,568.6005033366637,39.25,NA
2013,GoC,Sinaloa,2508011489,1033,2,0,0,1,0,1,624158.2693207148,8,sometimes,0,1,0,14.864947998582311,27.57,2565.383333333333,2372.047601162121,2379.7166666666667,21371
2013,GoC,Sinaloa,2508011547,857,2,0,0,1,0,1,680325.0790782629,9,always,1,0,0,14.864947998582311,27.57,3360.0166666666655,4156.576348200503,2749.9666666666667,32647
2013,GoC,Sinaloa,2508011992,365,1,0,0,1,0,1,197380.286208613,6,sometimes,0,1,0,14.864947998582311,27.57,1678.6166666666672,1787.812560755271,1297.4833333333333,14244
2013,GoC,Sinaloa,2508013790,1169,3,0,0,1,0,1,826972.6927585556,8,sometimes,0,1,0,14.864947998582311,27.57,3488.3666666666672,3253.7587609482857,2570.6,53237
2013,GoC,Sinaloa,2508014624,365,1,0,0,1,0,1,429179.8145206478,7,sometimes,0,1,0,14.864947998582311,27.57,1662.8166666666666,1736.1330923499809,1252.3333333333333,31257
2013,GoC,Sinaloa,2508014632,365,1,0,0,1,0,1,518007.3012525488,9,always,1,0,0,14.864947998582311,27.57,728.9000000000001,1052.3273686295154,686.5,20129
2013,GoC,Sinaloa,2508015001,1091,3,0,0,1,0,1,1862062.2279462088,8,sometimes,0,1,0,14.864947998582311,27.57,2366.8,2972.8480749191235,2051.2333333333336,36947
2013,GoC,Sinaloa,2508015969,365,1,0,0,1,0,1,348546.72201638494,8,sometimes,0,1,0,14.864947998582311,27.57,1516.5833333333333,1386.1610133528388,1191.5,12773
2013,GoC,Sinaloa,2508016017,365,1,0,0,1,0,1,217841.70126024057,6,sometimes,0,1,0,14.864947998582311,27.57,750.7333333333337,1066.6519502164047,574.4666666666667,6300
2013,GoC,Sinaloa,2508016041,503,1,0,0,1,0,1,204099.94277958004,6,sometimes,0,1,0,14.864947998582311,27.57,1820.9999999999995,1802.7098456754966,1392.2333333333333,14379
2013,GoC,Sinaloa,2508016116,365,1,0,0,1,0,1,99662.57832656006,6,sometimes,0,1,0,14.864947998582311,27.57,744.2,979.4091429197088,485.9,12008
2013,GoC,Sinaloa,2508016298,600,1,0,0,1,0,0,0,5,sometimes,0,1,0,14.864947998582311,27.57,662.3499999999997,898.7328886315917,463.51666666666665,10948
2013,GoC,Sinaloa,2508016678,775,2,0,0,1,0,0,0,5,sometimes,0,1,0,14.864947998582311,27.57,1229.9833333333331,1431.9005588465054,951.5833333333334,NA
2013,GoC,Sinaloa,2508016751,1045,2,0,0,1,0,0,0,5,sometimes,0,1,0,14.864947998582311,27.57,1778.166666666667,2227.3700023493393,1548.7666666666667,NA
2013,GoC,Sinaloa,2508016843,8813,21,0,0,1,0,0,0,5,sometimes,0,1,0,14.864947998582311,27.57,25869.86666666667,30962.854916041157,18696.116666666665,NA
2013,GoC,Sinaloa,2508017460,365,1,0,0,1,0,0,0,1,sometimes,0,1,0,14.864947998582311,27.57,241.03333333333336,699.6038077141678,193.15,NA
2013,GoC,Sinaloa,2508017585,767,2,0,0,1,0,0,0,4,sometimes,0,1,0,14.864947998582311,27.57,1476.5000000000002,2162.0151318013736,1030.0833333333333,NA
2013,GoC,Sinaloa,2508018161,967,2,0,0,1,0,0,0,2,sometimes,0,1,0,14.864947998582311,27.57,601.5499999999998,1185.4915531049878,524.25,NA
2013,GoC,Sinaloa,2508072853,960,2,0,0,1,0,0,0,0,never,0,0,1,14.864947998582311,27.57,3131.0333333333333,1781.5188240542057,1412.55,NA
2013,GoC,Sinaloa,2508072879,2184,4,0,0,1,0,0,0,0,never,0,0,1,14.864947998582311,27.57,8558.716666666667,6813.1084436651045,6619.133333333333,NA
2013,GoC,Sinaloa,2511000065,1460,4,0,0,1,0,1,695507.1258302788,8,sometimes,0,1,0,14.864947998582311,27.57,4615.066666666667,4661.862147920596,4214.233333333334,66653
2013,GoC,Sinaloa,2511000099,1192,3,0,0,1,0,1,587210.0370482438,9,always,1,0,0,14.864947998582311,27.57,3833.25,4293.349175670388,3599.866666666667,42017
2013,GoC,Sinaloa,2511000917,365,1,0,0,1,0,1,224550.59239829652,8,sometimes,0,1,0,14.864947998582311,27.57,559.5333333333333,1067.6726293516067,545.6666666666666,25302
2013,GoC,Sinaloa,2511001345,2358,6,0,0,1,0,1,1385090.03392957,8,sometimes,0,1,0,14.864947998582311,27.57,7581.716666666666,8414.317621186114,7116.366666666667,107850
2013,GoC,Sinaloa,2511001436,510,1,0,0,1,0,1,578344.3864155597,9,always,1,0,0,14.864947998582311,27.57,507.36666666666656,701.1005904149558,449.43333333333334,6590
2013,GoC,Sinaloa,2511001691,425,1,0,0,1,0,1,356652.4597376962,9,always,1,0,0,14.864947998582311,27.57,1058.5666666666666,1069.5017013537333,621.7833333333333,8405
2013,GoC,Sinaloa,2511001790,513,1,0,0,1,0,1,1390032.6974833678,9,always,1,0,0,14.864947998582311,27.57,1513.2833333333338,1149.0804841030886,839.1333333333333,87192
2013,GoC,Sinaloa,2511001972,450,1,0,0,1,0,1,321620.47452340403,8,sometimes,0,1,0,14.864947998582311,27.57,537.2499999999998,923.7302645301728,435.5833333333333,7330
2013,GoC,Sinaloa,2511002020,425,1,0,0,1,0,1,124258.42622466397,7,sometimes,0,1,0,14.864947998582311,27.57,226.4500000000004,468.9406125963182,223.18333333333334,3905
2013,GoC,Sinaloa,2511002079,707,2,0,0,1,0,1,719884.498766363,8,sometimes,0,1,0,14.864947998582311,27.57,1298.6999999999998,1984.4620329438678,1172.7666666666667,17850
2013,GoC,Sinaloa,2511002111,342,1,0,0,1,0,1,260370.65796254316,9,always,1,0,0,14.864947998582311,27.57,1417.250000000001,1140.1479728714123,1335.2833333333333,22027
2013,GoC,Sinaloa,2511002145,365,1,0,0,1,0,1,215447.97558941584,9,always,1,0,0,14.864947998582311,27.57,589.35,418.34225349785214,551.4,15050
2013,GoC,Sinaloa,2511002236,1995,5,0,0,1,0,0,0,4,sometimes,0,1,0,14.864947998582311,27.57,4425.383333333333,6144.011703596074,4233.45,NA
2013,GoC,Sinaloa,2511002244,338,1,0,0,1,0,0,0,2,sometimes,0,1,0,14.864947998582311,27.57,1007.3499999999999,1344.8553201192071,895.2333333333333,NA
2013,GoC,Sinaloa,2511002293,365,1,0,0,1,0,0,0,3,sometimes,0,1,0,14.864947998582311,27.57,512.1833333333333,984.5671130022083,397.7833333333333,NA
2013,GoC,Sinaloa,2511003028,365,1,0,0,1,0,1,224934.22176638796,4,sometimes,0,1,0,14.864947998582311,27.57,500.5833333333335,1326.5059837562146,457.93333333333334,4826
2013,GoC,Sonora,2603007499,2210,4,0,0,1,0,0,0,6,sometimes,0,1,0,14.864947998582311,27.57,8346.316666666664,5630.629069359699,5590.4,6779
2013,GoC,Sonora,2604000923,804,2,0,0,1,0,1,1107281.1351159296,6,sometimes,0,1,0,14.864947998582311,27.57,760.2499999999999,1185.1299745733731,736.6833333333334,45647
2013,GoC,Sonora,2604001400,450,1,0,0,1,0,1,316042.0804931672,6,sometimes,0,1,0,14.864947998582311,27.57,293.8333333333333,548.3163698982622,262.6333333333333,2780
2013,GoC,Sonora,2604001616,365,1,0,0,1,0,1,241120.3667786314,8,sometimes,0,1,0,14.864947998582311,27.57,1605.9500000000003,1441.975630910418,1280.5666666666666,19050
2013,GoC,Sonora,2604001848,350,1,0,0,1,0,1,51130.372950487246,6,sometimes,0,1,0,14.864947998582311,27.57,1069.7833333333333,1166.8847664616371,995.0333333333333,15558
2013,GoC,Sonora,2604004883,1875,5,0,0,1,0,1,1292228.4861815702,6,sometimes,0,1,0,14.864947998582311,27.57,4185.950000000001,6541.901237121158,3914.883333333333,118535
2013,GoC,Sonora,2604006003,402,1,0,0,1,0,1,225440.8303739699,9,always,1,0,0,14.864947998582311,27.57,1119.8500000000001,1344.707152716347,928.9,21600
2013,GoC,Sonora,2604006086,385,1,0,0,1,0,1,190484.83645081503,7,sometimes,0,1,0,14.864947998582311,27.57,714.3000000000001,765.4539910220062,668.3166666666667,13350
2013,GoC,Sonora,2604006110,13106,26,0,0,1,0,1,11668296.333203783,9,always,1,0,0,14.864947998582311,27.57,29744.799999999996,32459.75411044512,24601.833333333332,411003
2013,GoC,Sonora,2604006342,1255,3,0,0,1,0,1,1017077.9527101399,8,sometimes,0,1,0,14.864947998582311,27.57,1895.483333333334,2129.6609173928873,1786.6833333333334,28300
2013,GoC,Sonora,2604006433,525,1,0,0,1,0,1,405793.4946731458,8,sometimes,0,1,0,14.864947998582311,27.57,1180.433333333333,1571.4897394918753,951.8499999999999,13400
2013,GoC,Sonora,2604006458,867,2,0,0,1,0,1,941032.3277996834,8,sometimes,0,1,0,14.864947998582311,27.57,1429.3333333333335,1479.7141890136613,1386.65,50090
2013,GoC,Sonora,2604006839,365,1,0,0,1,0,1,232470.40476062518,7,sometimes,0,1,0,14.864947998582311,27.57,358.6666666666666,485.69579871875396,329.35,8887
2013,GoC,Sonora,2604007514,750,2,0,0,1,0,1,661105.4883759705,8,sometimes,0,1,0,14.864947998582311,27.57,375.7833333333333,1332.6206173340092,331.58333333333337,48641
2013,GoC,Sonora,2604007720,2490,6,0,0,1,0,1,1503296.8556888704,9,always,1,0,0,14.864947998582311,27.57,6385.566666666667,8366.420678921402,5721.083333333333,102227
2013,GoC,Sonora,2604007803,365,1,0,0,1,0,1,214846.37786791226,9,always,1,0,0,14.864947998582311,27.57,895.7999999999996,788.0269344983474,746.9166666666666,15069
2013,GoC,Sonora,2604007811,1619,3,0,0,1,0,1,1352316.9531704101,9,always,1,0,0,14.864947998582311,27.57,1718.5666666666666,1944.488924280808,1515.2333333333333,54230
2013,GoC,Sonora,2604007845,425,1,0,0,1,0,1,468796.9875900124,9,always,1,0,0,14.864947998582311,27.57,1262.0166666666664,1120.861747884478,1143.6666666666665,21624
2013,GoC,Sonora,2604007860,503,1,0,0,1,0,1,289780.12353687815,7,sometimes,0,1,0,14.864947998582311,27.57,1259.183333333334,1344.5352944424167,918.6333333333333,5216
2013,GoC,Sonora,2604008074,520,1,0,0,1,0,0,0,2,sometimes,0,1,0,14.864947998582311,27.57,5,0,0,3050
2013,GoC,Sonora,2604008082,420,1,0,0,1,0,1,327261.5613688291,9,always,1,0,0,14.864947998582311,27.57,570.8999999999999,1099.3847894322619,541.0166666666667,6940
2013,GoC,Sonora,2604008116,365,1,0,0,1,0,1,236835.85113215892,7,sometimes,0,1,0,14.864947998582311,27.57,633.1333333333331,988.2963343191867,574.15,7220
2013,GoC,Sonora,2604008165,1300,3,0,0,1,0,1,947180.7831656019,8,sometimes,0,1,0,14.864947998582311,27.57,3015.05,3869.355947684343,2867.5333333333333,47100
2013,GoC,Sonora,2604008322,875,2,0,0,1,0,1,714318.1366905563,8,sometimes,0,1,0,14.864947998582311,27.57,748.8833333333338,1334.15398643125,647.05,30200
2013,GoC,Sonora,2604008447,1275,3,0,0,1,0,1,894184.7733568333,9,always,1,0,0,14.864947998582311,27.57,3781.95,3809.2872631026535,3433.5999999999995,30771
2013,GoC,Sonora,2604008454,225,1,0,0,1,0,0,0,1,sometimes,0,1,0,14.864947998582311,27.57,774.3999999999999,1222.8299365323182,616.4166666666666,19182
2013,GoC,Sonora,2604008637,240,1,0,0,1,0,1,82709.93449104512,6,sometimes,0,1,0,14.864947998582311,27.57,260.05000000000007,422.57351035932186,237.56666666666666,4442
2013,GoC,Sonora,2604008686,240,1,0,0,1,0,1,155397.44092006856,3,sometimes,0,1,0,14.864947998582311,27.57,148.36666666666673,534.1675907455391,141.33333333333331,1465
2013,GoC,Sonora,2604009023,225,1,0,0,1,0,1,199857.09569108117,8,sometimes,0,1,0,14.864947998582311,27.57,347.9166666666665,216.83553759837818,347.9166666666667,10300
2013,GoC,Sonora,2604009171,7580,15,0,0,1,0,1,4329356.587546782,9,always,1,0,0,14.864947998582311,27.57,19379.75,16049.859297110903,15216.783333333333,280569
2013,GoC,Sonora,2604009734,365,1,0,0,1,0,1,248587.7776543894,4,sometimes,0,1,0,14.864947998582311,27.57,86.5,281.22461181402065,81.51666666666667,9150
2013,GoC,Sonora,2604009775,1790,4,0,0,1,0,1,2118212.4055902776,5,sometimes,0,1,0,14.864947998582311,27.57,1506.2166666666667,2516.764986589366,1268.9666666666665,50950
2013,GoC,Sonora,2604009809,1890,4,0,0,1,0,1,971472.6658991566,9,always,1,0,0,14.864947998582311,27.57,3108.9666666666662,5556.901874584925,2723.7,32210
2013,GoC,Sonora,2604009999,826,2,0,0,1,0,1,507875.1291009097,9,always,1,0,0,14.864947998582311,27.57,1289.7333333333331,1340.7505617719598,1184.9833333333331,17145
2013,GoC,Sonora,2604010476,730,2,0,0,1,0,1,540533.5769973893,7,sometimes,0,1,0,14.864947998582311,27.57,612.2500000000002,1418.668081045394,565.3833333333333,19111
2013,GoC,Sonora,2604010609,402,1,0,0,1,0,1,373749.1703959923,8,sometimes,0,1,0,14.864947998582311,27.57,729.6833333333333,929.7000204632692,602.4333333333333,8800
2013,GoC,Sonora,2604010641,1890,5,0,0,1,0,1,1058710.668124769,8,sometimes,0,1,0,14.864947998582311,27.57,4890,7214.813118604381,4315.85,77305
2013,GoC,Sonora,2604010716,365,1,0,0,1,0,0,0,0,never,0,0,1,14.864947998582311,27.57,342.7,859.9941841939999,337.7,850
2013,GoC,Sonora,2604010781,520,1,0,0,1,0,1,605944.4233566246,9,always,1,0,0,14.864947998582311,27.57,1692.4666666666667,1154.396617378201,1348.9333333333334,19122
2013,GoC,Sonora,2604011133,835,2,0,0,1,0,1,173260.14379302855,6,sometimes,0,1,0,14.864947998582311,27.57,880.7833333333333,1919.0429926950278,744.6666666666667,16900
2013,GoC,Sonora,2604011300,2155,4,0,0,1,0,1,1207173.9037285598,9,always,1,0,0,14.864947998582311,27.57,5249.283333333332,4391.972638846003,4374.733333333334,71848
2013,GoC,Sonora,2604011359,365,1,0,0,1,0,0,0,3,sometimes,0,1,0,14.864947998582311,27.57,258.91666666666674,636.9840867185084,203.68333333333334,5800
2013,GoC,Sonora,2604011409,4034,10,0,0,1,0,1,2004537.6411083299,9,always,1,0,0,14.864947998582311,27.57,9695.816666666668,11424.851234729802,8382.9,146210
2013,GoC,Sonora,2604011425,425,1,0,0,1,0,1,181682.51189407855,8,sometimes,0,1,0,14.864947998582311,27.57,1913.1000000000001,898.9907832567178,1767.0833333333333,13700
2013,GoC,Sonora,2604011458,1438,3,0,0,1,0,1,329422.2470801661,7,sometimes,0,1,0,14.864947998582311,27.57,2684.066666666666,3666.841694241203,2265.0666666666666,27717
2013,GoC,Sonora,2604011540,365,1,0,0,1,0,1,382316.74518919043,9,always,1,0,0,14.864947998582311,27.57,764.2166666666666,756.4546024028887,724.75,9600
2013,GoC,Sonora,2604011557,1003,2,0,0,1,0,1,194284.40100767967,9,always,1,0,0,14.864947998582311,27.57,1715.0166666666676,1934.2370845370567,1470.8000000000002,13850
2013,GoC,Sonora,2604011573,1212,3,0,0,1,0,1,979445.3555349016,8,sometimes,0,1,0,14.864947998582311,27.57,1705.3000000000006,3033.615143253303,1466.0333333333333,21113
2013,GoC,Sonora,2604011581,425,1,0,0,1,0,1,305833.2837896313,9,always,1,0,0,14.864947998582311,27.57,435.06666666666666,894.951753114346,414.06666666666666,9188
2013,GoC,Sonora,2604011664,1732,4,0,0,1,0,1,270718.9746766071,8,sometimes,0,1,0,14.864947998582311,27.57,1548.9999999999998,3411.508004226073,1416.4499999999998,22612
2013,GoC,Sonora,2604609947,365,1,0,0,1,0,1,70355.27037794398,6,sometimes,0,1,0,14.864947998582311,27.57,1147.1499999999999,1047.1355468931856,1075.5333333333333,10200
2013,GoC,Sonora,2604609970,365,1,0,0,1,0,0,0,3,sometimes,0,1,0,14.864947998582311,27.57,455.91666666666646,1182.6156073538984,402.96666666666664,NA
2013,GoC,Sonora,2604612081,708,2,0,0,1,0,0,0,3,sometimes,0,1,0,14.864947998582311,27.57,994.5666666666666,1756.178418003207,868.7166666666667,NA
2013,GoC,Sonora,2604612750,420,1,0,0,1,0,0,0,5,sometimes,0,1,0,14.864947998582311,27.57,336.95000000000005,475.75912808696245,301.9666666666667,NA
2013,GoC,Sonora,2604613758,425,1,0,0,1,0,0,0,5,sometimes,0,1,0,14.864947998582311,27.57,541.0666666666666,673.4677774811632,533.0666666666667,NA
2013,GoC,Sonora,2604615076,355,1,0,0,1,0,0,0,1,sometimes,0,1,0,14.864947998582311,27.57,777.2833333333331,1108.7405893410157,722.5166666666667,NA
2013,GoC,Sonora,2604615274,2080,4,0,0,1,0,0,0,0,never,0,0,1,14.864947998582311,27.57,2842.9833333333336,4986.82739000165,2529.483333333333,NA
2013,GoC,Sonora,2607002082,2390,5,0,0,1,0,1,1701697.6796070267,9,always,1,0,0,14.864947998582311,27.57,8652.550000000001,5201.5248577251505,5561.85,69522
2013,GoC,Sonora,2607002108,400,1,0,0,1,0,0,0,4,sometimes,0,1,0,14.864947998582311,27.57,796.5499999999997,1216.8336033331464,623.8166666666667,3685
2013,GoC,Sonora,2607002389,614,1,0,0,1,0,1,461013.8328995789,6,sometimes,0,1,0,14.864947998582311,27.57,2154.4,2045.3473056410521,1688.55,21405
2013,GoC,Sonora,2607002652,443,1,0,0,1,0,0,0,0,never,0,0,1,14.864947998582311,27.57,456.8166666666664,1173.983705421075,400.3666666666667,NA
2013,GoC,Sonora,2607002660,889,1,0,0,1,0,1,550240.2739099507,5,sometimes,0,1,0,14.864947998582311,27.57,1524.3833333333337,1145.0765116558016,1102.7166666666667,13916
2013,GoC,Sonora,2607002678,405,1,0,0,1,0,1,213662.18024768945,7,sometimes,0,1,0,14.864947998582311,27.57,1263.016666666667,1071.2440109631902,1162.0333333333333,12718
2013,GoC,Sonora,2607003130,540,1,0,0,1,0,1,360629.33730721456,7,sometimes,0,1,0,14.864947998582311,27.57,1648.8666666666666,1386.5270909271069,1192.8166666666666,5038
2013,GoC,Sonora,2607003312,503,1,0,0,1,0,1,244185.34885450223,6,sometimes,0,1,0,14.864947998582311,27.57,749.5333333333335,1001.3996845384257,585.1833333333333,12912
2013,GoC,Sonora,2607003387,3210,5,0,0,1,0,1,1582740.912460708,8,sometimes,0,1,0,14.864947998582311,27.57,5981.083333333334,7494.991145772315,4531.966666666666,71609
2013,GoC,Sonora,2607003452,450,1,0,0,1,0,1,368681.8811247297,9,always,1,0,0,14.864947998582311,27.57,2135.2833333333333,1030.3674592719444,1373.55,18362
2013,GoC,Sonora,2607003460,3453,6,0,0,1,0,1,3360629.0437138835,8,sometimes,0,1,0,14.864947998582311,27.57,11873.416666666664,9045.368109572431,9109.3,195875
2013,GoC,Sonora,2607003528,520,1,0,0,1,0,0,0,5,sometimes,0,1,0,14.864947998582311,27.57,1285.4166666666667,1462.9073853816935,927.9666666666667,NA
2013,GoC,Sonora,2607003569,365,1,0,0,1,0,0,0,5,sometimes,0,1,0,14.864947998582311,27.57,585.9333333333333,765.5634076874129,446.2833333333333,7181
2013,GoC,Sonora,2607003676,365,1,0,0,1,0,1,213940.81498185953,7,sometimes,0,1,0,14.864947998582311,27.57,1333.7166666666674,859.8662204517773,881.2166666666667,10971
2013,GoC,Sonora,2607003700,1250,3,0,0,1,0,1,571226.5354790331,8,sometimes,0,1,0,14.864947998582311,27.57,5044.300000000001,5112.183297243622,4003.5333333333333,34095
2013,GoC,Sonora,2607003726,402,1,0,0,1,0,1,288133.64556223684,8,sometimes,0,1,0,14.864947998582311,27.57,1471.5166666666662,874.6681892067952,1089.9333333333334,11616
2013,GoC,Sonora,2607003734,920,2,0,0,1,0,1,492030.9448987841,9,always,1,0,0,14.864947998582311,27.57,3370.733333333333,3604.9514616757715,2825.5166666666664,31875
2013,GoC,Sonora,2607003874,365,1,0,0,1,0,1,314173.3279919493,7,sometimes,0,1,0,14.864947998582311,27.57,1845.0666666666666,1460.9543229950477,1406.6,18218
2013,GoC,Sonora,2607003890,1509,3,0,0,1,0,1,828236.174625865,9,always,1,0,0,14.864947998582311,27.57,4728.533333333333,2291.521871420863,2909.666666666667,38209
2013,GoC,Sonora,2607003981,624,1,0,0,1,0,0,0,0,never,0,0,1,14.864947998582311,27.57,1627.466666666666,1417.5308354034153,1317.95,NA
2013,GoC,Sonora,2607004054,989,2,0,0,1,0,1,401879.9431795752,9,always,1,0,0,14.864947998582311,27.57,5152.716666666672,2997.151883105388,3765.133333333333,18559
2013,GoC,Sonora,2607004070,624,1,0,0,1,0,1,414912.449609621,6,sometimes,0,1,0,14.864947998582311,27.57,1120.9333333333334,939.1283744291414,841.0333333333333,15399
2013,GoC,Sonora,2607004088,1569,3,0,0,1,0,1,239625.87138626463,8,sometimes,0,1,0,14.864947998582311,27.57,3320.9333333333316,2923.956745347443,2364.9166666666665,9451
2013,GoC,Sonora,2607004104,1335,3,0,0,1,0,1,681920.5162356903,8,sometimes,0,1,0,14.864947998582311,27.57,7858.999999999998,4185.19981092574,5580.716666666666,22355
2013,GoC,Sonora,2607004138,520,1,0,0,1,0,1,175007.9434891863,7,sometimes,0,1,0,14.864947998582311,27.57,813.7,808.0093965538072,593.1333333333333,7596
2013,GoC,Sonora,2607004179,450,1,0,0,1,0,1,477478.6126459924,8,sometimes,0,1,0,14.864947998582311,27.57,1638.216666666667,1019.2581220503446,1208.55,15887
2013,GoC,Sonora,2607004203,450,1,0,0,1,0,0,0,0,never,0,0,1,14.864947998582311,27.57,1175.9999999999995,834.5779023728775,911.2166666666667,708
2013,GoC,Sonora,2607004294,365,1,0,0,1,0,1,266412.8015121605,9,always,1,0,0,14.864947998582311,27.57,763.8500000000001,1562.1669025632234,670.6166666666667,6491
2013,GoC,Sonora,2607004302,420,1,0,0,1,0,1,431757.185811721,8,sometimes,0,1,0,14.864947998582311,27.57,1360.0333333333333,850.4511498324379,947.2833333333333,15126
2013,GoC,Sonora,2607004351,450,1,0,0,1,0,1,541202.3763506886,8,sometimes,0,1,0,14.864947998582311,27.57,1373.666666666666,893.116402523803,837.0666666666667,7191
2013,GoC,Sonora,2607004369,540,1,0,0,1,0,1,284967.3417648496,7,sometimes,0,1,0,14.864947998582311,27.57,1458.6,1398.9625046855283,1071.1333333333334,13274
2013,GoC,Sonora,2607004385,840,2,0,0,1,0,1,414325.4168855854,8,sometimes,0,1,0,14.864947998582311,27.57,2004.4666666666662,2551.0916242309927,1438.8833333333332,14408
2013,GoC,Sonora,2607004393,624,1,0,0,1,0,1,283067.5594864173,8,sometimes,0,1,0,14.864947998582311,27.57,2008.3333333333335,908.513253024655,1344.55,15708
2013,GoC,Sonora,2607004401,624,1,0,0,1,0,1,433150.35948257137,9,always,1,0,0,14.864947998582311,27.57,2637.550000000004,1692.518722927534,2048.616666666667,21947
2013,GoC,Sonora,2607010853,450,1,0,0,1,0,1,197070.74834938042,9,always,1,0,0,14.864947998582311,27.57,1746.5333333333342,1054.7218085485633,1453.1499999999999,11939
2013,GoC,Sonora,2607010861,450,1,0,0,1,0,1,183518.96809656313,8,sometimes,0,1,0,14.864947998582311,27.57,2078.733333333332,1022.2846130712717,1452.95,14156
2013,GoC,Sonora,2607100043,402,1,0,0,1,0,0,0,5,sometimes,0,1,0,14.864947998582311,27.57,1002.1833333333334,875.1439565211259,861.5,NA
2013,GoC,Sonora,2607100142,450,1,0,0,1,0,0,0,3,sometimes,0,1,0,14.864947998582311,27.57,1174.3833333333334,953.6449336022389,787.3,NA
2013,GoC,Sonora,2607101918,503,1,0,0,1,0,0,0,5,sometimes,0,1,0,14.864947998582311,27.57,1375.3333333333333,817.0569028947275,913.7833333333333,NA
2013,GoC,Sonora,2607603012,2267,5,0,0,1,0,1,1463691.5625913534,7,sometimes,0,1,0,14.864947998582311,27.57,5012.116666666669,5041.623201008071,3743.7666666666664,51015
2013,GoC,Sonora,2607603699,540,1,0,0,1,0,0,0,5,sometimes,0,1,0,14.864947998582311,27.57,1167.2333333333331,672.8566159539477,735.25,14052
2013,GoC,Sonora,2607603707,2308,4,0,0,1,0,1,2449097.6116769887,7,sometimes,0,1,0,14.864947998582311,27.57,8758.083333333332,7333.240860306918,6943.466666666666,NA
2013,GoC,Sonora,2607603772,520,1,0,0,1,0,1,357222.3944212259,7,sometimes,0,1,0,14.864947998582311,27.57,1069.0666666666668,1011.8893237254844,779.7666666666667,11871
2013,GoC,Sonora,2607603780,520,1,0,0,1,0,0,0,4,sometimes,0,1,0,14.864947998582311,27.57,1152.3000000000002,1562.6891920179255,789.9833333333333,NA
2013,GoC,Sonora,2607603798,1510,3,0,0,1,0,0,0,4,sometimes,0,1,0,14.864947998582311,27.57,5939.0666666666675,4372.874640636416,4328.533333333333,NA
2013,GoC,Sonora,2607604549,503,1,0,0,1,0,0,0,3,sometimes,0,1,0,14.864947998582311,27.57,2656.149999999998,1372.8477804096165,1671.8333333333333,NA
2013,GoC,Sonora,2607604572,624,1,0,0,1,0,0,0,0,never,0,0,1,14.864947998582311,27.57,964.6999999999997,1335.5639107287338,820.25,NA
2013,GoC,Sonora,2607604754,450,1,0,0,1,0,0,0,0,never,0,0,1,14.864947998582311,27.57,786.4000000000001,662.5685634112598,603.5166666666667,NA
2013,GoC,Sonora,2609001850,365,1,0,0,1,0,1,251844.13113177434,1,sometimes,0,1,0,14.864947998582311,27.57,549.7833333333335,1118.7700954105223,525.75,10700
2013,GoC,Sonora,2609002015,425,1,0,0,1,0,1,269724.81861030345,4,sometimes,0,1,0,14.864947998582311,27.57,586.0499999999997,684.8875852317706,579.05,24525
2013,GoM,Tamaulipas,0402006290,1750,4,0,0,1,0,1,1610925.1957784668,8,sometimes,0,1,0,14.864947998582311,27.57,2065.5666666666666,2432.4777795879163,1451.8666666666666,84079
2013,GoM,Tamaulipas,2808000679,402,1,0,0,1,0,1,558257.1018206313,9,always,1,0,0,14.864947998582311,27.57,2187.6000000000004,1259.6852662333154,1422.3666666666666,17248
2013,GoM,Tamaulipas,2808000885,730,2,0,0,1,0,1,709885.3113742142,8,sometimes,0,1,0,14.864947998582311,27.57,2672.5666666666666,1488.1533218318737,1550.3333333333333,31886
2013,GoM,Tamaulipas,2808001503,5565,14,0,0,1,0,1,2079089.2899002421,9,always,1,0,0,14.864947998582311,27.57,24858.966666666664,8917.099434488997,15435.05,312239
2013,GoM,Tamaulipas,2808001784,365,1,0,0,1,0,0,0,0,never,0,0,1,14.864947998582311,27.57,1131.7500000000002,1961.3766521143166,980.8666666666667,13786
2013,GoM,Tamaulipas,2808002543,502,1,0,0,1,0,1,4465613.532033416,9,always,1,0,0,14.864947998582311,27.57,2516.2000000000003,2181.481171178736,1760.5333333333333,215162
2013,GoM,Tamaulipas,2808002758,965,2,0,0,1,0,1,1199924.0179236822,9,always,1,0,0,14.864947998582311,27.57,2920.749999999998,1683.8918618427183,1462.5666666666666,111489
2013,GoM,Tamaulipas,2808002790,1132,3,0,0,1,0,1,525439.1482040546,9,always,1,0,0,14.864947998582311,27.57,5033.999999999999,1476.0882903375723,2649.1,66413
2013,GoM,Tamaulipas,2808003475,790,2,0,0,1,0,1,938387.5775638018,9,always,1,0,0,14.864947998582311,27.57,4366.750000000002,3731.608883482133,3206.05,63670
2013,GoM,Tamaulipas,2808004220,1936,5,0,0,1,0,1,1378469.3560153095,9,always,1,0,0,14.864947998582311,27.57,6175.966666666667,4788.340530069523,3967.9333333333334,75646
2013,GoM,Tamaulipas,2808004226,1132,3,0,0,1,0,1,58842.58977064405,9,always,1,0,0,14.864947998582311,27.57,3725.2166666666662,1860.02728925705,1930,19653
2013,GoM,Tamaulipas,2808004283,1080,2,0,0,1,0,1,1402358.4849058366,9,always,1,0,0,14.864947998582311,27.57,6000.133333333333,1348.556511923537,2916,120096
2013,GoM,Tamaulipas,2808004564,425,1,0,0,1,0,1,249517.4044493023,9,always,1,0,0,14.864947998582311,27.57,2452.5999999999995,510.78224288895814,1187.55,18513
2013,GoM,Tamaulipas,2808004598,365,1,0,0,1,0,1,227771.2299688469,9,always,1,0,0,14.864947998582311,27.57,1287.566666666667,796.7773787043537,831.0833333333334,15477
2013,GoM,Tamaulipas,2808004622,1500,3,0,0,1,0,1,2258837.0761871804,9,always,1,0,0,14.864947998582311,27.57,5987.300000000001,2613.8807981531845,3478.9666666666667,77332
2013,GoM,Tamaulipas,2808004812,405,1,0,0,1,0,1,505880.35770855576,9,always,1,0,0,14.864947998582311,27.57,1567.0833333333328,1764.0198543501178,1092.3666666666666,24539
2013,GoM,Tamaulipas,2808004895,787,2,0,0,1,0,1,568908.8010993457,9,always,1,0,0,14.864947998582311,27.57,3979.55,1036.832590546298,1661.8666666666668,37473
2013,GoM,Tamaulipas,2808004986,365,1,0,0,1,0,1,201452.91280496435,6,sometimes,0,1,0,14.864947998582311,27.57,717.7666666666663,1165.328946150351,552.1166666666667,19557
2013,GoM,Tamaulipas,2808005041,2860,7,0,0,1,0,1,1889143.4976731096,9,always,1,0,0,14.864947998582311,27.57,12216.733333333328,9273.782452438656,8116.533333333333,144235
2013,GoM,Tamaulipas,2808005058,834,2,0,0,1,0,1,880359.107825542,9,always,1,0,0,14.864947998582311,27.57,3921.4333333333325,1622.9456691764894,1868.4166666666665,50681
2013,GoM,Tamaulipas,2808005066,827,2,0,0,1,0,1,428875.8493560986,9,always,1,0,0,14.864947998582311,27.57,3669.2333333333327,5235.072771343286,2799.7,17386
2013,GoM,Tamaulipas,2808005082,1330,3,0,0,1,0,1,1069995.3748586571,9,always,1,0,0,14.864947998582311,27.57,6178.066666666666,4558.10824133633,3872.7166666666667,57945
2013,GoM,Tamaulipas,2808005546,2092,5,0,0,1,0,1,1129209.308738659,9,always,1,0,0,14.864947998582311,27.57,5432.566666666666,4355.364054206715,3372.383333333333,38986
2013,GoM,Tamaulipas,2808005553,1210,3,0,0,1,0,1,1311998.760440304,9,always,1,0,0,14.864947998582311,27.57,5634.983333333334,2292.6551065593662,2786.2166666666667,80797
2013,GoM,Tamaulipas,2808005579,320,1,0,0,1,0,1,250194.99346194317,7,sometimes,0,1,0,14.864947998582311,27.57,621.5333333333332,905.5599825704236,417.93333333333334,9952
2013,GoM,Tamaulipas,2808005629,1221,3,0,0,1,0,1,313027.0246955736,9,always,1,0,0,14.864947998582311,27.57,4284.483333333332,2518.9661135225915,2410,74896
2013,GoM,Tamaulipas,2808005702,730,2,0,0,1,0,1,172225.3957120424,9,always,1,0,0,14.864947998582311,27.57,2754.8166666666666,3134.899708202815,2086.7166666666667,35813
2013,GoM,Tamaulipas,2808005876,440,1,0,0,1,0,1,1113905.6759208231,9,always,1,0,0,14.864947998582311,27.57,2412.4166666666665,450.3041335305537,1151.6,97855
2013,GoM,Tamaulipas,2808005959,3199,7,0,0,1,0,0,0,5,sometimes,0,1,0,14.864947998582311,27.57,17549.98333333333,11041.713697554595,12284.3,NA
2013,GoM,Tamaulipas,2808006015,850,2,0,0,1,0,1,274455.213157524,9,always,1,0,0,14.864947998582311,27.57,3631.9166666666665,3422.1581185762498,2684.0166666666664,10471
2013,GoM,Tamaulipas,2808006023,400,1,0,0,1,0,1,400220.7999897443,5,sometimes,0,1,0,14.864947998582311,27.57,1458.583333333334,611.1303430193877,668.4833333333333,17937
2013,GoM,Tamaulipas,2808006049,730,2,0,0,1,0,1,627936.3030117572,9,always,1,0,0,14.864947998582311,27.57,4432.249999999998,1726.2263315433252,2208.2166666666667,55824
2013,GoM,Tamaulipas,2808006130,425,1,0,0,1,0,1,405578.1860149235,9,always,1,0,0,14.864947998582311,27.57,1849.1833333333334,504.09389920341107,744.05,6766
2013,GoM,Tamaulipas,2808006189,2037,5,0,0,1,0,1,2215434.016993356,9,always,1,0,0,14.864947998582311,27.57,10920.483333333332,6032.658798228914,6090.383333333333,123563
2013,GoM,Tamaulipas,2808006197,1365,3,0,0,1,0,1,979510.0114584443,9,always,1,0,0,14.864947998582311,27.57,4689.483333333334,1784.126224702894,2152.016666666667,46319
2013,GoM,Tamaulipas,2808006247,365,1,0,0,1,0,1,112264.46744016118,9,always,1,0,0,14.864947998582311,27.57,2083.066666666666,1777.857149771737,1374.55,27359
2013,GoM,Tamaulipas,2808006270,1230,3,0,0,1,0,1,488376.38439062453,9,always,1,0,0,14.864947998582311,27.57,4582.600000000002,4243.713747681886,3109.9833333333336,69308
2013,GoM,Tamaulipas,2808006452,402,1,0,0,1,0,1,448026.41463560786,9,always,1,0,0,14.864947998582311,27.57,2522.683333333334,681.9069681107213,1242.65,20547
2013,GoM,Tamaulipas,2808006494,767,2,0,0,1,0,1,324609.46530813753,9,always,1,0,0,14.864947998582311,27.57,3260.583333333334,2381.3270747377574,2029,36319
2013,GoM,Tamaulipas,2808006551,402,1,0,0,1,0,1,70355.27037794398,9,always,1,0,0,14.864947998582311,27.57,1213.3166666666668,1044.9424004813177,1081.8,15044
2013,GoM,Tamaulipas,2808006619,922,2,0,0,1,0,1,574050.8784663025,9,always,1,0,0,14.864947998582311,27.57,4153.733333333334,2719.511233750888,2711.383333333333,31357
2013,GoM,Tamaulipas,2808006668,402,1,0,0,1,0,1,376916.8040409744,9,always,1,0,0,14.864947998582311,27.57,2612.6999999999985,205.9076695979461,600.95,25816
2013,GoM,Tamaulipas,2808006718,365,1,0,0,1,0,1,435418.9528273234,9,always,1,0,0,14.864947998582311,27.57,1492.7166666666662,843.8220643969208,1078.6333333333332,8309
2013,GoM,Tamaulipas,2808006726,365,1,0,0,1,0,1,367376.350742991,9,always,1,0,0,14.864947998582311,27.57,2378.200000000001,1466.290728090806,1636.55,33209
2013,GoM,Tamaulipas,2808006734,365,1,0,0,1,0,1,222483.40130548875,9,always,1,0,0,14.864947998582311,27.57,1817.7666666666667,967.7955292589219,1095.9333333333334,25438
2013,GoM,Tamaulipas,2808006833,1307,3,0,0,1,0,1,1759304.2710273229,9,always,1,0,0,14.864947998582311,27.57,4959.383333333335,1845.3076293111983,2323.5,94328
2013,GoM,Tamaulipas,2808006858,2642,6,0,0,1,0,1,3288794.1595714204,9,always,1,0,0,14.864947998582311,27.57,13604.18333333333,6288.930578608317,6865.416666666666,160251
2013,GoM,Tamaulipas,2808006866,3567,8,0,0,1,0,1,4995699.395707934,9,always,1,0,0,14.864947998582311,27.57,18138.449999999993,8679.835352671695,10451.683333333334,236922
2013,GoM,Tamaulipas,2808007005,790,2,0,0,1,0,1,571492.5049980137,9,always,1,0,0,14.864947998582311,27.57,4274.099999999997,2442.8310685227125,2836.833333333333,31892
2013,GoM,Tamaulipas,2808007013,1835,5,0,0,1,0,1,1391147.236420048,9,always,1,0,0,14.864947998582311,27.57,5469.433333333333,2588.9376839201072,3400.5666666666666,78760
2013,GoM,Tamaulipas,2808007252,1095,3,0,0,1,0,1,1143156.24370539,9,always,1,0,0,14.864947998582311,27.57,6455.933333333332,1988.6783910434058,3161.616666666667,40065
2013,GoM,Tamaulipas,2808007260,735,2,0,0,1,0,1,694256.4358303109,9,always,1,0,0,14.864947998582311,27.57,2440.9500000000007,2783.321260589118,1770.25,40660
2013,GoM,Tamaulipas,2808007492,827,2,0,0,1,0,1,895236.1761957937,8,sometimes,0,1,0,14.864947998582311,27.57,5364.9833333333345,998.6734543664523,2231.25,41088
2013,GoM,Tamaulipas,2808007500,730,2,0,0,1,0,1,419978.5356854405,9,always,1,0,0,14.864947998582311,27.57,2090.5499999999997,1438.286682258652,1382.5666666666666,23499
2013,GoM,Tamaulipas,2808007518,882,2,0,0,1,0,1,1151116.0781477178,9,always,1,0,0,14.864947998582311,27.57,4749.233333333332,1429.9561168157147,2360.2666666666664,45441
2013,GoM,Tamaulipas,2808007526,402,1,0,0,1,0,1,432428.4422167671,9,always,1,0,0,14.864947998582311,27.57,1238.5499999999997,424.7424937190037,510.6333333333333,21086
2013,GoM,Tamaulipas,2808007542,1392,3,0,0,1,0,1,803701.6263692785,9,always,1,0,0,14.864947998582311,27.57,5370.300000000001,3426.974436924718,3348.9333333333334,63334
2013,GoM,Tamaulipas,2808007690,1827,4,0,0,1,0,1,894280.7123618941,9,always,1,0,0,14.864947998582311,27.57,5099.3166666666675,4438.378413236322,3350.583333333333,116467
2013,GoM,Tamaulipas,2808007708,365,1,0,0,1,0,1,477563.72289206623,8,sometimes,0,1,0,14.864947998582311,27.57,3074.1499999999983,634.5661778902117,1415.65,32380
2013,GoM,Tamaulipas,2808007898,822,2,0,0,1,0,0,0,4,sometimes,0,1,0,14.864947998582311,27.57,5319.86666666667,2250.932908476466,2879.75,NA
2013,GoM,Tamaulipas,2808007906,1258,3,0,0,1,0,0,0,4,sometimes,0,1,0,14.864947998582311,27.57,7260.100000000001,5421.723726925694,4366.333333333333,NA
2013,GoM,Tamaulipas,2808007914,925,2,0,0,1,0,0,0,4,sometimes,0,1,0,14.864947998582311,27.57,4845.083333333332,2156.1981407979547,3056.9666666666667,NA
2013,GoM,Tamaulipas,2808007922,1206,3,0,0,1,0,0,0,4,sometimes,0,1,0,14.864947998582311,27.57,7694.2,4028.295000589731,4739.433333333333,NA
2013,GoM,Tamaulipas,2808007963,520,1,0,0,1,0,0,0,4,sometimes,0,1,0,14.864947998582311,27.57,1864.2333333333336,1002.9058236089018,968.5166666666667,NA
2013,GoM,Tamaulipas,2808008029,402,1,0,0,1,0,0,0,3,sometimes,0,1,0,14.864947998582311,27.57,2191.7166666666685,1860.3637114911426,1647.0833333333333,NA
2013,GoM,Tamaulipas,2808008086,565,1,0,0,1,0,0,0,0,never,0,0,1,14.864947998582311,27.57,1242.2500000000002,1178.8876563101246,930.5,NA
2013,GoM,Tamaulipas,3010002552,730,2,0,0,1,0,1,188148.86416125463,9,always,1,0,0,14.864947998582311,27.57,1982.083333333333,1565.025438212566,1209.2166666666667,17541
2013,GoM,Veracruz,0402006571,2152,5,0,0,1,0,1,1619181.39625623,8,sometimes,0,1,0,14.864947998582311,27.57,5881.25,3981.4688820888805,3883.7166666666667,81160
2013,GoM,Veracruz,2508010366,375,1,0,0,1,0,1,325480.5788088747,7,sometimes,0,1,0,14.864947998582311,27.57,1516.8999999999994,700.7695720470248,1102.5666666666666,10910
2013,GoM,Veracruz,3001000581,365,1,0,0,1,0,1,467228.90729739435,9,always,1,0,0,14.864947998582311,27.57,1297.0499999999993,950.7834566962805,1231.9,16702
2013,GoM,Veracruz,3001004716,930,2,0,0,1,0,1,794935.2710236803,8,sometimes,0,1,0,14.864947998582311,27.57,2148.7000000000007,2382.2978611691024,1884,8595
2013,GoM,Veracruz,3001007941,800,2,0,0,1,0,1,859689.4766361982,9,always,1,0,0,14.864947998582311,27.57,3072.6833333333325,1811.7522181833074,2536.9166666666665,21905
2013,GoM,Veracruz,3001008709,402,1,0,0,1,0,1,521768.87016384484,9,always,1,0,0,14.864947998582311,27.57,1235.116666666666,796.8325640439398,1081.2166666666667,12336
2013,GoM,Veracruz,3001008816,420,1,0,0,1,0,0,0,5,sometimes,0,1,0,14.864947998582311,27.57,1207.7,879.5771264369376,1069.3333333333333,7693
2013,GoM,Veracruz,3001009384,370,1,0,0,1,0,1,420936.02595377044,9,always,1,0,0,14.864947998582311,27.57,1474.2333333333343,983.2314310873877,1411.0166666666667,18620
2013,GoM,Veracruz,3001009434,450,1,0,0,1,0,1,587762.2404305082,9,always,1,0,0,14.864947998582311,27.57,1982.3166666666675,1356.3245503678675,1685.0666666666666,13826
2013,GoM,Veracruz,3001009673,365,1,0,0,1,0,1,416413.5309138863,7,sometimes,0,1,0,14.864947998582311,27.57,284.99999999999994,588.5999856392496,198.51666666666665,4750
2013,GoM,Veracruz,3001009889,850,2,0,0,1,0,1,815009.1304905077,7,sometimes,0,1,0,14.864947998582311,27.57,1439.0666666666664,1309.7297690212029,1297.1166666666668,50348
2013,GoM,Veracruz,3001010721,402,1,0,0,1,0,0,0,0,never,0,0,1,14.864947998582311,27.57,611.2666666666668,737.0637268960112,561.7833333333333,NA
2013,GoM,Veracruz,3001010762,402,1,0,0,1,0,0,0,0,never,0,0,1,14.864947998582311,27.57,902.8666666666664,518.099760576211,647.45,NA
2013,GoM,Veracruz,3003005919,730,2,0,0,1,0,1,2178774.424975055,7,sometimes,0,1,0,14.864947998582311,27.57,88.05,143.38452521597682,70.03333333333333,107597
2013,GoM,Veracruz,3010002446,370,1,0,0,1,0,0,0,0,never,0,0,1,14.864947998582311,27.57,28.900000000000002,106.81673481637381,20.866666666666667,NA
2013,GoM,Veracruz,3010002933,2134,5,0,0,1,0,1,2926377.3804445053,9,always,1,0,0,14.864947998582311,27.57,10332.216666666667,4573.04485646117,7379.55,185245
2013,GoM,Veracruz,3010003055,1020,2,0,0,1,0,0,0,3,sometimes,0,1,0,14.864947998582311,27.57,1825.2833333333333,2525.873446065403,1209.9499999999998,NA
2013,GoM,Veracruz,3011012345,220,1,0,0,1,0,1,354445.16603446164,9,always,1,0,0,14.864947998582311,27.57,368.7166666666667,317.75314730581425,363.73333333333335,5590
2013,GoM,Veracruz,3012003673,1675,4,0,0,1,0,1,824106.5545611607,3,sometimes,0,1,0,14.864947998582311,27.57,4759.583333333334,4921.793004574418,2785.4833333333336,43434
2013,GoM,Yucatan,3105005155,402,1,0,0,1,0,1,69961.6354898528,2,sometimes,0,1,0,14.864947998582311,27.57,389.4500000000002,339.50506001793593,149.58333333333334,NA
2014,GoC,Baja california,0203014741,373,1,0,0,1,0,1,44728.261066341336,9,always,1,0,0,16.08256941683663,28.25,13.783333333333331,11.696290663846016,12.766666666666666,NA
2014,GoC,Baja california,0207000092,1233,3,0,0,1,0,0,0,4,sometimes,0,1,0,16.08256941683663,28.25,5010.683333333334,3946.517489242107,3982.8500000000004,31614
2014,GoC,Baja california,0207001926,1872,3,0,0,1,0,1,15390.352640926878,9,always,1,0,0,16.08256941683663,28.25,1375.7666666666669,3000.0485550762724,1170.25,5841
2014,GoC,Baja california,0313000036,365,1,0,0,1,0,0,0,0,never,0,0,1,16.08256941683663,28.25,15,0,0,NA
2014,GoC,Baja california,2507002232,425,1,0,0,1,0,0,0,5,sometimes,0,1,0,16.08256941683663,28.25,842.3166666666666,1582.2016278674844,726.3166666666666,3086
2014,GoC,Baja california sur,0305000242,365,1,0,0,1,0,0,0,7,sometimes,0,1,0,16.08256941683663,28.25,595.8333333333333,877.8279678138899,570.8166666666667,14345
2014,GoM,Campeche,0401002423,402,1,0,0,1,0,0,0,1,sometimes,0,1,0,16.08256941683663,28.25,907.0666666666668,823.8374005583698,751.1,41392
2014,GoM,Campeche,0401002472,5480,13,0,0,1,0,1,863563.4014848786,9,always,1,0,0,16.08256941683663,28.25,31431.48333333334,20381.378440391934,23070.95,436252
2014,GoM,Campeche,0401002480,1472,3,0,0,1,0,1,17350.67445674114,9,always,1,0,0,16.08256941683663,28.25,5333.9,3891.8896503464543,3836.85,115828
2014,GoM,Campeche,0401002613,1100,2,0,0,1,0,1,12175.911899467466,9,always,1,0,0,16.08256941683663,28.25,4128.716666666666,1711.7915772061156,2384.3999999999996,73966
2014,GoM,Campeche,0401002654,1689,4,0,0,1,0,1,42798.330326628144,9,always,1,0,0,16.08256941683663,28.25,5974.166666666665,4316.33567862441,4437.9,45296
2014,GoM,Campeche,0401002662,2916,7,0,0,1,0,1,17046.276659254454,9,always,1,0,0,16.08256941683663,28.25,17441.48333333333,9328.144965066691,11208.516666666666,290044
2014,GoM,Campeche,0401002837,1174,3,0,0,1,0,1,170206.09836970377,9,always,1,0,0,16.08256941683663,28.25,7527.400000000003,4183.95092265069,5529.333333333334,113069
2014,GoM,Campeche,0401002860,2250,5,0,0,1,0,1,207538.41832642298,9,always,1,0,0,16.08256941683663,28.25,7912.000000000004,4639.474630845724,5412.783333333334,141060
2014,GoM,Campeche,0401002894,365,1,0,0,1,0,1,35918.94010342903,9,always,1,0,0,16.08256941683663,28.25,1710.9166666666665,1261.1174872431675,1309.8,26912
2014,GoM,Campeche,0401002902,402,1,0,0,1,0,1,42372.17341014678,9,always,1,0,0,16.08256941683663,28.25,1917.1000000000004,1577.871587231824,1434.8,29943
2014,GoM,Campeche,0401002910,1095,3,0,0,1,0,1,69207.88323657308,9,always,1,0,0,16.08256941683663,28.25,3693.5333333333338,2884.08016836877,2488.116666666667,50759
2014,GoM,Campeche,0401002928,1175,3,0,0,1,0,0,0,7,sometimes,0,1,0,16.08256941683663,28.25,4068.2000000000007,3214.8294780973365,2806.166666666667,46109
2014,GoM,Campeche,0401002944,730,2,0,0,1,0,1,80507.12947927888,9,always,1,0,0,16.08256941683663,28.25,4903.366666666667,3127.200339226035,3784.5,66619
2014,GoM,Campeche,0401002951,402,1,0,0,1,0,1,42372.17341014678,9,always,1,0,0,16.08256941683663,28.25,531.4166666666666,982.6680782207653,448.6,3900
2014,GoM,Campeche,0401002969,1043,2,0,0,1,0,1,42372.17341014678,9,always,1,0,0,16.08256941683663,28.25,4598.816666666663,2404.898298124219,2948.3500000000004,51086
2014,GoM,Campeche,0401002977,402,1,0,0,1,0,1,42372.17341014678,8,sometimes,0,1,0,16.08256941683663,28.25,1625.7666666666667,1819.7623923638473,1407.05,23377
2014,GoM,Campeche,0401002985,1205,3,0,0,1,0,1,48399.24980038318,8,sometimes,0,1,0,16.08256941683663,28.25,6994.366666666665,3965.055506721701,4864,75333
2014,GoM,Campeche,0401002993,365,1,0,0,1,0,0,0,6,sometimes,0,1,0,16.08256941683663,28.25,987.883333333333,955.2395825062528,582.8666666666667,24047
2014,GoM,Campeche,0401003132,740,2,0,0,1,0,0,0,8,sometimes,0,1,0,16.08256941683663,28.25,2399.75,1977.6892879053844,1918.7166666666667,20850
2014,GoM,Campeche,0401003165,420,1,0,0,1,0,1,56922.388130010404,9,always,1,0,0,16.08256941683663,28.25,2648.816666666669,784.5301108735792,1397.9666666666667,30429
2014,GoM,Campeche,0401003207,400,1,0,0,1,0,0,0,0,never,0,0,1,16.08256941683663,28.25,2069.633333333333,685.2195639451772,1183.9833333333333,38689
2014,GoM,Campeche,0401003512,380,1,0,0,1,0,1,3043.9779748668666,9,always,1,0,0,16.08256941683663,28.25,1780.0166666666655,1246.1401438453026,1184.95,14025
2014,GoM,Campeche,0401003637,500,1,0,0,1,0,1,67271.91324455776,9,always,1,0,0,16.08256941683663,28.25,1260.0999999999995,1096.6175999662687,950.3166666666666,32918
2014,GoM,Campeche,0401004429,365,1,0,0,1,0,1,18020.349611211852,9,always,1,0,0,16.08256941683663,28.25,1726.7666666666664,878.488476340848,1098.3666666666666,11993
2014,GoM,Campeche,0401004478,925,2,0,0,1,0,1,17119.33213065126,9,always,1,0,0,16.08256941683663,28.25,2633.85,1639.848612515073,1679.0166666666667,22450
2014,GoM,Campeche,0401004486,1365,3,0,0,1,0,1,113844.77626002081,9,always,1,0,0,16.08256941683663,28.25,5060.816666666666,2932.388100596096,3096.9666666666667,66946
2014,GoM,Campeche,0401004502,815,2,0,0,1,0,1,119019.53881729448,9,always,1,0,0,16.08256941683663,28.25,4980.066666666666,2893.2758797273355,3618.583333333333,52996
2014,GoM,Campeche,0401004973,365,1,0,0,1,0,0,0,5,sometimes,0,1,0,16.08256941683663,28.25,585.4166666666667,780.9389479198994,388.3666666666667,15604
2014,GoM,Campeche,0401005012,2594,6,0,0,1,0,1,339099.14640016895,9,always,1,0,0,16.08256941683663,28.25,13119.899999999996,8125.371773179622,9168.933333333334,203739
2014,GoM,Campeche,0401005384,432,1,0,0,1,0,1,58444.37711744384,9,always,1,0,0,16.08256941683663,28.25,2098.3333333333344,917.4935501233708,1410.6833333333334,40289
2014,GoM,Campeche,0401006093,540,1,0,0,1,0,1,6087.955949733733,9,always,1,0,0,16.08256941683663,28.25,2299.85,1028.8548088866755,1260.2333333333333,46733
2014,GoM,Campeche,0402004402,402,1,0,0,1,0,0,0,0,never,0,0,1,16.08256941683663,28.25,903.3833333333331,727.425205465979,678.7833333333333,NA
2014,GoM,Campeche,0402004618,1310,3,0,0,1,0,0,0,3,sometimes,0,1,0,16.08256941683663,28.25,4468.433333333333,3478.86770629921,3606.9333333333334,44956
2014,GoM,Campeche,0402005276,1425,3,0,0,1,0,1,108670.01370274714,9,always,1,0,0,16.08256941683663,28.25,4716.749999999999,2930.4027371172333,3142.6,84735
2014,GoM,Campeche,0402006282,365,1,0,0,1,0,1,21624.41953345422,9,always,1,0,0,16.08256941683663,28.25,1620.25,829.92113140936,1015.3166666666666,30185
2014,GoM,Campeche,0402006522,400,1,0,0,1,0,1,36040.699222423704,7,sometimes,0,1,0,16.08256941683663,28.25,1587.9999999999998,1072.2003722711177,1381,31722
2014,GoM,Campeche,0402006555,500,1,0,0,1,0,1,22525.437014014813,7,sometimes,0,1,0,16.08256941683663,28.25,1234.7500000000002,846.6158339323081,868.7166666666667,48315
2014,GoM,Campeche,2305000495,365,1,0,0,1,0,0,0,2,sometimes,0,1,0,16.08256941683663,28.25,1976.016666666667,718.8295518004031,1499.0833333333333,1106
2014,GoM,Campeche,2306001112,400,1,0,0,1,0,0,0,7,sometimes,0,1,0,16.08256941683663,28.25,813,654.0367986638349,543.0666666666667,7595
2014,GoM,Campeche,2808000489,2393,6,0,0,1,0,1,97407.29519573973,9,always,1,0,0,16.08256941683663,28.25,10048.816666666668,7789.728795541652,7286.716666666667,152363
2014,GoM,Campeche,2808004739,402,1,0,0,1,0,1,27030.524416817774,9,always,1,0,0,16.08256941683663,28.25,2021.866666666667,1626.8922582911823,1507.35,18674
2014,Pacific,Chiapas,0705002988,220,1,0,0,1,0,0,0,4,sometimes,0,1,0,16.08256941683663,28.25,1317.0500000000006,2935.2952327866496,1252.0666666666666,8774
2014,Pacific,Chiapas,0705003143,305,1,0,0,1,0,0,0,1,sometimes,0,1,0,16.08256941683663,28.25,257.98333333333335,747.9271970023435,243.98333333333332,NA
2014,GoC,Nayarit,1802000420,365,1,0,0,1,0,0,0,3,sometimes,0,1,0,16.08256941683663,28.25,2665.9833333333304,2390.474418415486,2183.8166666666666,3024
2014,GoC,Nayarit,1802001733,520,1,0,0,1,0,0,0,4,sometimes,0,1,0,16.08256941683663,28.25,930.4833333333335,1612.8230418021167,840.4499999999999,7796
2014,GoC,Nayarit,1802002764,365,1,0,0,1,0,0,0,0,never,0,0,1,16.08256941683663,28.25,979.3666666666663,1345.4320668453972,735,12526
2014,GoC,Nayarit,1802003614,402,1,0,0,1,0,0,0,0,never,0,0,1,16.08256941683663,28.25,829.6000000000001,1117.2228332724092,753.4833333333333,NA
2014,Pacific,Oaxaca,2005000068,365,1,0,0,1,0,0,0,6,sometimes,0,1,0,16.08256941683663,28.25,1780.5166666666667,1909.4351630188553,1466.75,15913
2014,Pacific,Oaxaca,2005000217,1565,4,0,0,1,0,0,0,8,sometimes,0,1,0,16.08256941683663,28.25,4775.0166666666655,5420.095439462696,3730.4166666666665,45368
2014,Pacific,Oaxaca,2005000282,745,2,0,0,1,0,0,0,8,sometimes,0,1,0,16.08256941683663,28.25,1645.333333333334,2675.7941296702347,1404.5333333333333,13437
2014,Pacific,Oaxaca,2005000399,1095,3,0,0,1,0,0,0,8,sometimes,0,1,0,16.08256941683663,28.25,5924.6500000000005,4194.0249776790115,4063.666666666667,54103
2014,Pacific,Oaxaca,2005000779,365,1,0,0,1,0,0,0,5,sometimes,0,1,0,16.08256941683663,28.25,1669.7,1455.1554071887865,1359.95,14051
2014,Pacific,Oaxaca,2005002585,3460,9,0,0,1,0,0,0,8,sometimes,0,1,0,16.08256941683663,28.25,13839.933333333332,10884.433399644708,8706.533333333333,285093
2014,Pacific,Oaxaca,2005002809,3850,10,0,0,1,0,0,0,8,sometimes,0,1,0,16.08256941683663,28.25,15086.516666666665,13910.103444936016,9464.833333333334,282681
2014,Pacific,Oaxaca,2005003005,343,1,0,0,1,0,0,0,8,sometimes,0,1,0,16.08256941683663,28.25,1618.3833333333337,1199.3889678047246,905.5333333333333,31768
2014,Pacific,Oaxaca,2005003260,365,1,0,0,1,0,0,0,4,sometimes,0,1,0,16.08256941683663,28.25,1292.8166666666668,1762.857307703033,1077.3666666666668,16468
2014,Pacific,Oaxaca,2005003518,360,1,0,0,1,0,0,0,0,never,0,0,1,16.08256941683663,28.25,14.433333333333334,69.45789762822913,12.433333333333334,NA
2014,Pacific,Oaxaca,2005003559,370,1,0,0,1,0,0,0,1,sometimes,0,1,0,16.08256941683663,28.25,1101.7833333333328,1680.932618426558,933.8833333333333,7143
2014,Pacific,Oaxaca,2005003815,365,1,0,0,1,0,0,0,7,sometimes,0,1,0,16.08256941683663,28.25,739.7166666666661,2269.3850258875486,662.8666666666667,10178
2014,Pacific,Oaxaca,2005004417,380,1,0,0,1,0,0,0,7,sometimes,0,1,0,16.08256941683663,28.25,655.2333333333329,828.5865265453781,538.05,12341
2014,Pacific,Oaxaca,2005004789,420,1,0,0,1,0,0,0,6,sometimes,0,1,0,16.08256941683663,28.25,1866.3333333333337,1653.8910093615316,1510.4833333333333,NA
2014,GoM,Quintana roo,2306000841,1440,3,0,0,1,0,1,81091.57325045332,9,always,1,0,0,16.08256941683663,28.25,5656.866666666666,1957.0135742330472,4331.75,146559
2014,GoM,Quintana roo,2306001401,450,1,0,0,1,0,0,0,8,sometimes,0,1,0,16.08256941683663,28.25,1984.283333333333,888.9495527658172,1338.1166666666666,226401
2014,GoC,Sinaloa,0305001588,450,1,0,0,1,0,1,49689.896461726734,5,sometimes,0,1,0,16.08256941683663,28.25,902.3166666666666,880.7370031882318,579.4166666666666,8654
2014,GoC,Sinaloa,1802002525,730,2,0,0,1,0,0,0,5,sometimes,0,1,0,16.08256941683663,28.25,3125.1499999999996,3147.6823644508136,2229.883333333333,3977
2014,GoC,Sinaloa,2505001798,2645,6,0,0,1,0,1,4724.253816993377,9,always,1,0,0,16.08256941683663,28.25,7751.916666666666,7858.811980505327,6716.166666666667,141572
2014,GoC,Sinaloa,2505002721,1457,3,0,0,1,0,0,0,8,sometimes,0,1,0,16.08256941683663,28.25,3668.8333333333335,3399.2579413600442,2474.633333333333,25646
2014,GoC,Sinaloa,2505002846,624,1,0,0,1,0,0,0,6,sometimes,0,1,0,16.08256941683663,28.25,2047.0333333333338,1806.5322680250842,1593.85,19623
2014,GoC,Sinaloa,2505004164,1534,3,0,0,1,0,0,0,5,sometimes,0,1,0,16.08256941683663,28.25,3669.5499999999997,3226.9552186837855,3044.9333333333334,41966
2014,GoC,Sinaloa,2505004263,805,2,0,0,1,0,0,0,5,sometimes,0,1,0,16.08256941683663,28.25,1724.8500000000001,2035.6525667907185,1430.2833333333333,20081
2014,GoC,Sinaloa,2507002406,425,1,0,0,1,0,1,32451.240394460692,9,always,1,0,0,16.08256941683663,28.25,1452.85,922.727288215021,1301.4833333333333,20870
2014,GoC,Sinaloa,2507002513,365,1,0,0,1,0,0,0,8,sometimes,0,1,0,16.08256941683663,28.25,693.9166666666666,1106.6753700251222,603,12892
2014,GoC,Sinaloa,2507002703,365,1,0,0,1,0,1,21417.429031163272,9,always,1,0,0,16.08256941683663,28.25,1390.7333333333331,1515.9514900723466,1219.85,34882
2014,GoC,Sinaloa,2507003503,440,1,0,0,1,0,0,0,5,sometimes,0,1,0,16.08256941683663,28.25,878.8166666666666,1278.0089521241946,836.45,7165
2014,GoC,Sinaloa,2507003958,2895,6,0,0,1,0,1,435406.2261966728,9,always,1,0,0,16.08256941683663,28.25,6018.733333333332,5799.027763105971,5587.466666666667,97598
2014,GoC,Sinaloa,2507004600,365,1,0,0,1,0,1,2410.8305560945582,9,always,1,0,0,16.08256941683663,28.25,1015.0333333333333,1174.2860760096805,849.5833333333334,10964
2014,GoC,Sinaloa,2507005581,402,1,0,0,1,0,1,31345.667593989045,8,sometimes,0,1,0,16.08256941683663,28.25,1723.3333333333333,1467.3752805308084,1551.4833333333333,21720
2014,GoC,Sinaloa,2508000789,605,2,0,0,1,0,1,99647.66298524174,8,sometimes,0,1,0,16.08256941683663,28.25,946.2999999999997,2016.5778714290973,741.15,34862
2014,GoC,Sinaloa,2508001050,730,2,0,0,1,0,1,61074.374087728815,8,sometimes,0,1,0,16.08256941683663,28.25,5248.466666666667,4431.400011920701,4234.433333333333,30377
2014,GoC,Sinaloa,2508005069,1095,3,0,0,1,0,0,0,8,sometimes,0,1,0,16.08256941683663,28.25,6088.433333333332,6778.503679834019,4901.4,37281
2014,GoC,Sinaloa,2508005234,3469,8,0,0,1,0,1,354392.0917459001,9,always,1,0,0,16.08256941683663,28.25,10491.533333333331,11198.086381186597,7961.583333333334,86113
2014,GoC,Sinaloa,2508005366,15448,31,0,0,1,0,1,422954.65165180137,9,always,1,0,0,16.08256941683663,28.25,58157.05,48817.02641084746,45277.45,535372
2014,GoC,Sinaloa,2508005374,1582,4,0,0,1,0,1,158311.206516876,9,always,1,0,0,16.08256941683663,28.25,8693.68333333333,6687.344429463235,7774.4000000000005,55157
2014,GoC,Sinaloa,2508005382,20824,40,0,0,1,0,1,1368307.0626207348,9,always,1,0,0,16.08256941683663,28.25,70999.48333333332,60828.58963390013,57150.049999999996,618467
2014,GoC,Sinaloa,2508005408,1980,5,0,0,1,0,1,102058.4935413363,9,always,1,0,0,16.08256941683663,28.25,6214.033333333333,5770.392254152233,4598.766666666666,22576
2014,GoC,Sinaloa,2508005424,1345,3,0,0,1,0,1,152685.93521932204,8,sometimes,0,1,0,16.08256941683663,28.25,5213.5999999999985,3991.2899886664363,4340.866666666667,46901
2014,GoC,Sinaloa,2508005507,1270,3,0,0,1,0,0,0,8,sometimes,0,1,0,16.08256941683663,28.25,3626.266666666666,4660.757248907951,3105.9833333333336,63485
2014,GoC,Sinaloa,2508005523,3150,7,0,0,1,0,1,27833.404047468663,9,always,1,0,0,16.08256941683663,28.25,9759.316666666668,6529.556885806168,6118.3499999999995,138486
2014,GoC,Sinaloa,2508005606,750,2,0,0,1,0,1,80361.01853648528,9,always,1,0,0,16.08256941683663,28.25,1584.7666666666669,1282.3044942704441,1047.6333333333334,31757
2014,GoC,Sinaloa,2508005648,11167,25,0,0,1,0,1,54522.02885814939,9,always,1,0,0,16.08256941683663,28.25,43455.86666666666,39643.607368220706,34536.35,377311
2014,GoC,Sinaloa,2508005705,2315,6,0,0,1,0,0,0,8,sometimes,0,1,0,16.08256941683663,28.25,14805.316666666668,13499.052186672863,11670.366666666667,93934
2014,GoC,Sinaloa,2508005846,1747,5,0,0,1,0,1,48216.61112189117,9,always,1,0,0,16.08256941683663,28.25,3872.4500000000003,4205.405987220616,2968.4333333333334,19781
2014,GoC,Sinaloa,2508005853,365,1,0,0,1,0,1,30537.187043864407,8,sometimes,0,1,0,16.08256941683663,28.25,1091.6499999999999,1089.4647520923957,949.8,14947
2014,GoC,Sinaloa,2508005879,9811,23,0,0,1,0,1,1061769.9574133118,9,always,1,0,0,16.08256941683663,28.25,20647.266666666666,20770.266707928175,14450.083333333334,435700
2014,GoC,Sinaloa,2508005937,1202,3,0,0,1,0,0,0,8,sometimes,0,1,0,16.08256941683663,28.25,3622.416666666666,2490.75147193103,2370.3,28172
2014,GoC,Sinaloa,2508005994,402,1,0,0,1,0,1,32144.407414594112,7,sometimes,0,1,0,16.08256941683663,28.25,412.89999999999986,865.082195144722,329.91666666666663,10688
2014,GoC,Sinaloa,2508006125,3045,7,0,0,1,0,1,444396.4325067636,9,always,1,0,0,16.08256941683663,28.25,14153.1,15573.912318932451,11930.183333333334,162658
2014,GoC,Sinaloa,2508006166,480,2,0,0,1,0,0,0,8,sometimes,0,1,0,16.08256941683663,28.25,2242.0166666666664,4093.732305045695,2143.0166666666664,9268
2014,GoC,Sinaloa,2508006208,1102,2,0,0,1,0,1,96433.22224378234,9,always,1,0,0,16.08256941683663,28.25,1704.6166666666672,2283.248783489009,1167.6,17521
2014,GoC,Sinaloa,2508006224,365,1,0,0,1,0,1,28126.356487769848,9,always,1,0,0,16.08256941683663,28.25,702.9333333333334,662.4124453615227,566.1666666666667,19506
2014,GoC,Sinaloa,2508006240,934,2,0,0,1,0,1,1948.1459039147946,9,always,1,0,0,16.08256941683663,28.25,3101.3666666666672,2059.4223476615466,2217.1666666666665,43550
2014,GoC,Sinaloa,2508006349,385,1,0,0,1,0,0,0,0,never,0,0,1,16.08256941683663,28.25,24.65,161.0202585265007,16.833333333333332,NA
2014,GoC,Sinaloa,2508006398,992,3,0,0,1,0,0,0,8,sometimes,0,1,0,16.08256941683663,28.25,4436.449999999999,4206.4636303395655,3356.2000000000003,11646
2014,GoC,Sinaloa,2508006752,402,1,0,0,1,0,0,0,3,sometimes,0,1,0,16.08256941683663,28.25,834.4166666666664,594.9050794144047,530.4,13962
2014,GoC,Sinaloa,2508006778,17351,39,0,0,1,0,1,436162.71560298675,9,always,1,0,0,16.08256941683663,28.25,47588.933333333334,42246.010545278514,33793.28333333333,596783
2014,GoC,Sinaloa,2508006810,425,1,0,0,1,0,0,0,6,sometimes,0,1,0,16.08256941683663,28.25,818.85,654.0758244045714,780.8666666666667,8295
2014,GoC,Sinaloa,2508006836,3347,8,0,0,1,0,1,42518.28435294039,9,always,1,0,0,16.08256941683663,28.25,10127.699999999999,8206.190438953216,7598.516666666666,140645
2014,GoC,Sinaloa,2508006869,365,1,0,0,1,0,1,21697.475004851025,7,sometimes,0,1,0,16.08256941683663,28.25,1865.4666666666665,1154.1891449217173,1254.6,12180
2014,GoC,Sinaloa,2508007073,1880,4,0,0,1,0,1,6696.751544707106,9,always,1,0,0,16.08256941683663,28.25,5738.116666666668,4060.1606355706426,3842.05,55765
2014,GoC,Sinaloa,2508007123,623,1,0,0,1,0,1,80511.05012291051,7,sometimes,0,1,0,16.08256941683663,28.25,1110.4666666666665,865.0941764536065,752.4333333333333,11900
2014,GoC,Sinaloa,2508007362,365,1,0,0,1,0,1,28126.356487769848,7,sometimes,0,1,0,16.08256941683663,28.25,1342.2333333333338,1541.307749504084,916.9166666666666,12788
2014,GoC,Sinaloa,2508007388,790,2,0,0,1,0,1,38962.918078295894,4,sometimes,0,1,0,16.08256941683663,28.25,1557.7499999999995,1891.4229218156256,1280.6166666666666,42138
2014,GoC,Sinaloa,2508007685,365,1,0,0,1,0,1,26519.136117040143,9,always,1,0,0,16.08256941683663,28.25,1422.7166666666667,1265.5462884560675,1091.3,20272
2014,GoC,Sinaloa,2508007693,355,1,0,0,1,0,1,48216.61112189117,8,sometimes,0,1,0,16.08256941683663,28.25,1142.6499999999996,984.0088791354534,936,4709
2014,GoC,Sinaloa,2508007867,400,1,0,0,1,0,1,38902.03851879855,9,always,1,0,0,16.08256941683663,28.25,1593.6666666666667,1767.5480919880117,1212.55,12610
2014,GoC,Sinaloa,2508007909,2150,6,0,0,1,0,0,0,8,sometimes,0,1,0,16.08256941683663,28.25,5847.416666666667,5168.919225782064,4330.083333333333,109486
2014,GoC,Sinaloa,2508007933,1070,2,0,0,1,0,1,123514.88549057787,9,always,1,0,0,16.08256941683663,28.25,3381.6500000000005,3383.9670897580545,2669.166666666667,24797
2014,GoC,Sinaloa,2508007941,470,1,0,0,1,0,1,17448.08175193688,9,always,1,0,0,16.08256941683663,28.25,2055.349999999999,1665.6624273565562,1495.5666666666666,22902
2014,GoC,Sinaloa,2508008428,365,1,0,0,1,0,1,24108.305560945584,9,always,1,0,0,16.08256941683663,28.25,1409.9833333333333,1605.0753941109213,1124.8833333333334,10945
2014,GoC,Sinaloa,2508008444,385,1,0,0,1,0,1,90807.95094622836,9,always,1,0,0,16.08256941683663,28.25,1335.6833333333332,843.5156090961788,1085.5666666666666,39586
2014,GoC,Sinaloa,2508008469,365,1,0,0,1,0,1,28126.356487769848,9,always,1,0,0,16.08256941683663,28.25,757.4333333333333,1034.3926739870874,574.7333333333333,7196
2014,GoC,Sinaloa,2508008477,835,2,0,0,1,0,1,92415.17131695808,9,always,1,0,0,16.08256941683663,28.25,1972.9499999999996,2412.2960348830866,1452.1333333333332,31299
2014,GoC,Sinaloa,2508008485,815,2,0,0,1,0,1,96433.22224378234,9,always,1,0,0,16.08256941683663,28.25,3137.833333333333,2656.9918086137895,2258.75,27062
2014,GoC,Sinaloa,2508008493,785,2,0,0,1,0,1,84379.06946330954,9,always,1,0,0,16.08256941683663,28.25,2062.3499999999995,2218.8672444732465,1592.2666666666667,24645
2014,GoC,Sinaloa,2508008501,804,2,0,0,1,0,1,24108.305560945584,7,sometimes,0,1,0,16.08256941683663,28.25,1829.3333333333333,1893.3166898170716,1296.6833333333334,21119
2014,GoC,Sinaloa,2508008733,402,1,0,0,1,0,1,41434.62819388779,9,always,1,0,0,16.08256941683663,28.25,1046.3499999999995,869.0430691040307,705.0166666666667,37180
2014,GoC,Sinaloa,2508009053,11141,25,0,0,1,0,1,1439363.0057654092,9,always,1,0,0,16.08256941683663,28.25,36221.6,32218.930743653033,28673.266666666666,585205
2014,GoC,Sinaloa,2508009079,815,2,0,0,1,0,1,94826.00187305264,9,always,1,0,0,16.08256941683663,28.25,2322.8,2512.518326319071,1755.7,33128
2014,GoC,Sinaloa,2508009095,365,1,0,0,1,0,0,0,8,sometimes,0,1,0,16.08256941683663,28.25,1374.0833333333335,1664.1478771662678,961.1333333333333,9752
2014,GoC,Sinaloa,2508009111,365,1,0,0,1,0,0,0,7,sometimes,0,1,0,16.08256941683663,28.25,466.4500000000002,1007.8381640319523,406.55,3367
2014,GoC,Sinaloa,2508009202,365,1,0,0,1,0,0,0,8,sometimes,0,1,0,16.08256941683663,28.25,1099,1132.597804203152,692.5333333333333,17887
2014,GoC,Sinaloa,2508009210,804,2,0,0,1,0,1,60197.708430967155,9,always,1,0,0,16.08256941683663,28.25,3269.833333333332,2720.6863060922306,2215.633333333333,48377
2014,GoC,Sinaloa,2508009368,500,1,0,0,1,0,0,0,8,sometimes,0,1,0,16.08256941683663,28.25,1876.8666666666668,1527.93216459398,1614.9333333333334,12353
2014,GoC,Sinaloa,2508009822,730,2,0,0,1,0,1,75539.35742429616,8,sometimes,0,1,0,16.08256941683663,28.25,2580.7,2417.132207650755,1988.0833333333333,32606
2014,GoC,Sinaloa,2508009897,1630,4,0,0,1,0,0,0,8,sometimes,0,1,0,16.08256941683663,28.25,4763.533333333334,3384.68898814096,3565.0333333333333,65552
2014,GoC,Sinaloa,2508009921,2505,5,0,0,1,0,1,297335.76858499553,9,always,1,0,0,16.08256941683663,28.25,10055.483333333334,9705.939054354474,8282.916666666666,94336
2014,GoC,Sinaloa,2508009947,365,1,0,0,1,0,1,42109.17371311829,9,always,1,0,0,16.08256941683663,28.25,1897.9,2991.0796965727977,1729.9,9959
2014,GoC,Sinaloa,2508010168,894,2,0,0,1,0,1,79691.34338201457,9,always,1,0,0,16.08256941683663,28.25,2543.7999999999997,2413.112388388445,2318.4666666666667,21020
2014,GoC,Sinaloa,2508010341,335,1,0,0,1,0,0,0,6,sometimes,0,1,0,16.08256941683663,28.25,610.8333333333333,879.9954428525402,526.05,3179
2014,GoC,Sinaloa,2508010481,1440,3,0,0,1,0,1,106880.15465352542,8,sometimes,0,1,0,16.08256941683663,28.25,2711.95,2911.850191345149,2180.1833333333334,47541
2014,GoC,Sinaloa,2508010507,520,1,0,0,1,0,1,69463.5773864619,9,always,1,0,0,16.08256941683663,28.25,767.0333333333332,806.9933258358595,395.46666666666664,6183
2014,GoC,Sinaloa,2508010515,440,1,0,0,1,0,1,45172.6331470243,7,sometimes,0,1,0,16.08256941683663,28.25,347.8166666666667,1427.5521667865908,267.83333333333337,12621
2014,GoC,Sinaloa,2508010556,822,2,0,0,1,0,1,136613.73151202497,9,always,1,0,0,16.08256941683663,28.25,3156.633333333333,2572.2185375008544,2073.333333333333,60063
2014,GoC,Sinaloa,2508010614,365,1,0,0,1,0,1,40180.50926824264,9,always,1,0,0,16.08256941683663,28.25,1634.5500000000002,1349.5599659641339,1232.6333333333334,10386
2014,GoC,Sinaloa,2508010762,2027,5,0,0,1,0,1,229028.90282898303,9,always,1,0,0,16.08256941683663,28.25,4640.2,3370.660501583107,2708.9666666666667,69724
2014,GoC,Sinaloa,2508010788,1751,5,0,0,1,0,1,88397.1203901338,9,always,1,0,0,16.08256941683663,28.25,6424.083333333333,5526.047022210597,4689.2,18531
2014,GoC,Sinaloa,2508010838,1429,4,0,0,1,0,1,76342.96760966102,9,always,1,0,0,16.08256941683663,28.25,4322.35,4364.256789053366,3212.45,48424
2014,GoC,Sinaloa,2508010986,1515,4,0,0,1,0,1,144649.8333656735,9,always,1,0,0,16.08256941683663,28.25,4305.549999999999,3855.8140111167522,3002.366666666667,45278
2014,GoC,Sinaloa,2508011182,9551,22,0,0,1,0,1,924936.6089783561,9,always,1,0,0,16.08256941683663,28.25,37874.88333333333,37528.048858322596,31205.566666666666,522211
2014,GoC,Sinaloa,2508011232,365,1,0,0,1,0,0,0,6,sometimes,0,1,0,16.08256941683663,28.25,205.6666666666667,271.47000182023373,145.38333333333333,12464
2014,GoC,Sinaloa,2508011240,2281,4,0,0,1,0,1,48362.72206468478,9,always,1,0,0,16.08256941683663,28.25,5905.7666666666655,5952.652524737042,4952.516666666666,67595
2014,GoC,Sinaloa,2508011265,365,1,0,0,1,0,0,0,7,sometimes,0,1,0,16.08256941683663,28.25,336.8500000000004,1287.2251554230647,200.56666666666666,5996
2014,GoC,Sinaloa,2508011331,370,1,0,0,1,0,0,0,0,never,0,0,1,16.08256941683663,28.25,264.54999999999995,231.856011854869,259.55,NA
2014,GoC,Sinaloa,2508011489,1033,2,0,0,1,0,0,0,8,sometimes,0,1,0,16.08256941683663,28.25,3127.5333333333338,2253.9948474760913,2783.9,17842
2014,GoC,Sinaloa,2508011547,1381,3,0,0,1,0,1,70717.69631210704,9,always,1,0,0,16.08256941683663,28.25,3687.433333333333,3129.447406919795,2448.25,37834
2014,GoC,Sinaloa,2508011992,365,1,0,0,1,0,1,28929.9666731347,6,sometimes,0,1,0,16.08256941683663,28.25,964.8333333333329,1419.1839771234188,717.1166666666667,12412
2014,GoC,Sinaloa,2508013790,1169,3,0,0,1,0,0,0,8,sometimes,0,1,0,16.08256941683663,28.25,3934.9333333333334,2919.9387660908496,2613.4,49418
2014,GoC,Sinaloa,2508014624,365,1,0,0,1,0,1,48216.61112189117,7,sometimes,0,1,0,16.08256941683663,28.25,487.8333333333335,1234.3393914782548,393.8,10495
2014,GoC,Sinaloa,2508014632,365,1,0,0,1,0,1,78230.23395407847,9,always,1,0,0,16.08256941683663,28.25,678.8833333333336,541.430378587359,584.1166666666667,14532
2014,GoC,Sinaloa,2508015001,1091,3,0,0,1,0,1,181830.19794188737,8,sometimes,0,1,0,16.08256941683663,28.25,2307.3,2517.110317774548,2097.2666666666664,66453
2014,GoC,Sinaloa,2508015969,365,1,0,0,1,0,1,32144.407414594112,8,sometimes,0,1,0,16.08256941683663,28.25,1519.6166666666668,1821.0692449921955,1196.15,12460
2014,GoC,Sinaloa,2508016017,365,1,0,0,1,0,0,0,6,sometimes,0,1,0,16.08256941683663,28.25,1012.8333333333333,1006.1751173745558,688.0333333333333,28563
2014,GoC,Sinaloa,2508016041,503,1,0,0,1,0,0,0,6,sometimes,0,1,0,16.08256941683663,28.25,1401.0333333333335,2018.2087118370684,1031.3166666666666,14795
2014,GoC,Sinaloa,2508016116,365,1,0,0,1,0,0,0,6,sometimes,0,1,0,16.08256941683663,28.25,1136.7166666666665,1080.0411244630563,785.9333333333333,12103
2014,GoC,Sinaloa,2508016298,600,1,0,0,1,0,0,0,5,sometimes,0,1,0,16.08256941683663,28.25,599.95,759.590260424949,416.46666666666664,16323
2014,GoC,Sinaloa,2508016348,450,1,0,0,1,0,0,0,0,never,0,0,1,16.08256941683663,28.25,22,0,0,15101
2014,GoC,Sinaloa,2508016678,1177,3,0,0,1,0,0,0,5,sometimes,0,1,0,16.08256941683663,28.25,2350.5833333333326,3264.8287839729423,1749.7166666666667,22912
2014,GoC,Sinaloa,2508016751,1045,2,0,0,1,0,0,0,5,sometimes,0,1,0,16.08256941683663,28.25,1038,2155.2368272039052,822.35,NA
2014,GoC,Sinaloa,2508016843,8813,21,0,0,1,0,0,0,5,sometimes,0,1,0,16.08256941683663,28.25,27613.03333333333,26541.580794252575,19065.483333333334,68677
2014,GoC,Sinaloa,2508017460,365,1,0,0,1,0,0,0,1,sometimes,0,1,0,16.08256941683663,28.25,829.1166666666666,1696.3787792607588,668.9666666666667,NA
2014,GoC,Sinaloa,2508017585,402,1,0,0,1,0,0,0,4,sometimes,0,1,0,16.08256941683663,28.25,612.7499999999999,705.7815301013767,329.75,NA
2014,GoC,Sinaloa,2508018161,1582,3,0,0,1,0,0,0,2,sometimes,0,1,0,16.08256941683663,28.25,334.3333333333333,202.01271873416505,334.3333333333333,NA
2014,GoC,Sinaloa,2508072853,960,2,0,0,1,0,0,0,0,never,0,0,1,16.08256941683663,28.25,3156.2833333333338,2036.6206684239312,1899.1166666666668,NA
2014,GoC,Sinaloa,2508072879,2184,4,0,0,1,0,0,0,0,never,0,0,1,16.08256941683663,28.25,7154.149999999999,5342.574340483319,4961.6833333333325,NA
2014,GoC,Sinaloa,2511000065,1460,4,0,0,1,0,1,58870.5340339252,8,sometimes,0,1,0,16.08256941683663,28.25,5066.166666666664,3989.4487619095707,4624.216666666666,64805
2014,GoC,Sinaloa,2511000099,1192,3,0,0,1,0,1,34798.756208678016,9,always,1,0,0,16.08256941683663,28.25,4738.166666666666,4129.987898256967,4495.316666666667,51455
2014,GoC,Sinaloa,2511000917,365,1,0,0,1,0,1,73420.74875378882,8,sometimes,0,1,0,16.08256941683663,28.25,887.2166666666666,1383.1551049123188,813.15,18724
2014,GoC,Sinaloa,2511001345,2358,6,0,0,1,0,1,20138.95828171919,8,sometimes,0,1,0,16.08256941683663,28.25,9589.866666666665,8389.572241134401,9036.966666666667,84852
2014,GoC,Sinaloa,2511001436,510,1,0,0,1,0,1,67576.31104204444,9,always,1,0,0,16.08256941683663,28.25,759.9166666666669,1169.3082847868118,641.5166666666667,7000
2014,GoC,Sinaloa,2511001691,425,1,0,0,1,0,1,3165.7370938615413,9,always,1,0,0,16.08256941683663,28.25,1114.5333333333326,764.9612550987415,669.5,18517
2014,GoC,Sinaloa,2511001790,513,1,0,0,1,0,1,33970.79419951423,9,always,1,0,0,16.08256941683663,28.25,1124.0500000000002,1108.369678086904,763.1333333333333,113941
2014,GoC,Sinaloa,2511001972,450,1,0,0,1,0,0,0,8,sometimes,0,1,0,16.08256941683663,28.25,503.36666666666673,605.3629340288335,374.21666666666664,4997
2014,GoC,Sinaloa,2511002020,425,1,0,0,1,0,0,0,7,sometimes,0,1,0,16.08256941683663,28.25,299.1666666666668,495.60821535371554,297.1,5950
2014,GoC,Sinaloa,2511002079,707,2,0,0,1,0,1,17898.590492217176,8,sometimes,0,1,0,16.08256941683663,28.25,1100.5499999999997,1696.1586635313988,971,9730
2014,GoC,Sinaloa,2511002111,342,1,0,0,1,0,1,27200.98718341032,9,always,1,0,0,16.08256941683663,28.25,1486.4333333333325,1047.7102773661345,1318.5666666666666,20954
2014,GoC,Sinaloa,2511002145,365,1,0,0,1,0,1,2252.5437014014815,9,always,1,0,0,16.08256941683663,28.25,858.1499999999996,831.3356552186463,819.3166666666667,17610
2014,GoC,Sinaloa,2511002236,1995,5,0,0,1,0,0,0,4,sometimes,0,1,0,16.08256941683663,28.25,2897.183333333333,4543.210610915904,2754.85,NA
2014,GoC,Sinaloa,2511002244,338,1,0,0,1,0,0,0,2,sometimes,0,1,0,16.08256941683663,28.25,1143.3333333333333,1883.0921713257012,1020.2666666666667,NA
2014,GoC,Sinaloa,2511002277,455,1,0,0,1,0,0,0,0,never,0,0,1,16.08256941683663,28.25,284.9833333333333,574.8173329680691,261.3333333333333,NA
2014,GoC,Sinaloa,2511003028,365,1,0,0,1,0,1,18921.36709177244,4,sometimes,0,1,0,16.08256941683663,28.25,140.25,844.5974673062925,133.25,2700
2014,GoC,Sonora,2603007499,2210,4,0,0,1,0,1,5174.762557273673,6,sometimes,0,1,0,16.08256941683663,28.25,9054.433333333334,5335.160174627586,6369.866666666667,88042
2014,GoC,Sonora,2604000923,1206,3,0,0,1,0,0,0,6,sometimes,0,1,0,16.08256941683663,28.25,795.7166666666667,1138.1967048564802,752.6166666666668,85750
2014,GoC,Sonora,2604001400,450,1,0,0,1,0,0,0,6,sometimes,0,1,0,16.08256941683663,28.25,575.7499999999997,294.3187003377147,573.75,5599
2014,GoC,Sonora,2604001616,365,1,0,0,1,0,0,0,8,sometimes,0,1,0,16.08256941683663,28.25,1320.1499999999999,1252.7588764504308,1157.0333333333333,10500
2014,GoC,Sonora,2604001848,350,1,0,0,1,0,0,0,6,sometimes,0,1,0,16.08256941683663,28.25,1223.966666666667,1388.8613199187334,1125.15,16745
2014,GoC,Sonora,2604004883,1875,5,0,0,1,0,0,0,6,sometimes,0,1,0,16.08256941683663,28.25,3253.1500000000005,4377.31566126338,2970.7833333333333,103557
2014,GoC,Sonora,2604006003,402,1,0,0,1,0,1,25812.933226871028,9,always,1,0,0,16.08256941683663,28.25,1387.15,1151.2649953909063,1129.6,16650
2014,GoC,Sonora,2604006086,385,1,0,0,1,0,0,0,7,sometimes,0,1,0,16.08256941683663,28.25,808.3000000000002,686.0054755495804,758.65,8170
2014,GoC,Sonora,2604006110,13106,26,0,0,1,0,1,95520.02885132228,9,always,1,0,0,16.08256941683663,28.25,36474.166666666664,34582.455414105316,30434.866666666665,488463
2014,GoC,Sonora,2604006342,1255,3,0,0,1,0,0,0,8,sometimes,0,1,0,16.08256941683663,28.25,2346.5666666666666,3074.807592346455,2246.35,42794
2014,GoC,Sonora,2604006433,525,1,0,0,1,0,0,0,8,sometimes,0,1,0,16.08256941683663,28.25,1407.6833333333332,1485.101345045825,1107.7166666666667,13710
2014,GoC,Sonora,2604006458,867,2,0,0,1,0,0,0,8,sometimes,0,1,0,16.08256941683663,28.25,1744.7333333333338,1572.4463692365648,1683.3166666666666,49390
2014,GoC,Sonora,2604006839,365,1,0,0,1,0,0,0,7,sometimes,0,1,0,16.08256941683663,28.25,491.1666666666667,865.4593787121693,470.18333333333334,9073
2014,GoC,Sonora,2604007514,750,2,0,0,1,0,1,38313.21141934031,8,sometimes,0,1,0,16.08256941683663,28.25,516.0166666666668,907.6614385793637,474.75,17438
2014,GoC,Sonora,2604007720,2490,6,0,0,1,0,1,137441.69352118875,9,always,1,0,0,16.08256941683663,28.25,7381.950000000001,9017.291610070813,6731.866666666667,87489
2014,GoC,Sonora,2604007803,365,1,0,0,1,0,1,2191.664141904144,9,always,1,0,0,16.08256941683663,28.25,702.9500000000002,824.2145588204431,649.0166666666667,18572
2014,GoC,Sonora,2604007811,1619,3,0,0,1,0,1,278523.9847003183,9,always,1,0,0,16.08256941683663,28.25,2089.8333333333335,2164.308664023758,1713.1666666666667,35692
2014,GoC,Sonora,2604007845,425,1,0,0,1,0,1,5479.16035476036,9,always,1,0,0,16.08256941683663,28.25,1242.8166666666668,1848.0093220160031,1086.8666666666666,17677
2014,GoC,Sonora,2604007860,503,1,0,0,1,0,0,0,7,sometimes,0,1,0,16.08256941683663,28.25,1065.4833333333336,1538.220734442475,827.55,6550
2014,GoC,Sonora,2604008074,520,1,0,0,1,0,0,0,2,sometimes,0,1,0,16.08256941683663,28.25,439.01666666666665,1056.9934573050987,382.01666666666665,1266
2014,GoC,Sonora,2604008082,420,1,0,0,1,0,1,60866.896548961886,9,always,1,0,0,16.08256941683663,28.25,618.1000000000001,864.1546690657647,578.7833333333333,5617
2014,GoC,Sonora,2604008116,365,1,0,0,1,0,0,0,7,sometimes,0,1,0,16.08256941683663,28.25,721.2833333333335,904.6453162351129,664.75,7250
2014,GoC,Sonora,2604008165,1300,3,0,0,1,0,0,0,8,sometimes,0,1,0,16.08256941683663,28.25,3858.3,3397.3213844853826,3463.333333333333,56350
2014,GoC,Sonora,2604008322,875,2,0,0,1,0,0,0,8,sometimes,0,1,0,16.08256941683663,28.25,1675.7499999999995,2262.6962456137494,1442.9333333333334,41400
2014,GoC,Sonora,2604008447,1275,3,0,0,1,0,1,2739.58017738018,9,always,1,0,0,16.08256941683663,28.25,3011,3617.7487335503965,2686.7833333333333,27148
2014,GoC,Sonora,2604008454,225,1,0,0,1,0,0,0,1,sometimes,0,1,0,16.08256941683663,28.25,966.7666666666664,1165.9824989456613,787.1666666666666,5146
2014,GoC,Sonora,2604008637,240,1,0,0,1,0,1,1521.9889874334333,6,sometimes,0,1,0,16.08256941683663,28.25,422.74999999999983,552.6451838641786,402.8,2160
2014,GoC,Sonora,2604009023,225,1,0,0,1,0,0,0,8,sometimes,0,1,0,16.08256941683663,28.25,436.6333333333333,273.5121030525433,436.6333333333333,6047
2014,GoC,Sonora,2604009171,7580,15,0,0,1,0,1,509902.8385258986,9,always,1,0,0,16.08256941683663,28.25,21051.233333333334,16840.502562234295,16529.516666666666,266132
2014,GoC,Sonora,2604009734,365,1,0,0,1,0,1,4870.364759786987,4,sometimes,0,1,0,16.08256941683663,28.25,330.53333333333313,674.7304991297663,302.56666666666666,7370
2014,GoC,Sonora,2604009775,845,2,0,0,1,0,1,21379.440186036933,5,sometimes,0,1,0,16.08256941683663,28.25,665.8,1312.3389677074479,565.3,24125
2014,GoC,Sonora,2604009809,1890,4,0,0,1,0,1,31657.37093861541,9,always,1,0,0,16.08256941683663,28.25,4000.466666666667,5213.395913697411,3453.25,47131
2014,GoC,Sonora,2604009999,826,2,0,0,1,0,1,38962.918078295894,9,always,1,0,0,16.08256941683663,28.25,1690.8333333333333,1399.9130300537809,1439.0166666666667,25719
2014,GoC,Sonora,2604010336,1125,1,0,0,1,0,0,0,2,sometimes,0,1,0,16.08256941683663,28.25,33.18333333333334,75.77748476632118,20.183333333333334,NA
2014,GoC,Sonora,2604010476,730,2,0,0,1,0,0,0,7,sometimes,0,1,0,16.08256941683663,28.25,1464.7333333333336,2016.1775686178598,1273.7166666666667,15410
2014,GoC,Sonora,2604010609,402,1,0,0,1,0,1,2776.1079130785824,8,sometimes,0,1,0,16.08256941683663,28.25,872.9000000000001,981.9044876110987,735.75,12154
2014,GoC,Sonora,2604010641,1890,5,0,0,1,0,0,0,8,sometimes,0,1,0,16.08256941683663,28.25,5898.116666666666,8535.470723877032,5144.633333333333,102877
2014,GoC,Sonora,2604010716,365,1,0,0,1,0,0,0,0,never,0,0,1,16.08256941683663,28.25,320.8666666666667,590.5023932462522,295.8666666666667,2890
2014,GoC,Sonora,2604010781,520,1,0,0,1,0,1,34555.23797068867,9,always,1,0,0,16.08256941683663,28.25,1815.7499999999995,801.6425529551626,1107.85,19654
2014,GoC,Sonora,2604011133,835,2,0,0,1,0,0,0,6,sometimes,0,1,0,16.08256941683663,28.25,2715.166666666667,2657.706594016104,2035.4499999999998,12230
2014,GoC,Sonora,2604011300,2155,4,0,0,1,0,1,98624.88638568648,9,always,1,0,0,16.08256941683663,28.25,5379.866666666667,4019.9599229622927,4293.583333333333,76606
2014,GoC,Sonora,2604011359,365,1,0,0,1,0,0,0,3,sometimes,0,1,0,16.08256941683663,28.25,483.7,783.0211859684317,448.7,12700
2014,GoC,Sonora,2604011409,4034,10,0,0,1,0,1,7080.292769540331,9,always,1,0,0,16.08256941683663,28.25,10893.866666666667,12733.987328551586,9338.333333333334,142439
2014,GoC,Sonora,2604011425,790,2,0,0,1,0,0,0,8,sometimes,0,1,0,16.08256941683663,28.25,1637.0166666666669,1772.7473534386777,1453.9,11297
2014,GoC,Sonora,2604011458,1438,3,0,0,1,0,0,0,7,sometimes,0,1,0,16.08256941683663,28.25,2851.7999999999997,3256.4324911340755,2530.1666666666665,26110
2014,GoC,Sonora,2604011540,365,1,0,0,1,0,1,16656.647478471496,9,always,1,0,0,16.08256941683663,28.25,740.5833333333333,984.3386974066306,674.0166666666667,8859
2014,GoC,Sonora,2604011557,1003,2,0,0,1,0,1,6331.474187723083,9,always,1,0,0,16.08256941683663,28.25,2724.216666666669,2267.762804695384,2362.116666666667,21190
2014,GoC,Sonora,2604011573,1212,3,0,0,1,0,1,38573.28889751293,8,sometimes,0,1,0,16.08256941683663,28.25,1790.6500000000005,2427.064615835554,1672.5833333333333,24820
2014,GoC,Sonora,2604011581,425,1,0,0,1,0,1,19481.459039147947,9,always,1,0,0,16.08256941683663,28.25,688.8166666666666,1239.148020301099,559.4,14420
2014,GoC,Sonora,2604011664,1732,4,0,0,1,0,0,0,8,sometimes,0,1,0,16.08256941683663,28.25,1852.6999999999998,3347.4360061459697,1758.5166666666667,29900
2014,GoC,Sonora,2604609947,365,1,0,0,1,0,0,0,6,sometimes,0,1,0,16.08256941683663,28.25,1216.6499999999999,964.3554832721276,1163.5333333333333,8180
2014,GoC,Sonora,2604609970,365,1,0,0,1,0,0,0,3,sometimes,0,1,0,16.08256941683663,28.25,700.5166666666665,854.1775449501596,549.6999999999999,NA
2014,GoC,Sonora,2604612081,708,2,0,0,1,0,0,0,3,sometimes,0,1,0,16.08256941683663,28.25,2010.7166666666667,3050.017213751459,1798.0666666666666,NA
2014,GoC,Sonora,2604612750,420,1,0,0,1,0,0,0,5,sometimes,0,1,0,16.08256941683663,28.25,650.5833333333334,726.1720530709514,612.7666666666667,NA
2014,GoC,Sonora,2604613758,790,2,0,0,1,0,0,0,5,sometimes,0,1,0,16.08256941683663,28.25,1223.6,1834.8940850614397,1061.1999999999998,NA
2014,GoC,Sonora,2604615076,355,1,0,0,1,0,0,0,1,sometimes,0,1,0,16.08256941683663,28.25,620.3833333333333,551.7239162422609,572.5166666666667,NA
2014,GoC,Sonora,2604615274,2080,4,0,0,1,0,0,0,0,never,0,0,1,16.08256941683663,28.25,2909.7,4825.396204579742,2343.5166666666664,NA
2014,GoC,Sonora,2607002082,2390,5,0,0,1,0,1,17350.67445674114,9,always,1,0,0,16.08256941683663,28.25,9497.7,5607.70604399828,6277.166666666667,85834
2014,GoC,Sonora,2607002108,400,1,0,0,1,0,0,0,4,sometimes,0,1,0,16.08256941683663,28.25,667.6000000000001,808.8229356049364,579.2166666666666,14134
2014,GoC,Sonora,2607002389,614,1,0,0,1,0,0,0,6,sometimes,0,1,0,16.08256941683663,28.25,1940.2833333333328,1487.5360500459976,1391.2333333333333,12607
2014,GoC,Sonora,2607002652,443,1,0,0,1,0,0,0,0,never,0,0,1,16.08256941683663,28.25,919.5833333333333,1050.6612349436746,800.5833333333334,NA
2014,GoC,Sonora,2607002660,889,1,0,0,1,0,0,0,5,sometimes,0,1,0,16.08256941683663,28.25,672.7333333333332,727.9648609472289,420.5,10228
2014,GoC,Sonora,2607002678,405,1,0,0,1,0,0,0,7,sometimes,0,1,0,16.08256941683663,28.25,888.4166666666665,921.2001218955205,798.5166666666667,11250
2014,GoC,Sonora,2607003130,540,1,0,0,1,0,0,0,7,sometimes,0,1,0,16.08256941683663,28.25,1525.35,656.188105187176,741.8833333333333,12326
2014,GoC,Sonora,2607003312,503,1,0,0,1,0,0,0,6,sometimes,0,1,0,16.08256941683663,28.25,993.6333333333332,835.7415267717637,719.6333333333333,13996
2014,GoC,Sonora,2607003387,3210,5,0,0,1,0,0,0,8,sometimes,0,1,0,16.08256941683663,28.25,6705.533333333335,5007.723378371902,4483.983333333334,89511
2014,GoC,Sonora,2607003452,450,1,0,0,1,0,1,3348.375772353553,9,always,1,0,0,16.08256941683663,28.25,2164.8999999999996,1257.2702291070646,1549.2166666666667,18655
2014,GoC,Sonora,2607003460,3453,6,0,0,1,0,0,0,8,sometimes,0,1,0,16.08256941683663,28.25,11936.583333333334,9266.280013314838,9084.366666666667,195403
2014,GoC,Sonora,2607003528,520,1,0,0,1,0,0,0,5,sometimes,0,1,0,16.08256941683663,28.25,855.4666666666664,877.2915460674375,421.56666666666666,3909
2014,GoC,Sonora,2607003569,365,1,0,0,1,0,0,0,5,sometimes,0,1,0,16.08256941683663,28.25,633.6833333333333,855.0669529179684,449.09999999999997,9131
2014,GoC,Sonora,2607003676,365,1,0,0,1,0,1,730.554713968048,7,sometimes,0,1,0,16.08256941683663,28.25,1328.1666666666658,837.427748211444,919.8000000000001,11795
2014,GoC,Sonora,2607003700,1250,3,0,0,1,0,0,0,8,sometimes,0,1,0,16.08256941683663,28.25,3724.8666666666677,3418.8283272973113,2657.9833333333336,22582
2014,GoC,Sonora,2607003726,402,1,0,0,1,0,0,0,8,sometimes,0,1,0,16.08256941683663,28.25,1238.7999999999997,870.1397525735919,893.5,9310
2014,GoC,Sonora,2607003734,920,2,0,0,1,0,1,29039.549880229908,9,always,1,0,0,16.08256941683663,28.25,3712.8666666666672,3521.6385426834736,2762.4333333333334,34547
2014,GoC,Sonora,2607003874,365,1,0,0,1,0,0,0,7,sometimes,0,1,0,16.08256941683663,28.25,1932.6000000000001,1618.420067019864,1527.9333333333334,19312
2014,GoC,Sonora,2607003890,1509,3,0,0,1,0,1,6087.955949733733,9,always,1,0,0,16.08256941683663,28.25,5713.9333333333325,2443.487932035443,3175.45,53899
2014,GoC,Sonora,2607003981,624,1,0,0,1,0,0,0,0,never,0,0,1,16.08256941683663,28.25,310.08333333333337,1290.1947383941908,281.0833333333333,NA
2014,GoC,Sonora,2607004054,989,2,0,0,1,0,1,3043.9779748668666,9,always,1,0,0,16.08256941683663,28.25,5299.700000000004,3702.996131826284,3942,18853
2014,GoC,Sonora,2607004070,624,1,0,0,1,0,0,0,6,sometimes,0,1,0,16.08256941683663,28.25,1344.8166666666662,1257.5190513299842,1084,13667
2014,GoC,Sonora,2607004088,1569,3,0,0,1,0,1,2435.1823798934934,8,sometimes,0,1,0,16.08256941683663,28.25,3922.9333333333334,2820.06771898187,2740.3166666666666,14275
2014,GoC,Sonora,2607004104,1335,3,0,0,1,0,1,4687.726081294974,8,sometimes,0,1,0,16.08256941683663,28.25,7679.266666666666,4542.858478513576,5621.1,29508
2014,GoC,Sonora,2607004138,520,1,0,0,1,0,0,0,7,sometimes,0,1,0,16.08256941683663,28.25,676.2333333333332,772.1660027707252,460.4,8128
2014,GoC,Sonora,2607004179,450,1,0,0,1,0,0,0,8,sometimes,0,1,0,16.08256941683663,28.25,1480.533333333333,1236.139975076771,1309.6,22370
2014,GoC,Sonora,2607004203,450,1,0,0,1,0,0,0,0,never,0,0,1,16.08256941683663,28.25,1458.466666666667,730.1826390577255,1020.4833333333333,2744
2014,GoC,Sonora,2607004294,365,1,0,0,1,0,1,22586.31657351215,9,always,1,0,0,16.08256941683663,28.25,842.9333333333333,1042.9218146845974,768.9166666666666,8799
2014,GoC,Sonora,2607004302,420,1,0,0,1,0,0,0,8,sometimes,0,1,0,16.08256941683663,28.25,1284.05,1009.4983432986375,805.65,21865
2014,GoC,Sonora,2607004351,450,1,0,0,1,0,0,0,8,sometimes,0,1,0,16.08256941683663,28.25,1088.4666666666667,862.3320041812518,742.6333333333333,5503
2014,GoC,Sonora,2607004369,540,1,0,0,1,0,1,3043.9779748668666,7,sometimes,0,1,0,16.08256941683663,28.25,1872.2666666666662,1102.6761489996268,1216.05,14037
2014,GoC,Sonora,2607004385,840,2,0,0,1,0,0,0,8,sometimes,0,1,0,16.08256941683663,28.25,2800.716666666667,2375.428412876362,1915.15,18423
2014,GoC,Sonora,2607004393,624,1,0,0,1,0,0,0,8,sometimes,0,1,0,16.08256941683663,28.25,2041.8333333333328,1033.146983938684,1534.1,24508
2014,GoC,Sonora,2607004401,624,1,0,0,1,0,1,3043.9779748668666,9,always,1,0,0,16.08256941683663,28.25,2953.2,1802.40849664897,2337.5666666666666,23100
2014,GoC,Sonora,2607010853,450,1,0,0,1,0,1,2435.1823798934934,9,always,1,0,0,16.08256941683663,28.25,1543.6500000000003,1038.4888575232494,1226.4666666666667,12375
2014,GoC,Sonora,2607010861,450,1,0,0,1,0,1,2130.7845824068067,8,sometimes,0,1,0,16.08256941683663,28.25,1940.1499999999985,1426.5650142771945,1345.8166666666666,9589
2014,GoC,Sonora,2607100043,402,1,0,0,1,0,0,0,5,sometimes,0,1,0,16.08256941683663,28.25,790.4166666666666,925.5769840267169,714.5166666666667,1227
2014,GoC,Sonora,2607100142,450,1,0,0,1,0,0,0,3,sometimes,0,1,0,16.08256941683663,28.25,2336.2333333333318,1243.1194958675412,1741.8166666666666,NA
2014,GoC,Sonora,2607101918,503,1,0,0,1,0,0,0,5,sometimes,0,1,0,16.08256941683663,28.25,1676.3833333333337,1280.0771001018645,1235.5,NA
2014,GoC,Sonora,2607603012,2267,5,0,0,1,0,0,0,7,sometimes,0,1,0,16.08256941683663,28.25,4663.9333333333325,4172.040339662214,3635.9166666666665,83961
2014,GoC,Sonora,2607603699,540,1,0,0,1,0,0,0,5,sometimes,0,1,0,16.08256941683663,28.25,1284.4000000000003,1202.0970339977102,1102.75,13621
2014,GoC,Sonora,2607603707,2710,5,0,0,1,0,1,112870.70330806341,7,sometimes,0,1,0,16.08256941683663,28.25,8062.266666666666,5986.079666004797,5177.683333333333,180560
2014,GoC,Sonora,2607603772,520,1,0,0,1,0,0,0,7,sometimes,0,1,0,16.08256941683663,28.25,509.2999999999999,778.1871667003802,407.01666666666665,15649
2014,GoC,Sonora,2607603780,520,1,0,0,1,0,0,0,4,sometimes,0,1,0,16.08256941683663,28.25,782.8666666666668,994.8379788816654,465.7,NA
2014,GoC,Sonora,2607603798,1510,3,0,0,1,0,0,0,4,sometimes,0,1,0,16.08256941683663,28.25,6124.85,4072.6020366048624,4549.866666666666,NA
2014,GoC,Sonora,2607604549,503,1,0,0,1,0,0,0,3,sometimes,0,1,0,16.08256941683663,28.25,2986.549999999999,2191.2669795741176,2246.866666666667,NA
2014,GoC,Sonora,2607604572,624,1,0,0,1,0,0,0,0,never,0,0,1,16.08256941683663,28.25,292.91666666666674,1572.1547759164891,266.8833333333333,NA
2014,GoC,Sonora,2607604754,450,1,0,0,1,0,0,0,0,never,0,0,1,16.08256941683663,28.25,1343.9999999999998,777.4633422219744,837.6999999999999,NA
2014,GoC,Sonora,2609001850,365,1,0,0,1,0,0,0,1,sometimes,0,1,0,16.08256941683663,28.25,60.800000000000004,358.85859090187455,60.8,5000
2014,GoC,Sonora,2609002015,425,1,0,0,1,0,0,0,4,sometimes,0,1,0,16.08256941683663,28.25,1070.9000000000003,543.6672232146365,1037.2833333333333,23910
2014,GoM,Tamaulipas,0402006290,1300,3,0,0,1,0,1,94485.07633986753,8,sometimes,0,1,0,16.08256941683663,28.25,2585.3,3434.6096025452157,2322.2666666666664,111494
2014,GoM,Tamaulipas,2808000679,402,1,0,0,1,0,1,86936.01096219772,9,always,1,0,0,16.08256941683663,28.25,1791.4833333333333,1061.6997429968953,1198,31020
2014,GoM,Tamaulipas,2808000885,730,2,0,0,1,0,0,0,8,sometimes,0,1,0,16.08256941683663,28.25,3230.116666666667,1361.7730319606658,2207.166666666667,32341
2014,GoM,Tamaulipas,2808001503,5565,14,0,0,1,0,1,655551.0966673284,9,always,1,0,0,16.08256941683663,28.25,30798.38333333333,8762.049938796908,16136.433333333332,389569
2014,GoM,Tamaulipas,2808001784,365,1,0,0,1,0,0,0,0,never,0,0,1,16.08256941683663,28.25,1447.5833333333335,1132.5802502657803,1115.7833333333333,10309
2014,GoM,Tamaulipas,2808002543,502,1,0,0,1,0,1,947814.3803550057,9,always,1,0,0,16.08256941683663,28.25,2952.2666666666664,1012.6444829315238,1461.3166666666666,255645
2014,GoM,Tamaulipas,2808002758,965,2,0,0,1,0,1,200853.84269361533,9,always,1,0,0,16.08256941683663,28.25,4058.7833333333338,1258.767706833824,2090.8333333333335,85469
2014,GoM,Tamaulipas,2808002790,1132,3,0,0,1,0,1,63071.22363924148,9,always,1,0,0,16.08256941683663,28.25,7555.283333333335,1921.7699399755593,4179.366666666667,88171
2014,GoM,Tamaulipas,2808003475,790,2,0,0,1,0,1,163913.10006358297,9,always,1,0,0,16.08256941683663,28.25,4598.7,2667.439513190807,3039.5333333333333,76378
2014,GoM,Tamaulipas,2808004220,1936,5,0,0,1,0,1,224925.6205188625,9,always,1,0,0,16.08256941683663,28.25,7796.4,2793.9245139811683,3914.4333333333334,97218
2014,GoM,Tamaulipas,2808004226,1132,3,0,0,1,0,1,121320.78616629384,9,always,1,0,0,16.08256941683663,28.25,4005.3999999999987,3268.30181185745,2444.3333333333335,48310
2014,GoM,Tamaulipas,2808004283,1080,2,0,0,1,0,1,271975.7792807847,9,always,1,0,0,16.08256941683663,28.25,5041.0666666666675,1021.8588668549135,2035.7333333333333,105998
2014,GoM,Tamaulipas,2808004564,425,1,0,0,1,0,1,74857.50635792599,9,always,1,0,0,16.08256941683663,28.25,2298.7333333333345,781.0285542910918,1430.4166666666667,19710
2014,GoM,Tamaulipas,2808004598,365,1,0,0,1,0,1,20650.346581496822,9,always,1,0,0,16.08256941683663,28.25,1596.8333333333333,632.29908675247,1158.5,15975
2014,GoM,Tamaulipas,2808004622,1500,3,0,0,1,0,1,239865.46441950908,9,always,1,0,0,16.08256941683663,28.25,7440.300000000003,1780.6004539409425,3017.6499999999996,113747
2014,GoM,Tamaulipas,2808004812,405,1,0,0,1,0,1,77645.30314642805,9,always,1,0,0,16.08256941683663,28.25,1513.6166666666668,1459.0400768752982,1191.4833333333333,23135
2014,GoM,Tamaulipas,2808004895,787,2,0,0,1,0,1,6270.5946282257455,9,always,1,0,0,16.08256941683663,28.25,3496.149999999999,1084.2047565158366,1612.7666666666667,45919
2014,GoM,Tamaulipas,2808004986,365,1,0,0,1,0,1,42993.14491701962,6,sometimes,0,1,0,16.08256941683663,28.25,1923.6333333333332,604.9763475754474,934.85,19660
2014,GoM,Tamaulipas,2808005041,2860,7,0,0,1,0,1,332924.984994187,9,always,1,0,0,16.08256941683663,28.25,11235.166666666666,4753.790109535407,5770.166666666666,178861
2014,GoM,Tamaulipas,2808005058,834,2,0,0,1,0,1,85839.046531439,9,always,1,0,0,16.08256941683663,28.25,5431.950000000001,1412.5351420677098,2415.633333333333,67891
2014,GoM,Tamaulipas,2808005066,827,2,0,0,1,0,1,59661.96830739058,9,always,1,0,0,16.08256941683663,28.25,2617.483333333333,1737.6449762640977,1579.9,28211
2014,GoM,Tamaulipas,2808005082,1330,3,0,0,1,0,1,113966.53537901549,9,always,1,0,0,16.08256941683663,28.25,8326.499999999996,2959.9839490793092,4906.783333333333,87144
2014,GoM,Tamaulipas,2808005546,2092,5,0,0,1,0,1,54548.08530961425,9,always,1,0,0,16.08256941683663,28.25,8844.5,3941.7772844208357,5888.8499999999995,79876
2014,GoM,Tamaulipas,2808005553,1210,3,0,0,1,0,1,252496.75542401665,9,always,1,0,0,16.08256941683663,28.25,5900.733333333334,2136.6456497354948,3402.05,123317
2014,GoM,Tamaulipas,2808005579,320,1,0,0,1,0,1,7792.583615659179,7,sometimes,0,1,0,16.08256941683663,28.25,1263.3000000000002,1112.8102721913567,872.9000000000001,9750
2014,GoM,Tamaulipas,2808005629,1221,3,0,0,1,0,1,116852.22649918927,9,always,1,0,0,16.08256941683663,28.25,7140.583333333332,2098.719269331903,3554.0333333333333,78330
2014,GoM,Tamaulipas,2808005702,730,2,0,0,1,0,1,30741.340558682776,9,always,1,0,0,16.08256941683663,28.25,3881.633333333334,1168.7088443500247,1943.1333333333332,58930
2014,GoM,Tamaulipas,2808005876,440,1,0,0,1,0,1,219312.525133208,9,always,1,0,0,16.08256941683663,28.25,3047.2166666666667,515.8210416210949,1456.6166666666666,89218
2014,GoM,Tamaulipas,2808005959,3199,7,0,0,1,0,0,0,5,sometimes,0,1,0,16.08256941683663,28.25,13675.733333333332,6927.611674003711,9062.983333333334,21552
2014,GoM,Tamaulipas,2808006015,850,2,0,0,1,0,1,32144.407414594112,9,always,1,0,0,16.08256941683663,28.25,4099.033333333335,2147.2805886914057,2507.95,39246
2014,GoM,Tamaulipas,2808006023,400,1,0,0,1,0,1,22525.437014014813,5,sometimes,0,1,0,16.08256941683663,28.25,2235.316666666666,1661.9970428143536,1958.5333333333333,25375
2014,GoM,Tamaulipas,2808006049,730,2,0,0,1,0,1,124194.30137456815,9,always,1,0,0,16.08256941683663,28.25,4961.799999999996,1257.0466453764857,2354.25,64953
2014,GoM,Tamaulipas,2808006130,425,1,0,0,1,0,1,27274.042654807126,9,always,1,0,0,16.08256941683663,28.25,1933.8499999999995,756.2420967535732,806.6833333333333,17895
2014,GoM,Tamaulipas,2808006189,2037,5,0,0,1,0,1,193846.3131735862,9,always,1,0,0,16.08256941683663,28.25,13775.616666666672,3322.463530440566,6854.116666666667,193024
2014,GoM,Tamaulipas,2808006197,1365,3,0,0,1,0,1,179752.98737183822,9,always,1,0,0,16.08256941683663,28.25,4842.483333333333,2055.7284238449656,3080.416666666667,66193
2014,GoM,Tamaulipas,2808006247,365,1,0,0,1,0,1,24875.388010612034,9,always,1,0,0,16.08256941683663,28.25,2057.816666666666,706.7547701873522,945.0166666666667,25571
2014,GoM,Tamaulipas,2808006270,1230,3,0,0,1,0,1,89346.84151829226,9,always,1,0,0,16.08256941683663,28.25,7222.783333333335,2409.110355251789,4498.983333333334,89357
2014,GoM,Tamaulipas,2808006452,402,1,0,0,1,0,1,88566.60908377438,9,always,1,0,0,16.08256941683663,28.25,1653.0666666666668,499.2992373546912,690.0666666666666,21567
2014,GoM,Tamaulipas,2808006494,767,2,0,0,1,0,1,10714.802471531371,9,always,1,0,0,16.08256941683663,28.25,3732.2000000000003,1326.809646647499,2100.016666666667,32203
2014,GoM,Tamaulipas,2808006551,402,1,0,0,1,0,1,24777.980715416295,9,always,1,0,0,16.08256941683663,28.25,1387.1833333333336,718.4799934184442,1137.5,24296
2014,GoM,Tamaulipas,2808006619,922,2,0,0,1,0,1,183038.04840231454,9,always,1,0,0,16.08256941683663,28.25,5228.033333333333,1565.5317706451924,2710.7,68493
2014,GoM,Tamaulipas,2808006668,402,1,0,0,1,0,1,72568.4349208261,9,always,1,0,0,16.08256941683663,28.25,2033.65,637.9376077367074,836.6333333333333,31482
2014,GoM,Tamaulipas,2808006718,365,1,0,0,1,0,1,59661.96830739058,9,always,1,0,0,16.08256941683663,28.25,1625.166666666667,808.0896708899372,1470.1666666666667,22006
2014,GoM,Tamaulipas,2808006726,365,1,0,0,1,0,1,79046.99412429475,9,always,1,0,0,16.08256941683663,28.25,1907.0833333333328,732.9206977620163,1036.35,16285
2014,GoM,Tamaulipas,2808006734,365,1,0,0,1,0,1,33605.51684253021,9,always,1,0,0,16.08256941683663,28.25,2204.616666666666,532.1796208512492,1273.7166666666667,24741
2014,GoM,Tamaulipas,2808006833,1307,3,0,0,1,0,1,157465.89383325548,9,always,1,0,0,16.08256941683663,28.25,8219.949999999997,1461.2609438277764,3268.9666666666667,119970
2014,GoM,Tamaulipas,2808006858,2642,6,0,0,1,0,1,494220.2639993845,9,always,1,0,0,16.08256941683663,28.25,14484.399999999998,6028.185684532362,8069.933333333333,193417
2014,GoM,Tamaulipas,2808006866,3567,8,0,0,1,0,1,743152.886492189,9,always,1,0,0,16.08256941683663,28.25,19852.85,8209.598877786995,11347.066666666666,301424
2014,GoM,Tamaulipas,2808007005,790,2,0,0,1,0,1,33118.48036655151,9,always,1,0,0,16.08256941683663,28.25,3859.7000000000003,1934.4727195020273,2506,43772
2014,GoM,Tamaulipas,2808007013,1835,5,0,0,1,0,1,74029.5443487622,9,always,1,0,0,16.08256941683663,28.25,8241.500000000004,3910.3722663346175,5427.9,88614
2014,GoM,Tamaulipas,2808007252,1095,3,0,0,1,0,1,54158.45612883129,9,always,1,0,0,16.08256941683663,28.25,5392.749999999998,1802.8316481669503,3180.7999999999997,63897
2014,GoM,Tamaulipas,2808007260,735,2,0,0,1,0,1,74808.80271032812,9,always,1,0,0,16.08256941683663,28.25,3284.616666666666,1666.9941405476764,2142.1,43663
2014,GoM,Tamaulipas,2808007492,827,2,0,0,1,0,1,87276.9364953828,8,sometimes,0,1,0,16.08256941683663,28.25,5032.700000000001,1092.5217585022942,2099.3,45622
2014,GoM,Tamaulipas,2808007500,730,2,0,0,1,0,1,46755.50169395507,9,always,1,0,0,16.08256941683663,28.25,3245.5499999999993,1448.7627992536818,1945.7666666666669,27109
2014,GoM,Tamaulipas,2808007518,882,2,0,0,1,0,1,88103.25475644015,9,always,1,0,0,16.08256941683663,28.25,5479.533333333333,1071.8083115204684,2634.0333333333333,83040
2014,GoM,Tamaulipas,2808007526,402,1,0,0,1,0,1,61951.03974449047,9,always,1,0,0,16.08256941683663,28.25,1837.6333333333334,884.2916272086148,1278.6166666666666,19637
2014,GoM,Tamaulipas,2808007542,1392,3,0,0,1,0,1,201450.46237668922,9,always,1,0,0,16.08256941683663,28.25,6425.766666666667,3028.725198743741,4506.55,59883
2014,GoM,Tamaulipas,2808007690,1864,4,0,0,1,0,1,278436.31813464215,9,always,1,0,0,16.08256941683663,28.25,10818.883333333337,2749.479076969398,5201.483333333334,98401
2014,GoM,Tamaulipas,2808007708,365,1,0,0,1,0,1,78351.99307307314,8,sometimes,0,1,0,16.08256941683663,28.25,2726.983333333333,447.0220080824232,1048.8833333333332,33020
2014,GoM,Tamaulipas,2808007898,822,2,0,0,1,0,0,0,4,sometimes,0,1,0,16.08256941683663,28.25,5161.433333333333,2821.12061265607,3649.8166666666666,NA
2014,GoM,Tamaulipas,2808007906,1258,3,0,0,1,0,0,0,4,sometimes,0,1,0,16.08256941683663,28.25,7787.383333333332,2952.9813605177874,4813.9,NA
2014,GoM,Tamaulipas,2808007914,925,2,0,0,1,0,0,0,4,sometimes,0,1,0,16.08256941683663,28.25,6671.066666666667,3021.2417337551724,4763.666666666666,NA
2014,GoM,Tamaulipas,2808007922,1206,3,0,0,1,0,0,0,4,sometimes,0,1,0,16.08256941683663,28.25,8916.133333333337,4037.084554997611,6418.133333333333,NA
2014,GoM,Tamaulipas,2808007963,520,1,0,0,1,0,0,0,4,sometimes,0,1,0,16.08256941683663,28.25,2568.4833333333336,1826.6732654528535,1809.2,NA
2014,GoM,Tamaulipas,2808008029,402,1,0,0,1,0,0,0,3,sometimes,0,1,0,16.08256941683663,28.25,2834.649999999998,759.7753922850223,1524.5333333333333,NA
2014,GoM,Tamaulipas,3010002552,730,2,0,0,1,0,1,11506.236744996755,9,always,1,0,0,16.08256941683663,28.25,2687.2666666666664,2181.1621773491456,2074.366666666667,25577
2014,GoM,Veracruz,0402006571,1712,4,0,0,1,0,1,23255.991727982862,8,sometimes,0,1,0,16.08256941683663,28.25,7743.433333333333,3020.952788295149,4854.033333333333,157784
2014,GoM,Veracruz,2508010366,375,1,0,0,1,0,1,25812.933226871028,7,sometimes,0,1,0,16.08256941683663,28.25,1185.2,1166.1691121981833,1022.2833333333333,16120
2014,GoM,Veracruz,3001000581,365,1,0,0,1,0,1,33556.813194932336,9,always,1,0,0,16.08256941683663,28.25,1606.3166666666668,1136.3125007217054,1511.2,22526
2014,GoM,Veracruz,3001004716,930,2,0,0,1,0,0,0,8,sometimes,0,1,0,16.08256941683663,28.25,2787.566666666667,2350.1110286762178,2387.616666666667,16317
2014,GoM,Veracruz,3001007941,800,2,0,0,1,0,1,40911.06398221069,9,always,1,0,0,16.08256941683663,28.25,2555.5166666666664,1872.8770259740982,2357.05,17307
2014,GoM,Veracruz,3001008709,402,1,0,0,1,0,1,32144.407414594112,9,always,1,0,0,16.08256941683663,28.25,1492,1068.440382685589,1303.4166666666667,27354
2014,GoM,Veracruz,3001008816,420,1,0,0,1,0,0,0,5,sometimes,0,1,0,16.08256941683663,28.25,1453.1833333333334,1201.2771794105938,1321.1499999999999,21689
2014,GoM,Veracruz,3001009384,370,1,0,0,1,0,1,19359.69992015327,9,always,1,0,0,16.08256941683663,28.25,1183.15,1100.4159409799552,1148.1666666666667,28585
2014,GoM,Veracruz,3001009434,450,1,0,0,1,0,1,38719.39984030654,9,always,1,0,0,16.08256941683663,28.25,1940.9833333333313,1062.4853592067077,1702.8166666666666,49988
2014,GoM,Veracruz,3001009673,365,1,0,0,1,0,1,25812.933226871028,7,sometimes,0,1,0,16.08256941683663,28.25,385.8833333333333,545.0093593748069,343.01666666666665,15320
2014,GoM,Veracruz,3001009889,850,2,0,0,1,0,0,0,7,sometimes,0,1,0,16.08256941683663,28.25,1498.7166666666667,1362.8145823447371,1466.7333333333333,52785
2014,GoM,Veracruz,3001010721,402,1,0,0,1,0,0,0,0,never,0,0,1,16.08256941683663,28.25,740.1999999999997,900.3783896666791,721.1999999999999,NA
2014,GoM,Veracruz,3001010762,402,1,0,0,1,0,0,0,0,never,0,0,1,16.08256941683663,28.25,1216.0666666666668,1127.488964606008,1048.0666666666666,NA
2014,GoM,Veracruz,3003005919,365,1,0,0,1,0,0,0,7,sometimes,0,1,0,16.08256941683663,28.25,0.03333333333333333,0,0,64900
2014,GoM,Veracruz,3010002446,370,1,0,0,1,0,0,0,0,never,0,0,1,16.08256941683663,28.25,4,0,0,NA
2014,GoM,Veracruz,3010002933,2536,6,0,0,1,0,1,243226.01610376211,9,always,1,0,0,16.08256941683663,28.25,15775.283333333331,5085.373902430295,11807.533333333333,221112
2014,GoM,Veracruz,3010003055,1020,2,0,0,1,0,0,0,3,sometimes,0,1,0,16.08256941683663,28.25,4630.8499999999995,1733.7044887918642,2543.366666666667,NA
2014,GoM,Veracruz,3011012345,220,1,0,0,1,0,1,11615.819952091962,9,always,1,0,0,16.08256941683663,28.25,2.0666666666666664,0,0,12380
2014,GoM,Veracruz,3012003673,1190,3,0,0,1,0,0,0,3,sometimes,0,1,0,16.08256941683663,28.25,1366.4499999999998,1685.9139185122772,947.0666666666666,9971
2014,GoM,Yucatan,3105004364,375,1,0,0,1,0,0,0,3,sometimes,0,1,0,16.08256941683663,28.25,549.0666666666667,861.0677289942377,498.1166666666667,NA
2014,GoM,Yucatan,3105005155,402,1,0,0,1,0,0,0,2,sometimes,0,1,0,16.08256941683663,28.25,477.7000000000002,527.7917808448622,204.21666666666667,NA
2015,GoC,Baja california,0203014741,373,1,0,0,1,0,1,137677.50568341446,9,always,1,0,0,16.737031085538977,29.42,23.266666666666666,0,0,NA
2015,GoC,Baja california,0207000092,1233,3,0,0,1,0,0,0,4,sometimes,0,1,0,16.737031085538977,29.42,4773.199999999999,4391.764334916961,3658.1833333333334,24322.7
2015,GoC,Baja california,0207001926,1872,3,0,0,1,0,1,142732.99050252564,9,always,1,0,0,16.737031085538977,29.42,2397.6333333333328,3856.1190091312874,2056.133333333333,14930
2015,GoC,Baja california,0313000036,365,1,0,0,1,0,0,0,0,never,0,0,1,16.737031085538977,29.42,23,5.391600951170414,23,NA
2015,GoC,Baja california,2507002232,425,1,0,0,1,0,1,109051.48965022928,5,sometimes,0,1,0,16.737031085538977,29.42,1173.3333333333333,872.6457870464823,802.2666666666667,7931
2015,GoC,Baja california sur,0305000242,365,1,0,0,1,0,1,44805.93813889855,7,sometimes,0,1,0,16.737031085538977,29.42,891.6333333333336,671.8982108019479,842.1166666666667,10981
2015,GoC,Baja california sur,0305005159,520,1,0,0,1,0,0,0,0,never,0,0,1,16.737031085538977,29.42,71.11666666666667,78.815547105726,59.11666666666667,NA
2015,GoM,Campeche,0401002472,5480,13,0,0,1,0,1,3248155.989798373,9,always,1,0,0,16.737031085538977,29.42,33491.96666666667,17650.309310960736,23070.066666666666,381968
2015,GoM,Campeche,0401002480,1002,2,0,0,1,0,1,536127.9420197761,9,always,1,0,0,16.737031085538977,29.42,3975.2166666666662,2443.535042122381,3007.5833333333335,103776
2015,GoM,Campeche,0401002613,1100,2,0,0,1,0,1,529853.9253380515,9,always,1,0,0,16.737031085538977,29.42,3526,1865.1291811512524,2110.1000000000004,65926
2015,GoM,Campeche,0401002654,1689,4,0,0,1,0,1,408765.28484653874,9,always,1,0,0,16.737031085538977,29.42,8347.633333333333,3666.4560250524178,5815.1,102734
2015,GoM,Campeche,0401002662,2916,7,0,0,1,0,1,1041719.0962529304,9,always,1,0,0,16.737031085538977,29.42,18202.733333333337,8185.029949901925,11209.6,281996.42
2015,GoM,Campeche,0401002837,1774,4,0,0,1,0,1,746410.0329646671,9,always,1,0,0,16.737031085538977,29.42,6729.799999999998,3609.2431545726645,4279.716666666667,146369
2015,GoM,Campeche,0401002860,2250,5,0,0,1,0,1,1108057.962228634,9,always,1,0,0,16.737031085538977,29.42,9845.449999999999,7066.194730827134,6274.616666666667,201574.4
2015,GoM,Campeche,0401002894,365,1,0,0,1,0,1,216911.4732418019,9,always,1,0,0,16.737031085538977,29.42,2132.399999999999,1061.5935393693208,1447.0333333333333,27558
2015,GoM,Campeche,0401002902,402,1,0,0,1,0,1,147219.51102780952,9,always,1,0,0,16.737031085538977,29.42,2393.133333333332,966.8962353870057,1251.15,50192.94
2015,GoM,Campeche,0401002910,1095,3,0,0,1,0,1,259281.77006620818,9,always,1,0,0,16.737031085538977,29.42,3386.95,4641.849512097903,2575.0166666666664,46526.4
2015,GoM,Campeche,0401002928,1175,3,0,0,1,0,1,269191.23151703336,7,sometimes,0,1,0,16.737031085538977,29.42,3579.433333333334,5631.025329457303,2712.1833333333334,35653.9
2015,GoM,Campeche,0401002944,730,2,0,0,1,0,1,277480.09300427383,9,always,1,0,0,16.737031085538977,29.42,4791.449999999999,2004.2031368970313,3246.6,60932.1
2015,GoM,Campeche,0401002951,402,1,0,0,1,0,1,108814.42119446791,9,always,1,0,0,16.737031085538977,29.42,743.3499999999999,650.3779304559264,359.81666666666666,12988
2015,GoM,Campeche,0401002969,1043,2,0,0,1,0,1,44805.93813889855,9,always,1,0,0,16.737031085538977,29.42,1353.0166666666667,1366.2789904394417,697.7666666666667,26062
2015,GoM,Campeche,0401002977,402,1,0,0,1,0,1,9956.875141977456,8,sometimes,0,1,0,16.737031085538977,29.42,1561.216666666667,1332.0198135448904,1154,31114
2015,GoM,Campeche,0401002985,1205,3,0,0,1,0,1,611992.2185479715,8,sometimes,0,1,0,16.737031085538977,29.42,8080.200000000001,2549.4964759831028,4774.933333333333,93218
2015,GoM,Campeche,0401002993,365,1,0,0,1,0,1,83211.02797224016,6,sometimes,0,1,0,16.737031085538977,29.42,682.0999999999999,812.4223517027934,413,20642.1
2015,GoM,Campeche,0401003132,740,2,0,0,1,0,1,324783.78439307417,8,sometimes,0,1,0,16.737031085538977,29.42,3176.866666666666,1972.5385192521208,2228.65,19825
2015,GoM,Campeche,0401003165,420,1,0,0,1,0,1,236653.5859637856,9,always,1,0,0,16.737031085538977,29.42,2502.3000000000006,1125.2328651353007,1565.65,35758
2015,GoM,Campeche,0401003207,400,1,0,0,1,0,0,0,0,never,0,0,1,16.737031085538977,29.42,1401.6833333333336,837.2919394164958,898.95,22248
2015,GoM,Campeche,0401003512,380,1,0,0,1,0,1,162391.89219653708,9,always,1,0,0,16.737031085538977,29.42,844.5333333333336,1325.9939671057102,628.1,14685
2015,GoM,Campeche,0401003637,500,1,0,0,1,0,1,241928.35910447603,9,always,1,0,0,16.737031085538977,29.42,2396.533333333333,1372.6153575304143,1631.7833333333333,41211
2015,GoM,Campeche,0401004429,365,1,0,0,1,0,1,110473.90038479748,9,always,1,0,0,16.737031085538977,29.42,917.6666666666665,3315.4964234184536,872.6666666666666,11761
2015,GoM,Campeche,0401004478,925,2,0,0,1,0,1,125895.20343207447,9,always,1,0,0,16.737031085538977,29.42,3611.4833333333336,1850.6551804862308,2287.133333333333,39875
2015,GoM,Campeche,0401004486,1365,3,0,0,1,0,1,449600.3263514344,9,always,1,0,0,16.737031085538977,29.42,5164.85,4463.031477208518,3527.8333333333335,78569
2015,GoM,Campeche,0401004502,815,2,0,0,1,0,1,494821.13428791537,9,always,1,0,0,16.737031085538977,29.42,5477.9000000000015,2211.716694857734,3457.333333333333,74836
2015,GoM,Campeche,0401004973,365,1,0,0,1,0,1,167488.8639954065,5,sometimes,0,1,0,16.737031085538977,29.42,2019.5166666666669,700.1854122037137,1068.15,17921
2015,GoM,Campeche,0401005012,2594,6,0,0,1,0,1,1223984.437095943,9,always,1,0,0,16.737031085538977,29.42,12440.56666666667,9721.038760083584,8507.916666666666,253816
2015,GoM,Campeche,0401005384,432,1,0,0,1,0,1,163577.23447534392,9,always,1,0,0,16.737031085538977,29.42,2600.2333333333345,901.5890628047229,1444.8666666666666,37953
2015,GoM,Campeche,0401006093,540,1,0,0,1,0,1,144611.75801443448,9,always,1,0,0,16.737031085538977,29.42,2826.066666666668,889.5510195178913,1533.8333333333333,40455
2015,GoM,Campeche,0402004618,1310,3,0,0,1,0,0,0,3,sometimes,0,1,0,16.737031085538977,29.42,5487.5,3110.2703394326263,3793.3,64067
2015,GoM,Campeche,0402005276,1425,3,0,0,1,0,1,402008.83385733975,9,always,1,0,0,16.737031085538977,29.42,7552.766666666669,2636.645707584888,4265.95,149330
2015,GoM,Campeche,0402006282,365,1,0,0,1,0,1,271597.95047992276,9,always,1,0,0,16.737031085538977,29.42,2427.983333333332,634.9584434248341,1270.3166666666666,27658
2015,GoM,Campeche,0402006522,400,1,0,0,1,0,1,234757.03831769465,7,sometimes,0,1,0,16.737031085538977,29.42,2192.966666666667,937.7505670776932,1592.2333333333333,27300
2015,GoM,Campeche,0402006555,500,1,0,0,1,0,1,29040.88583076758,7,sometimes,0,1,0,16.737031085538977,29.42,1452.6999999999994,1023.8248364707616,957.7833333333333,35753
2015,GoM,Campeche,2305000495,365,1,0,0,1,0,0,0,2,sometimes,0,1,0,16.737031085538977,29.42,1722.2000000000003,613.5746075267092,1090.7166666666667,NA
2015,GoM,Campeche,2306001112,400,1,0,0,1,0,1,99426.51034631774,7,sometimes,0,1,0,16.737031085538977,29.42,1290.583333333333,1055.274606145926,843.25,17434
2015,GoM,Campeche,2808000489,2393,6,0,0,1,0,1,1067157.0156930366,9,always,1,0,0,16.737031085538977,29.42,11126.75,7918.282837153661,7849.966666666666,129817
2015,GoM,Campeche,2808004739,402,1,0,0,1,0,1,261483.18774640825,9,always,1,0,0,16.737031085538977,29.42,2589.35,1339.9802142152732,1757.8833333333334,24329
2015,Pacific,Chiapas,0705002988,220,1,0,0,1,0,1,46465.41732922813,4,sometimes,0,1,0,16.737031085538977,29.42,720.0666666666673,1146.2564843403482,683.9333333333334,8166
2015,GoC,Nayarit,1802000420,365,1,0,0,1,0,0,0,3,sometimes,0,1,0,16.737031085538977,29.42,2005.1,2229.131898151114,1774.45,NA
2015,GoC,Nayarit,1802001733,520,1,0,0,1,0,0,0,4,sometimes,0,1,0,16.737031085538977,29.42,1056.633333333333,1488.8187595943405,806.5333333333333,3300
2015,GoC,Nayarit,1802002764,365,1,0,0,1,0,0,0,0,never,0,0,1,16.737031085538977,29.42,1022.4500000000002,1294.2534447983485,841.05,5948
2015,GoC,Nayarit,1802003614,402,1,0,0,1,0,0,0,0,never,0,0,1,16.737031085538977,29.42,327.96666666666664,646.9191432482929,309.96666666666664,NA
2015,Pacific,Oaxaca,2005000068,365,1,0,0,1,0,1,23232.708664614063,6,sometimes,0,1,0,16.737031085538977,29.42,1103.7166666666672,1213.0566457030488,841.9499999999999,9247
2015,Pacific,Oaxaca,2005000217,1200,3,0,0,1,0,1,14935.312712966184,8,sometimes,0,1,0,16.737031085538977,29.42,4481.549999999999,3936.3224410454272,3338.15,41628
2015,Pacific,Oaxaca,2005000282,745,2,0,0,1,0,1,32027.948373360814,8,sometimes,0,1,0,16.737031085538977,29.42,2058.483333333333,4891.929854096563,1891,14376
2015,Pacific,Oaxaca,2005000399,1095,3,0,0,1,0,1,9127.135546812668,8,sometimes,0,1,0,16.737031085538977,29.42,5120.066666666667,4395.072251418459,3671.7666666666664,36599
2015,Pacific,Oaxaca,2005000779,365,1,0,0,1,0,1,23232.708664614063,5,sometimes,0,1,0,16.737031085538977,29.42,1362.6666666666665,1469.7722781420957,1105.5,12766
2015,Pacific,Oaxaca,2005002585,3460,9,0,0,1,0,1,317742.8512569615,8,sometimes,0,1,0,16.737031085538977,29.42,13484.449999999999,12144.183651515441,8676.033333333333,196275
2015,Pacific,Oaxaca,2005002809,3850,10,0,0,1,0,1,284067.2771160592,8,sometimes,0,1,0,16.737031085538977,29.42,14651.133333333333,13695.818437708785,9440.166666666666,215350
2015,Pacific,Oaxaca,2005003005,343,1,0,0,1,0,1,54407.210597233956,8,sometimes,0,1,0,16.737031085538977,29.42,1205.5333333333333,942.5851338720994,765.5,24495
2015,Pacific,Oaxaca,2005003260,365,1,0,0,1,0,1,97790.7380015643,4,sometimes,0,1,0,16.737031085538977,29.42,1577.9499999999998,2285.262842909209,1394.75,16828
2015,Pacific,Oaxaca,2005003518,360,1,0,0,1,0,0,0,0,never,0,0,1,16.737031085538977,29.42,4,0,0,NA
2015,Pacific,Oaxaca,2005003559,370,1,0,0,1,0,0,0,1,sometimes,0,1,0,16.737031085538977,29.42,1240.4833333333336,1545.0367661158111,1110.3,7848
2015,Pacific,Oaxaca,2005003815,365,1,0,0,1,0,1,78232.59040125144,7,sometimes,0,1,0,16.737031085538977,29.42,1114.9999999999995,2256.0201799317733,1042.2833333333333,7359
2015,Pacific,Oaxaca,2005004417,380,1,0,0,1,0,1,34849.06299692109,7,sometimes,0,1,0,16.737031085538977,29.42,493.8500000000001,1263.7634771586384,429.8666666666667,7241
2015,Pacific,Oaxaca,2005004789,420,1,0,0,1,0,1,7467.656356483092,6,sometimes,0,1,0,16.737031085538977,29.42,1417.95,1776.5843954344534,1072.6666666666667,NA
2015,GoM,Quintana roo,2306000841,1440,3,0,0,1,0,1,412499.1130247803,9,always,1,0,0,16.737031085538977,29.42,5590.766666666667,2546.626149625511,4555.183333333333,101886
2015,GoM,Quintana roo,2306001401,950,2,0,0,1,0,1,260644.43954992451,8,sometimes,0,1,0,16.737031085538977,29.42,2693,1987.3340447607484,1953.5,168323
2015,GoC,Sinaloa,0305001588,450,1,0,0,1,0,1,150597.73652240902,5,sometimes,0,1,0,16.737031085538977,29.42,1741.6833333333323,1057.9090406139526,1077.1166666666666,5695
2015,GoC,Sinaloa,1802002525,730,2,0,0,1,0,1,6969.812599384219,5,sometimes,0,1,0,16.737031085538977,29.42,3962.1499999999996,4051.680337237848,3368.1833333333334,5696
2015,GoC,Sinaloa,2505001798,2645,6,0,0,1,0,1,532165.3427817249,9,always,1,0,0,16.737031085538977,29.42,6958.616666666667,7648.514966769345,5726.433333333333,124668
2015,GoC,Sinaloa,2505002721,1457,3,0,0,1,0,1,458521.2123417347,8,sometimes,0,1,0,16.737031085538977,29.42,4137.05,4185.070004237657,2903.5166666666664,32278
2015,GoC,Sinaloa,2505002846,624,1,0,0,1,0,1,315848.6742954282,6,sometimes,0,1,0,16.737031085538977,29.42,1345.9833333333333,1160.5529878749712,881.8166666666667,1600
2015,GoC,Sinaloa,2505004164,1534,3,0,0,1,0,1,464900.7244862731,5,sometimes,0,1,0,16.737031085538977,29.42,4320.2,3591.338765886049,3405.5666666666666,42892
2015,GoC,Sinaloa,2505004263,805,2,0,0,1,0,1,613785.0487446669,5,sometimes,0,1,0,16.737031085538977,29.42,1274.35,1461.0373717634445,974.4833333333333,22413
2015,GoC,Sinaloa,2507002406,425,1,0,0,1,0,1,121070.10173827219,9,always,1,0,0,16.737031085538977,29.42,1254.0333333333328,641.2020379142758,1106,23500
2015,GoC,Sinaloa,2507002513,365,1,0,0,1,0,1,56185.22401544421,8,sometimes,0,1,0,16.737031085538977,29.42,863.2166666666667,1042.0366533803292,732.7833333333333,17410
2015,GoC,Sinaloa,2507002703,365,1,0,0,1,0,1,107676.49260681334,9,always,1,0,0,16.737031085538977,29.42,1221.5666666666675,1416.241889350996,942.3833333333333,33321.94
2015,GoC,Sinaloa,2507003503,440,1,0,0,1,0,1,170689.28814818495,5,sometimes,0,1,0,16.737031085538977,29.42,1276.1833333333336,1809.9025685838621,1129.9333333333334,10789
2015,GoC,Sinaloa,2507003958,2895,6,0,0,1,0,1,1821875.8238952283,9,always,1,0,0,16.737031085538977,29.42,7989.6833333333325,6063.607749485759,7311.183333333333,86508
2015,GoC,Sinaloa,2507004600,365,1,0,0,1,0,1,51680.92335597822,9,always,1,0,0,16.737031085538977,29.42,1011.3333333333335,1352.0165055002058,844,12975
2015,GoC,Sinaloa,2507005581,402,1,0,0,1,0,1,192391.48286240362,8,sometimes,0,1,0,16.737031085538977,29.42,1977.6166666666672,1465.2333507987034,1676.0333333333333,27382
2015,GoC,Sinaloa,2508000789,605,2,0,0,1,0,1,237542.59267289072,8,sometimes,0,1,0,16.737031085538977,29.42,1465.5333333333333,2892.2146066244613,1244.2333333333333,12798.619999999999
2015,GoC,Sinaloa,2508001050,730,2,0,0,1,0,1,208999.550599222,8,sometimes,0,1,0,16.737031085538977,29.42,5552.483333333333,4685.547046233577,4477.566666666667,28116
2015,GoC,Sinaloa,2508005069,1095,3,0,0,1,0,1,268231.1042711998,8,sometimes,0,1,0,16.737031085538977,29.42,6400.166666666668,7336.862646187656,5543.616666666667,46091
2015,GoC,Sinaloa,2508005234,3469,8,0,0,1,0,1,509776.63337988965,9,always,1,0,0,16.737031085538977,29.42,10576.866666666667,13678.495040815389,8678.816666666668,84401.34
2015,GoC,Sinaloa,2508005366,15083,30,0,0,1,0,1,2246406.7537210374,9,always,1,0,0,16.737031085538977,29.42,55603.94999999999,47777.76729702098,43243.2,484227
2015,GoC,Sinaloa,2508005374,1582,4,0,0,1,0,1,574440.5751553708,9,always,1,0,0,16.737031085538977,29.42,7563.066666666666,6120.516278436882,6116.049999999999,54824
2015,GoC,Sinaloa,2508005382,20824,40,0,0,1,0,1,4956204.070304878,9,always,1,0,0,16.737031085538977,29.42,69082.46666666666,56691.39728613465,54487.916666666664,658698.52
2015,GoC,Sinaloa,2508005408,1980,5,0,0,1,0,1,297378.67090706003,9,always,1,0,0,16.737031085538977,29.42,8117.949999999999,7513.959317005704,6493.933333333333,33566
2015,GoC,Sinaloa,2508005424,1345,3,0,0,1,0,1,379902.2003575922,8,sometimes,0,1,0,16.737031085538977,29.42,4784.883333333334,3548.918643533466,3588.75,60142
2015,GoC,Sinaloa,2508005507,1270,3,0,0,1,0,1,319591.51107498864,8,sometimes,0,1,0,16.737031085538977,29.42,4331.1,4922.8598641427225,3766.666666666667,49920
2015,GoC,Sinaloa,2508005523,3150,7,0,0,1,0,1,659754.4003302143,9,always,1,0,0,16.737031085538977,29.42,8108.699999999998,5847.363786489519,5868.183333333333,117491
2015,GoC,Sinaloa,2508005606,750,2,0,0,1,0,1,345645.80850007455,9,always,1,0,0,16.737031085538977,29.42,2350.8666666666672,2651.464926815334,1684.8333333333335,26213
2015,GoC,Sinaloa,2508005648,11167,25,0,0,1,0,1,1425918.2809054253,9,always,1,0,0,16.737031085538977,29.42,48647.083333333336,45462.24507754485,38364.433333333334,367877
2015,GoC,Sinaloa,2508005705,2315,6,0,0,1,0,1,706568.3082894116,8,sometimes,0,1,0,16.737031085538977,29.42,12281.500000000002,10368.017540954284,9982.6,89710
2015,GoC,Sinaloa,2508005846,1747,5,0,0,1,0,1,314671.6886796869,9,always,1,0,0,16.737031085538977,29.42,5059.666666666666,6655.67655823436,3815.3,32126
2015,GoC,Sinaloa,2508005853,365,1,0,0,1,0,1,93239.02365094604,8,sometimes,0,1,0,16.737031085538977,29.42,1145.816666666667,1274.5753636345632,1053.95,11356
2015,GoC,Sinaloa,2508005879,9811,23,0,0,1,0,1,1897331.0150961617,9,always,1,0,0,16.737031085538977,29.42,25105.8,27688.972885537663,17276.55,393852
2015,GoC,Sinaloa,2508005937,1202,3,0,0,1,0,1,31696.0525352949,8,sometimes,0,1,0,16.737031085538977,29.42,3940.9833333333327,3632.735970994249,2884.75,56334
2015,GoC,Sinaloa,2508005994,402,1,0,0,1,0,1,169029.8089578554,7,sometimes,0,1,0,16.737031085538977,29.42,202.23333333333335,633.5247561665968,143.23333333333332,9561
2015,GoC,Sinaloa,2508006125,3645,8,0,0,1,0,1,1269003.7368450267,9,always,1,0,0,16.737031085538977,29.42,16378.383333333331,15710.975839645287,13758.783333333333,167051
2015,GoC,Sinaloa,2508006166,480,2,0,0,1,0,1,34019.32340175631,8,sometimes,0,1,0,16.737031085538977,29.42,2554.9166666666665,3502.4490330660065,2435.366666666667,12016
2015,GoC,Sinaloa,2508006208,700,1,0,0,1,0,1,266049.4818070558,9,always,1,0,0,16.737031085538977,29.42,1383.7666666666664,1182.905629878289,960.9833333333333,17100
2015,GoC,Sinaloa,2508006224,365,1,0,0,1,0,1,47816.70752706793,9,always,1,0,0,16.737031085538977,29.42,1217.9333333333332,1440.3314113207418,900.5166666666667,13653.85
2015,GoC,Sinaloa,2508006240,934,2,0,0,1,0,1,153940.4017486443,9,always,1,0,0,16.737031085538977,29.42,2511.35,1726.7937239858256,1658.0166666666664,58013
2015,GoC,Sinaloa,2508006398,992,3,0,0,1,0,1,31364.156697228984,8,sometimes,0,1,0,16.737031085538977,29.42,4412.233333333334,3984.712169928389,2974.0333333333333,17908
2015,GoC,Sinaloa,2508006752,402,1,0,0,1,0,1,99035.34739431148,3,sometimes,0,1,0,16.737031085538977,29.42,288.6166666666665,552.641614750754,219.06666666666666,18086
2015,GoC,Sinaloa,2508006778,17871,40,0,0,1,0,1,2806371.691899163,9,always,1,0,0,16.737031085538977,29.42,53587.63333333334,46999.40905360801,39484.05,566393
2015,GoC,Sinaloa,2508006810,425,1,0,0,1,0,1,167311.06265358545,6,sometimes,0,1,0,16.737031085538977,29.42,868.8666666666668,1190.0266983174308,652.8333333333334,10239
2015,GoC,Sinaloa,2508006836,3347,8,0,0,1,0,1,675114.0655789933,9,always,1,0,0,16.737031085538977,29.42,9922.916666666666,8245.556537207776,8283.066666666668,143288
2015,GoC,Sinaloa,2508006869,365,1,0,0,1,0,1,129453.6009530526,7,sometimes,0,1,0,16.737031085538977,29.42,1596.1833333333332,1170.2247116783822,1342.0666666666666,23569
2015,GoC,Sinaloa,2508007073,1880,4,0,0,1,0,1,393910.1012716199,9,always,1,0,0,16.737031085538977,29.42,6828.83333333333,4551.603079018745,5004.55,71363
2015,GoC,Sinaloa,2508007123,623,1,0,0,1,0,1,84751.97293468905,7,sometimes,0,1,0,16.737031085538977,29.42,1039.8999999999996,1233.206878193624,816.9166666666666,17320.19
2015,GoC,Sinaloa,2508007362,365,1,0,0,1,0,1,72187.34477933655,7,sometimes,0,1,0,16.737031085538977,29.42,1541.9166666666665,1103.4223677711798,951.9666666666667,9799
2015,GoC,Sinaloa,2508007685,365,1,0,0,1,0,1,70018.16840912003,9,always,1,0,0,16.737031085538977,29.42,843.6666666666669,1665.1777687438503,600.9,15253
2015,GoC,Sinaloa,2508007693,355,1,0,0,1,0,1,115689.40641154758,8,sometimes,0,1,0,16.737031085538977,29.42,141,363.6805202692252,134,2387
2015,GoC,Sinaloa,2508007867,400,1,0,0,1,0,1,95479.32055789095,9,always,1,0,0,16.737031085538977,29.42,1908.5666666666664,1851.4302812889784,1498.4666666666667,9666
2015,GoC,Sinaloa,2508007909,2150,6,0,0,1,0,1,335566.96163760783,8,sometimes,0,1,0,16.737031085538977,29.42,8235.666666666666,6001.113170375541,6090.5,110827
2015,GoC,Sinaloa,2508007933,1070,2,0,0,1,0,1,185830.85041766352,9,always,1,0,0,16.737031085538977,29.42,3064.1333333333323,3397.6946886469646,2623.75,11296
2015,GoC,Sinaloa,2508007941,470,1,0,0,1,0,1,151723.8116872755,9,always,1,0,0,16.737031085538977,29.42,2305.7999999999997,2376.2884476661834,2019.5666666666666,17436
2015,GoC,Sinaloa,2508008428,365,1,0,0,1,0,1,48717.567658961125,9,always,1,0,0,16.737031085538977,29.42,1443.6,1474.406025894056,983.8333333333334,16807
2015,GoC,Sinaloa,2508008444,385,1,0,0,1,0,1,190109.22483878894,9,always,1,0,0,16.737031085538977,29.42,1524.1333333333334,1323.3154985346373,1170.45,49442
2015,GoC,Sinaloa,2508008469,365,1,0,0,1,0,1,22868.891558979878,9,always,1,0,0,16.737031085538977,29.42,1220.2166666666665,945.8306723345661,1049.9666666666667,16767
2015,GoC,Sinaloa,2508008477,835,2,0,0,1,0,1,200216.93478574455,9,always,1,0,0,16.737031085538977,29.42,2242.8833333333328,3293.4866883593545,1763.3666666666666,41891
2015,GoC,Sinaloa,2508008485,815,2,0,0,1,0,1,190223.72890292166,9,always,1,0,0,16.737031085538977,29.42,3226.6666666666665,2193.2693730401043,2554.5333333333333,42988
2015,GoC,Sinaloa,2508008493,785,2,0,0,1,0,1,161799.22105713366,9,always,1,0,0,16.737031085538977,29.42,2508.85,1754.8569806626897,1857.8333333333333,24502
2015,GoC,Sinaloa,2508008501,804,2,0,0,1,0,1,124259.43108732103,7,sometimes,0,1,0,16.737031085538977,29.42,2619.55,2489.07849477147,1942.75,22981
2015,GoC,Sinaloa,2508008733,402,1,0,0,1,0,1,64624.861040548916,9,always,1,0,0,16.737031085538977,29.42,1194.0166666666662,547.9205768135487,620.0166666666667,20194
2015,GoC,Sinaloa,2508009053,11141,25,0,0,1,0,1,2817015.7573738564,9,always,1,0,0,16.737031085538977,29.42,39471.5,35022.90445387056,33958.46666666667,348074
2015,GoC,Sinaloa,2508009079,815,2,0,0,1,0,1,181831.50556896924,9,always,1,0,0,16.737031085538977,29.42,1983.1499999999994,1589.6609583364802,1454.2333333333331,35778
2015,GoC,Sinaloa,2508009095,365,1,0,0,1,0,1,137914.57413917582,8,sometimes,0,1,0,16.737031085538977,29.42,1381.7833333333333,1397.2868348861239,1119.2666666666667,12074
2015,GoC,Sinaloa,2508009111,365,1,0,0,1,0,1,3373.389298101962,7,sometimes,0,1,0,16.737031085538977,29.42,1103.7499999999998,1875.561727418776,1004.1833333333333,7832
2015,GoC,Sinaloa,2508009202,365,1,0,0,1,0,1,353735.8880871591,8,sometimes,0,1,0,16.737031085538977,29.42,1214.2,1475.1987028616727,895.6166666666667,29211
2015,GoC,Sinaloa,2508009210,804,2,0,0,1,0,1,98176.4957927792,9,always,1,0,0,16.737031085538977,29.42,2483.4999999999995,3405.4749869566967,1828.35,34772
2015,GoC,Sinaloa,2508009368,500,1,0,0,1,0,1,45635.67773406334,8,sometimes,0,1,0,16.737031085538977,29.42,1956.6333333333332,1462.4218487089581,1750.7833333333335,10619
2015,GoC,Sinaloa,2508009822,730,2,0,0,1,0,1,236772.12019166627,8,sometimes,0,1,0,16.737031085538977,29.42,2666.85,2049.618889079094,1893.7333333333331,28931
2015,GoC,Sinaloa,2508009897,1630,4,0,0,1,0,1,151919.39316327864,8,sometimes,0,1,0,16.737031085538977,29.42,3173.066666666667,2855.4444031319176,2202.7333333333336,70076
2015,GoC,Sinaloa,2508009921,2505,5,0,0,1,0,1,814922.8166797025,9,always,1,0,0,16.737031085538977,29.42,10170.166666666664,10618.288356938905,8662.633333333333,95202
2015,GoC,Sinaloa,2508009947,365,1,0,0,1,0,1,74068.86228533223,9,always,1,0,0,16.737031085538977,29.42,1486.0333333333335,1679.013757492442,1199.1166666666666,10837
2015,GoC,Sinaloa,2508010168,894,2,0,0,1,0,1,98442.67625490806,9,always,1,0,0,16.737031085538977,29.42,2662.2166666666662,2269.575328005543,2488.5666666666666,14426
2015,GoC,Sinaloa,2508010341,335,1,0,0,1,0,1,16262.896065229845,6,sometimes,0,1,0,16.737031085538977,29.42,773.8166666666665,1047.0694769592985,535.3333333333334,3517
2015,GoC,Sinaloa,2508010481,1440,3,0,0,1,0,1,568845.7595994025,8,sometimes,0,1,0,16.737031085538977,29.42,3541.7166666666676,3630.295607250017,2887.6833333333334,61527
2015,GoC,Sinaloa,2508010507,520,1,0,0,1,0,1,274999.40868318686,9,always,1,0,0,16.737031085538977,29.42,985.7166666666667,742.4874566389017,727.7166666666667,16130
2015,GoC,Sinaloa,2508010515,440,1,0,0,1,0,1,131098.8560360365,7,sometimes,0,1,0,16.737031085538977,29.42,736.9833333333338,1054.8373031648146,616.6999999999999,24477
2015,GoC,Sinaloa,2508010556,822,2,0,0,1,0,1,360699.6554409214,9,always,1,0,0,16.737031085538977,29.42,3075.499999999999,2372.5780622618786,1973.55,102709
2015,GoC,Sinaloa,2508010614,365,1,0,0,1,0,1,137499.70434159343,9,always,1,0,0,16.737031085538977,29.42,1682.283333333334,1763.556285200426,1216.7333333333333,12783
2015,GoC,Sinaloa,2508010762,2027,5,0,0,1,0,1,780251.5550246025,9,always,1,0,0,16.737031085538977,29.42,6670.233333333332,6959.422976147013,5029.233333333334,66194
2015,GoC,Sinaloa,2508010788,1751,5,0,0,1,0,1,300131.343867442,9,always,1,0,0,16.737031085538977,29.42,5474.9,4759.816538661989,4238.483333333334,26907
2015,GoC,Sinaloa,2508010838,1429,4,0,0,1,0,1,334385.05685140955,9,always,1,0,0,16.737031085538977,29.42,5630.733333333334,5080.540162140139,3620.2833333333333,53406
2015,GoC,Sinaloa,2508010986,1515,4,0,0,1,0,1,381917.2822315638,9,always,1,0,0,16.737031085538977,29.42,4464.7,3554.1804149846866,3418.35,50352
2015,GoC,Sinaloa,2508011182,9551,22,0,0,1,0,1,3373678.213428999,9,always,1,0,0,16.737031085538977,29.42,39121.816666666666,34414.349562763564,34317.48333333333,293536
2015,GoC,Sinaloa,2508011232,365,1,0,0,1,0,1,132995.40368212745,6,sometimes,0,1,0,16.737031085538977,29.42,651.8833333333332,782.1991362485535,611.1166666666667,20108
2015,GoC,Sinaloa,2508011240,2281,4,0,0,1,0,1,283159.4945852578,9,always,1,0,0,16.737031085538977,29.42,6110.333333333333,5325.226980589926,4736.183333333333,62113.130000000005
2015,GoC,Sinaloa,2508011265,365,1,0,0,1,0,1,36982.679098773406,7,sometimes,0,1,0,16.737031085538977,29.42,859.4999999999998,795.7113535793846,659.2333333333333,21143
2015,GoC,Sinaloa,2508011331,370,1,0,0,1,0,0,0,0,never,0,0,1,16.737031085538977,29.42,13.2,80.32568234827423,12,NA
2015,GoC,Sinaloa,2508011489,1033,2,0,0,1,0,1,23232.708664614063,8,sometimes,0,1,0,16.737031085538977,29.42,3339.2166666666662,2189.6324125323786,2998.25,14798
2015,GoC,Sinaloa,2508011547,1381,3,0,0,1,0,1,353135.7492913992,9,always,1,0,0,16.737031085538977,29.42,4584.9,4380.019907396601,3314.7,52697
2015,GoC,Sinaloa,2508011828,1230,2,0,0,1,0,0,0,4,sometimes,0,1,0,16.737031085538977,29.42,782.7333333333338,1089.6477047849987,559.6333333333334,13302
2015,GoC,Sinaloa,2508011992,365,1,0,0,1,0,1,70409.3313611263,6,sometimes,0,1,0,16.737031085538977,29.42,574.3166666666665,1076.334614866122,503.5833333333333,7864
2015,GoC,Sinaloa,2508013790,1169,3,0,0,1,0,1,120347.80156725846,8,sometimes,0,1,0,16.737031085538977,29.42,2868.666666666666,1884.1765523927547,2130.7166666666667,45221
2015,GoC,Sinaloa,2508014624,365,1,0,0,1,0,1,277897.6416754063,7,sometimes,0,1,0,16.737031085538977,29.42,435.03333333333336,699.5724917479164,289.0333333333333,6975
2015,GoC,Sinaloa,2508014632,365,1,0,0,1,0,1,519120.65100345557,9,always,1,0,0,16.737031085538977,29.42,1126.0666666666662,1063.954940948896,941.1833333333334,9707
2015,GoC,Sinaloa,2508015001,1091,3,0,0,1,0,1,525877.1019926545,8,sometimes,0,1,0,16.737031085538977,29.42,2902.133333333334,4106.990035091134,2357.0333333333333,58530
2015,GoC,Sinaloa,2508015969,365,1,0,0,1,0,1,64956.75687861483,8,sometimes,0,1,0,16.737031085538977,29.42,1542.7166666666665,1356.8731092479152,1231.4333333333334,20989
2015,GoC,Sinaloa,2508016017,365,1,0,0,1,0,1,244378.46159476976,6,sometimes,0,1,0,16.737031085538977,29.42,1460.116666666666,1288.2847966342667,1079.4333333333334,84070
2015,GoC,Sinaloa,2508016041,503,1,0,0,1,0,1,83566.63065588221,6,sometimes,0,1,0,16.737031085538977,29.42,1520.3499999999997,1262.0114818710942,1021.15,9689
2015,GoC,Sinaloa,2508016116,365,1,0,0,1,0,1,39246.68285129447,6,sometimes,0,1,0,16.737031085538977,29.42,1167.8833333333337,986.3066566319549,690.8666666666667,14271
2015,GoC,Sinaloa,2508016298,600,1,0,0,1,0,1,169503.9458693781,5,sometimes,0,1,0,16.737031085538977,29.42,1737.400000000001,1773.8839202241627,1301.3,21424
2015,GoC,Sinaloa,2508016678,1177,3,0,0,1,0,1,183609.5189871795,5,sometimes,0,1,0,16.737031085538977,29.42,2530.133333333333,2652.6040688326375,1894.1999999999998,23622
2015,GoC,Sinaloa,2508016751,1045,2,0,0,1,0,1,33189.583806591516,5,sometimes,0,1,0,16.737031085538977,29.42,1925.733333333334,2200.9763028768493,1512.8166666666666,20499
2015,GoC,Sinaloa,2508016843,8448,20,0,0,1,0,1,1036982.1129041347,5,sometimes,0,1,0,16.737031085538977,29.42,30155.416666666668,29563.949689785317,22929.133333333335,257880
2015,GoC,Sinaloa,2508017098,388,1,0,0,1,0,0,0,4,sometimes,0,1,0,16.737031085538977,29.42,539.35,1099.4587929550376,359.43333333333334,5755
2015,GoC,Sinaloa,2508017460,365,1,0,0,1,0,1,18669.140891207728,1,sometimes,0,1,0,16.737031085538977,29.42,1389.6333333333332,1059.2933214463046,1197.8333333333333,5107
2015,GoC,Sinaloa,2508017585,767,2,0,0,1,0,0,0,4,sometimes,0,1,0,16.737031085538977,29.42,902.2333333333333,1360.8392865465971,707.5999999999999,4487
2015,GoC,Sinaloa,2508018161,1582,3,0,0,1,0,0,0,2,sometimes,0,1,0,16.737031085538977,29.42,647.8666666666667,170.9684846743493,630.8666666666667,NA
2015,GoC,Sinaloa,2508072853,960,2,0,0,1,0,0,0,0,never,0,0,1,16.737031085538977,29.42,2838.633333333333,2312.6097943375753,2054.6833333333334,NA
2015,GoC,Sinaloa,2508072879,2663,5,0,0,1,0,0,0,0,never,0,0,1,16.737031085538977,29.42,8480.25,5937.2107005238595,5838.95,NA
2015,GoC,Sinaloa,2511000065,1460,4,0,0,1,0,1,288557.25884079724,8,sometimes,0,1,0,16.737031085538977,29.42,4357.166666666667,3844.0384412652247,4016.25,66660.07
2015,GoC,Sinaloa,2511000099,1192,3,0,0,1,0,1,63486.93245289435,9,always,1,0,0,16.737031085538977,29.42,3263.0333333333338,3140.983549218111,2985.95,46450
2015,GoC,Sinaloa,2511000917,365,1,0,0,1,0,1,84277.83602316632,8,sometimes,0,1,0,16.737031085538977,29.42,1259.4166666666667,1666.8217573345448,1136.0666666666666,16090
2015,GoC,Sinaloa,2511001345,2358,6,0,0,1,0,1,526896.4963524285,8,sometimes,0,1,0,16.737031085538977,29.42,9123.266666666666,9110.659690276421,8542.116666666667,72909
2015,GoC,Sinaloa,2511001436,510,1,0,0,1,0,1,362321.2036783292,9,always,1,0,0,16.737031085538977,29.42,698.7500000000001,1269.5969298115112,640.2333333333333,8400
2015,GoC,Sinaloa,2511001691,425,1,0,0,1,0,1,168982.3952667031,9,always,1,0,0,16.737031085538977,29.42,949.9166666666669,603.017113384889,638.7333333333333,13777
2015,GoC,Sinaloa,2511001790,513,1,0,0,1,0,1,369115.58562045,9,always,1,0,0,16.737031085538977,29.42,1415.6,911.9804069223427,930.0333333333333,94533
2015,GoC,Sinaloa,2511001972,450,1,0,0,1,0,1,101844.60859508369,8,sometimes,0,1,0,16.737031085538977,29.42,890.2166666666661,1626.8487426496972,808.5833333333334,6417.1900000000005
2015,GoC,Sinaloa,2511002020,425,1,0,0,1,0,0,0,7,sometimes,0,1,0,16.737031085538977,29.42,246.26666666666657,584.4123840328805,228.38333333333335,4435
2015,GoC,Sinaloa,2511002079,707,2,0,0,1,0,1,179022.24436819705,8,sometimes,0,1,0,16.737031085538977,29.42,887.3500000000001,983.3702995527744,752.4666666666667,8625
2015,GoC,Sinaloa,2511002111,342,1,0,0,1,0,1,66106.53888905747,9,always,1,0,0,16.737031085538977,29.42,1355.283333333334,1337.9536554871493,1271.4666666666667,20505
2015,GoC,Sinaloa,2511002145,365,1,0,0,1,0,1,55284.363883551014,9,always,1,0,0,16.737031085538977,29.42,894.1166666666654,644.7533098317056,862.8166666666666,24390
2015,GoC,Sinaloa,2511002236,1995,5,0,0,1,0,0,0,4,sometimes,0,1,0,16.737031085538977,29.42,3853.6000000000004,5271.76348075063,3610.5,57780
2015,GoC,Sinaloa,2511002244,338,1,0,0,1,0,0,0,2,sometimes,0,1,0,16.737031085538977,29.42,907.0500000000002,1677.7655965416236,809.6333333333333,NA
2015,GoC,Sinaloa,2511002277,455,1,0,0,1,0,0,0,0,never,0,0,1,16.737031085538977,29.42,134.4333333333333,163.57826772122763,134.43333333333334,NA
2015,GoC,Sinaloa,2511002293,365,1,0,0,1,0,0,0,3,sometimes,0,1,0,16.737031085538977,29.42,275.5666666666668,857.3217524306613,230.38333333333333,NA
2015,GoC,Sonora,2603007499,2210,4,0,0,1,0,1,1382034.4205252104,6,sometimes,0,1,0,16.737031085538977,29.42,8111.416666666665,4247.803928045979,5545.716666666667,83873
2015,GoC,Sonora,2604000923,1206,3,0,0,1,0,1,205123.48134752366,6,sometimes,0,1,0,16.737031085538977,29.42,598.8333333333334,1479.181462172553,522.0666666666666,32426
2015,GoC,Sonora,2604001400,450,1,0,0,1,0,1,276184.7509619937,6,sometimes,0,1,0,16.737031085538977,29.42,166.5,281.08016418477933,159.93333333333334,1919
2015,GoC,Sonora,2604001616,365,1,0,0,1,0,1,132876.86945424677,8,sometimes,0,1,0,16.737031085538977,29.42,1714.9666666666662,1469.4775894935126,1306.8166666666666,11000
2015,GoC,Sonora,2604001848,350,1,0,0,1,0,1,13266.208543332696,6,sometimes,0,1,0,16.737031085538977,29.42,1094.983333333333,1495.22584050991,995.7,11123
2015,GoC,Sonora,2604004883,1290,3,0,0,1,0,1,138566.5123925196,6,sometimes,0,1,0,16.737031085538977,29.42,2455.016666666667,3304.0980569988997,2356.05,88320
2015,GoC,Sonora,2604006003,402,1,0,0,1,0,1,116637.68023459305,9,always,1,0,0,16.737031085538977,29.42,1193.4333333333332,1338.5946975243573,896.9833333333333,16995
2015,GoC,Sonora,2604006086,385,1,0,0,1,0,1,29870.62542593237,7,sometimes,0,1,0,16.737031085538977,29.42,892.2166666666668,933.1434266356747,826.3000000000001,8000
2015,GoC,Sonora,2604006110,13106,26,0,0,1,0,1,1854406.357394803,9,always,1,0,0,16.737031085538977,29.42,36589.68333333333,33037.193673029586,30853.88333333333,467949
2015,GoC,Sonora,2604006342,1255,3,0,0,1,0,1,659842.115658846,8,sometimes,0,1,0,16.737031085538977,29.42,1997.9833333333336,3070.8596491792123,1787.9,46950
2015,GoC,Sonora,2604006433,525,1,0,0,1,0,1,194870.2706358445,8,sometimes,0,1,0,16.737031085538977,29.42,891.3833333333333,1113.7679423812453,723.4833333333333,11200
2015,GoC,Sonora,2604006458,867,2,0,0,1,0,1,217368.06708759832,8,sometimes,0,1,0,16.737031085538977,29.42,1598.1333333333334,1326.2327303611542,1531.9333333333334,38210
2015,GoC,Sonora,2604006839,365,1,0,0,1,0,1,85878.04809955556,7,sometimes,0,1,0,16.737031085538977,29.42,349.40000000000003,568.3084052254244,327.9,6896
2015,GoC,Sonora,2604007514,750,2,0,0,1,0,1,1117994.9236203274,8,sometimes,0,1,0,16.737031085538977,29.42,589.9166666666665,1249.1174927280695,536.7333333333333,22040
2015,GoC,Sonora,2604007720,2490,6,0,0,1,0,1,454246.86808435724,9,always,1,0,0,16.737031085538977,29.42,7706.166666666667,8010.559378200434,6816.183333333333,92888
2015,GoC,Sonora,2604007803,365,1,0,0,1,0,1,166949.2961900936,9,always,1,0,0,16.737031085538977,29.42,1039.0833333333326,658.7107097330841,917.7166666666667,13606
2015,GoC,Sonora,2604007811,1619,3,0,0,1,0,1,236357.25039408388,9,always,1,0,0,16.737031085538977,29.42,1640.0500000000006,2385.841681128395,1176.7333333333333,39162
2015,GoC,Sonora,2604007845,425,1,0,0,1,0,1,256567.33624774052,9,always,1,0,0,16.737031085538977,29.42,973.1166666666669,1413.5319342415405,862.7166666666667,13732
2015,GoC,Sonora,2604007860,503,1,0,0,1,0,1,306292.44484368747,7,sometimes,0,1,0,16.737031085538977,29.42,830.2000000000002,1240.115559625714,651.2666666666667,6857
2015,GoC,Sonora,2604008074,520,1,0,0,1,0,0,0,2,sometimes,0,1,0,16.737031085538977,29.42,106.9,867.3889706646222,106.9,NA
2015,GoC,Sonora,2604008082,420,1,0,0,1,0,1,325138.91293980466,9,always,1,0,0,16.737031085538977,29.42,359.44999999999993,672.6204243065691,338.1,2987
2015,GoC,Sonora,2604008116,365,1,0,0,1,0,1,107866.14737142244,7,sometimes,0,1,0,16.737031085538977,29.42,273.0166666666666,484.80631346043884,243.01666666666665,5330
2015,GoC,Sonora,2604008165,1300,3,0,0,1,0,1,291570.4937409065,8,sometimes,0,1,0,16.737031085538977,29.42,3039.533333333333,3142.1678388609384,2837.9333333333334,57000
2015,GoC,Sonora,2604008322,875,2,0,0,1,0,1,204471.54309417988,8,sometimes,0,1,0,16.737031085538977,29.42,1671.7833333333335,2334.785561741177,1413.4833333333333,39920
2015,GoC,Sonora,2604008447,1275,3,0,0,1,0,1,417655.35193759005,9,always,1,0,0,16.737031085538977,29.42,3469.4333333333343,3226.3548010563554,3054.05,23800
2015,GoC,Sonora,2604008454,225,1,0,0,1,0,1,3751.9165014161385,1,sometimes,0,1,0,16.737031085538977,29.42,480.8166666666668,789.5148498379018,432.8666666666667,8461
2015,GoC,Sonora,2604008637,240,1,0,0,1,0,1,100826.77888711783,6,sometimes,0,1,0,16.737031085538977,29.42,256.26666666666665,605.2069389325403,222.21666666666667,6460
2015,GoC,Sonora,2604009023,225,1,0,0,1,0,1,68631.31794291604,8,sometimes,0,1,0,16.737031085538977,29.42,371.93333333333334,249.13806717967526,371.93333333333334,2629
2015,GoC,Sonora,2604009171,7580,15,0,0,1,0,1,1143116.9256362861,9,always,1,0,0,16.737031085538977,29.42,19217.783333333333,16114.062507165483,15559.116666666667,224564
2015,GoC,Sonora,2604009775,420,1,0,0,1,0,1,715354.0652599279,5,sometimes,0,1,0,16.737031085538977,29.42,222.6666666666667,590.087176437979,192.96666666666667,5920
2015,GoC,Sonora,2604009809,1890,4,0,0,1,0,1,351240.6240560428,9,always,1,0,0,16.737031085538977,29.42,3977.5000000000005,4784.361385777382,3525.9833333333336,48448
2015,GoC,Sonora,2604009999,1276,3,0,0,1,0,1,277844.23015232326,9,always,1,0,0,16.737031085538977,29.42,1784.083333333333,1328.5327227065975,1642.1333333333332,27228
2015,GoC,Sonora,2604010336,1125,1,0,0,1,0,1,694136.4384692855,2,sometimes,0,1,0,16.737031085538977,29.42,17.999999999999996,35.74356969120311,6.2,NA
2015,GoC,Sonora,2604010476,730,2,0,0,1,0,1,357626.25256673986,7,sometimes,0,1,0,16.737031085538977,29.42,653.4166666666667,1496.7374895380958,590.8166666666666,6925
2015,GoC,Sonora,2604010609,402,1,0,0,1,0,1,127471.70866288757,8,sometimes,0,1,0,16.737031085538977,29.42,558.0666666666666,997.1000424170186,506.06666666666666,5850
2015,GoC,Sonora,2604010641,1890,5,0,0,1,0,1,389216.8570529121,8,sometimes,0,1,0,16.737031085538977,29.42,4520.5999999999995,5420.769486325976,3979.6666666666665,65999
2015,GoC,Sonora,2604010716,365,1,0,0,1,0,0,0,0,never,0,0,1,16.737031085538977,29.42,347.04999999999995,451.1490676182687,285.6,1650
2015,GoC,Sonora,2604010781,520,1,0,0,1,0,1,399725.8646283578,9,always,1,0,0,16.737031085538977,29.42,1624.533333333333,677.046857466763,1177.4666666666667,20470
2015,GoC,Sonora,2604011133,835,2,0,0,1,0,1,190176.3152117694,6,sometimes,0,1,0,16.737031085538977,29.42,1669.0666666666662,1593.5410239880844,1335.3666666666668,24880
2015,GoC,Sonora,2604011300,2155,4,0,0,1,0,1,444925.3364038202,9,always,1,0,0,16.737031085538977,29.42,5761.63333333333,4005.7194279139617,4453.233333333334,83065
2015,GoC,Sonora,2604011359,365,1,0,0,1,0,1,29870.62542593237,3,sometimes,0,1,0,16.737031085538977,29.42,678.8833333333329,1220.2489766747217,617.2833333333333,3510
2015,GoC,Sonora,2604011409,4034,10,0,0,1,0,1,1380971.1685011208,9,always,1,0,0,16.737031085538977,29.42,8051.816666666668,11717.068179430044,7315.95,135761.25
2015,GoC,Sonora,2604011425,790,2,0,0,1,0,1,227348.64907515192,8,sometimes,0,1,0,16.737031085538977,29.42,992.9666666666669,1476.7160390444546,827.1,5579
2015,GoC,Sonora,2604011458,1438,3,0,0,1,0,1,185091.19683568805,7,sometimes,0,1,0,16.737031085538977,29.42,2557.4833333333336,4151.780307443327,2278.7333333333336,27165
2015,GoC,Sonora,2604011540,365,1,0,0,1,0,1,122327.32317286589,9,always,1,0,0,16.737031085538977,29.42,733.8333333333335,1074.2044356875037,657.3333333333334,10020
2015,GoC,Sonora,2604011557,1003,2,0,0,1,0,1,420986.16374103725,9,always,1,0,0,16.737031085538977,29.42,2327.4666666666676,1875.3014096288155,2017.1833333333334,14631
2015,GoC,Sonora,2604011573,1212,3,0,0,1,0,1,254327.03934079557,8,sometimes,0,1,0,16.737031085538977,29.42,1468.75,2683.0357583073373,1310.9833333333333,24037
2015,GoC,Sonora,2604011581,425,1,0,0,1,0,1,154094.4962448892,9,always,1,0,0,16.737031085538977,29.42,342.1833333333334,632.3184461730593,292.18333333333334,10050
2015,GoC,Sonora,2604011664,1732,4,0,0,1,0,1,67872.69888447966,8,sometimes,0,1,0,16.737031085538977,29.42,2003.5166666666664,3892.8643359837715,1884.5166666666667,25480
2015,GoC,Sonora,2604609541,420,1,0,0,1,0,1,23232.708664614063,5,sometimes,0,1,0,16.737031085538977,29.42,582,900.608373951297,513.25,5550
2015,GoC,Sonora,2604609947,365,1,0,0,1,0,1,98442.67625490806,6,sometimes,0,1,0,16.737031085538977,29.42,796.9999999999998,806.2444121787285,734.7,11218
2015,GoC,Sonora,2604609970,365,1,0,0,1,0,0,0,3,sometimes,0,1,0,16.737031085538977,29.42,1089.7166666666665,1013.4684514320039,916.9333333333333,6437
2015,GoC,Sonora,2604612081,708,2,0,0,1,0,0,0,3,sometimes,0,1,0,16.737031085538977,29.42,885.1333333333332,1214.365715688236,768.3833333333333,10800
2015,GoC,Sonora,2604612750,420,1,0,0,1,0,1,36508.54218725067,5,sometimes,0,1,0,16.737031085538977,29.42,655.1333333333332,975.0795810399636,554.2333333333333,11185
2015,GoC,Sonora,2604613758,790,2,0,0,1,0,1,43297.803450727035,5,sometimes,0,1,0,16.737031085538977,29.42,1252.05,1540.03768830849,1167.3333333333333,5500
2015,GoC,Sonora,2604615076,355,1,0,0,1,0,0,0,1,sometimes,0,1,0,16.737031085538977,29.42,722.6166666666666,953.8670440373954,686.8333333333334,NA
2015,GoC,Sonora,2604615274,2080,4,0,0,1,0,0,0,0,never,0,0,1,16.737031085538977,29.42,2999.1499999999996,4273.360086255469,2377.3,NA
2015,GoC,Sonora,2607002082,2390,5,0,0,1,0,1,505584.0421794814,9,always,1,0,0,16.737031085538977,29.42,8172.349999999997,4508.608113989098,4926,67165
2015,GoC,Sonora,2607002108,400,1,0,0,1,0,0,0,4,sometimes,0,1,0,16.737031085538977,29.42,573.3833333333331,664.0763502575594,502.2166666666667,7288
2015,GoC,Sonora,2607002389,614,1,0,0,1,0,1,68749.85217079672,6,sometimes,0,1,0,16.737031085538977,29.42,1844.8166666666668,1837.240643803377,1452.3999999999999,16389
2015,GoC,Sonora,2607002652,443,1,0,0,1,0,0,0,0,never,0,0,1,16.737031085538977,29.42,1053.7,835.8579383872877,853.2,6631
2015,GoC,Sonora,2607002678,405,1,0,0,1,0,1,133588.07482153087,7,sometimes,0,1,0,16.737031085538977,29.42,1327.4666666666665,855.2296415587023,1172.4666666666667,12024
2015,GoC,Sonora,2607003130,540,1,0,0,1,0,1,134133.332269782,7,sometimes,0,1,0,16.737031085538977,29.42,1982.8833333333328,746.6714290856052,1069.25,10612
2015,GoC,Sonora,2607003312,503,1,0,0,1,0,1,201034.05048564007,6,sometimes,0,1,0,16.737031085538977,29.42,833.1999999999999,613.7733020505069,661.9499999999999,10786
2015,GoC,Sonora,2607003387,3210,5,0,0,1,0,1,540397.5449080383,8,sometimes,0,1,0,16.737031085538977,29.42,6725.866666666666,5511.3490611233165,4824.35,104887
2015,GoC,Sonora,2607003452,450,1,0,0,1,0,1,102354.30577497063,9,always,1,0,0,16.737031085538977,29.42,1615.433333333331,1325.9155398389628,1366.5166666666667,17150
2015,GoC,Sonora,2607003460,3453,6,0,0,1,0,1,761523.1470194543,8,sometimes,0,1,0,16.737031085538977,29.42,11846.816666666668,10916.919493893702,9785.233333333334,194445
2015,GoC,Sonora,2607003528,520,1,0,0,1,0,1,45635.67773406334,5,sometimes,0,1,0,16.737031085538977,29.42,1488.5999999999997,1032.9892738712458,1124.7,24058
2015,GoC,Sonora,2607003569,365,1,0,0,1,0,1,42316.71935340419,5,sometimes,0,1,0,16.737031085538977,29.42,1044.6333333333332,977.4773942915589,787.3333333333334,5733
2015,GoC,Sonora,2607003676,365,1,0,0,1,0,1,43312.40686760193,7,sometimes,0,1,0,16.737031085538977,29.42,1482.6000000000001,980.188535471443,898.7666666666667,8485
2015,GoC,Sonora,2607003700,1250,3,0,0,1,0,1,29538.72958786645,8,sometimes,0,1,0,16.737031085538977,29.42,4689.550000000001,4077.665694986412,3635.3166666666666,25531
2015,GoC,Sonora,2607003726,402,1,0,0,1,0,1,85463.17830197317,8,sometimes,0,1,0,16.737031085538977,29.42,1202.3333333333335,1274.82875161452,994.0833333333334,16657
2015,GoC,Sonora,2607003734,920,2,0,0,1,0,1,270985.8397271469,9,always,1,0,0,16.737031085538977,29.42,3053.75,3508.828949590938,2426.366666666667,26898
2015,GoC,Sonora,2607003874,365,1,0,0,1,0,1,119067.63190614707,7,sometimes,0,1,0,16.737031085538977,29.42,1669.266666666667,1644.5442496796336,1352.05,9515
2015,GoC,Sonora,2607003890,1509,3,0,0,1,0,1,467024.85784989496,9,always,1,0,0,16.737031085538977,29.42,5748.466666666665,2900.907596356655,3426.5333333333333,58241
2015,GoC,Sonora,2607004054,989,2,0,0,1,0,1,154687.1673842926,9,always,1,0,0,16.737031085538977,29.42,5272.116666666667,2858.742306646578,3697.55,39581
2015,GoC,Sonora,2607004070,624,1,0,0,1,0,1,40657.24016307461,6,sometimes,0,1,0,16.737031085538977,29.42,934.6833333333334,968.2901524430703,709.25,12031
2015,GoC,Sonora,2607004088,1569,3,0,0,1,0,1,91508.42392388804,8,sometimes,0,1,0,16.737031085538977,29.42,3940.9833333333327,3142.1937951739174,2534.5,12117
2015,GoC,Sonora,2607004104,1335,3,0,0,1,0,1,518670.220937509,8,sometimes,0,1,0,16.737031085538977,29.42,7756.633333333333,4928.176530004335,5892.916666666667,25469
2015,GoC,Sonora,2607004138,520,1,0,0,1,0,1,80152.84489291851,7,sometimes,0,1,0,16.737031085538977,29.42,904.0500000000001,1250.5626029505727,692.7833333333333,10104
2015,GoC,Sonora,2607004179,450,1,0,0,1,0,1,29040.88583076758,8,sometimes,0,1,0,16.737031085538977,29.42,1341.7333333333336,860.5295875597975,1025.3833333333332,17433
2015,GoC,Sonora,2607004203,450,1,0,0,1,0,0,0,0,never,0,0,1,16.737031085538977,29.42,504.68333333333334,748.5249296474819,428.3833333333333,4730
2015,GoC,Sonora,2607004294,365,1,0,0,1,0,1,144789.55935625552,9,always,1,0,0,16.737031085538977,29.42,1467.3000000000002,1221.4324276411494,1237.3,9799
2015,GoC,Sonora,2607004302,420,1,0,0,1,0,1,177421.55815489628,8,sometimes,0,1,0,16.737031085538977,29.42,1349.800000000001,1096.9918272118991,947.85,17614
2015,GoC,Sonora,2607004351,450,1,0,0,1,0,1,373112.5597845866,8,sometimes,0,1,0,16.737031085538977,29.42,1630.5499999999997,1365.4800477483004,1228.0333333333333,8846
2015,GoC,Sonora,2607004369,540,1,0,0,1,0,1,89493.34204991642,7,sometimes,0,1,0,16.737031085538977,29.42,2210.316666666667,993.1143275197561,1500.4,11095
2015,GoC,Sonora,2607004385,840,2,0,0,1,0,1,141956.59130990715,8,sometimes,0,1,0,16.737031085538977,29.42,2031.1333333333334,1417.8795463695246,1210.6833333333334,15104
2015,GoC,Sonora,2607004393,624,1,0,0,1,0,1,61045.12735855226,8,sometimes,0,1,0,16.737031085538977,29.42,1997.5833333333335,1267.923493601767,1528.2166666666667,15844
2015,GoC,Sonora,2607004401,624,1,0,0,1,0,1,146389.77143264475,9,always,1,0,0,16.737031085538977,29.42,2734.0166666666682,1659.7051733102537,2009.5166666666667,24441
2015,GoC,Sonora,2607010853,450,1,0,0,1,0,1,294913.15896714176,9,always,1,0,0,16.737031085538977,29.42,2013.8833333333323,938.8147030083145,1270.3333333333333,7606
2015,GoC,Sonora,2607010861,450,1,0,0,1,0,1,209509.24777910896,8,sometimes,0,1,0,16.737031085538977,29.42,1929.4833333333327,778.735633084769,1075.8333333333333,10552
2015,GoC,Sonora,2607100043,402,1,0,0,1,0,1,14935.312712966184,5,sometimes,0,1,0,16.737031085538977,29.42,536.6833333333335,919.5959572961223,482.3333333333333,5432
2015,GoC,Sonora,2607100142,450,1,0,0,1,0,0,0,3,sometimes,0,1,0,16.737031085538977,29.42,1800.0166666666664,1728.48295735954,1416.5333333333333,NA
2015,GoC,Sonora,2607101918,503,1,0,0,1,0,1,29040.88583076758,5,sometimes,0,1,0,16.737031085538977,29.42,1815.5500000000002,872.2240670844691,1079.45,12748
2015,GoC,Sonora,2607603012,2792,6,0,0,1,0,1,1261221.2535792924,7,sometimes,0,1,0,16.737031085538977,29.42,5612.4333333333325,6447.820964243986,4305.266666666666,50975
2015,GoC,Sonora,2607603699,540,1,0,0,1,0,1,107866.14737142244,5,sometimes,0,1,0,16.737031085538977,29.42,1213.8666666666668,995.3132642082142,1027.5333333333333,10458
2015,GoC,Sonora,2607603707,2710,5,0,0,1,0,1,1088831.2363294754,7,sometimes,0,1,0,16.737031085538977,29.42,9031.566666666668,5503.303784245163,6323.266666666666,92950
2015,GoC,Sonora,2607603772,520,1,0,0,1,0,1,199018.96861166842,7,sometimes,0,1,0,16.737031085538977,29.42,1317.5333333333338,1145.8227002644378,1063.0333333333333,13938
2015,GoC,Sonora,2607603780,520,1,0,0,1,0,0,0,4,sometimes,0,1,0,16.737031085538977,29.42,1679.6833333333332,856.6480367047569,1010.45,15682
2015,GoC,Sonora,2607603798,1510,3,0,0,1,0,0,0,4,sometimes,0,1,0,16.737031085538977,29.42,6077.783333333334,3553.4753617770357,4195.416666666667,21472
2015,GoC,Sonora,2607604549,503,1,0,0,1,0,0,0,3,sometimes,0,1,0,16.737031085538977,29.42,2584.3166666666666,1156.3544500318226,1660.2,NA
2015,GoC,Sonora,2607604754,450,1,0,0,1,0,0,0,0,never,0,0,1,16.737031085538977,29.42,1411.6666666666663,991.3724467583859,886.7833333333333,NA
2015,GoC,Sonora,2609001850,365,1,0,0,1,0,0,0,1,sometimes,0,1,0,16.737031085538977,29.42,21.05,77.41704866495513,21.05,1900
2015,GoC,Sonora,2609002015,425,1,0,0,1,0,1,117348.88560187716,4,sometimes,0,1,0,16.737031085538977,29.42,800.9166666666667,1064.2169937337947,779.9166666666667,19700
2015,GoM,Tamaulipas,0402006290,1300,3,0,0,1,0,1,876870.2265808824,8,sometimes,0,1,0,16.737031085538977,29.42,3163.333333333333,2858.321784276347,2618.75,95104
2015,GoM,Tamaulipas,2808000679,402,1,0,0,1,0,1,229008.12826548147,9,always,1,0,0,16.737031085538977,29.42,1508.1666666666667,892.6911545514319,1031.25,19055
2015,GoM,Tamaulipas,2808000885,730,2,0,0,1,0,1,249514.54968883982,8,sometimes,0,1,0,16.737031085538977,29.42,4364.716666666667,1091.992966568303,2081.1,51422
2015,GoM,Tamaulipas,2808001503,5565,14,0,0,1,0,1,1904841.7230842111,9,always,1,0,0,16.737031085538977,29.42,29873.7,9645.670227763962,16730.333333333332,384282
2015,GoM,Tamaulipas,2808001784,365,1,0,0,1,0,0,0,0,never,0,0,1,16.737031085538977,29.42,1542.433333333333,1365.2013433023965,1230.2333333333333,15494
2015,GoM,Tamaulipas,2808002543,502,1,0,0,1,0,1,2468662.5796952955,9,always,1,0,0,16.737031085538977,29.42,2690.2000000000003,1467.141487549416,1678.6833333333334,207154.8
2015,GoM,Tamaulipas,2808002758,965,2,0,0,1,0,1,466918.17704480235,9,always,1,0,0,16.737031085538977,29.42,3566.616666666667,1443.029053825267,2150.116666666667,116184
2015,GoM,Tamaulipas,2808002790,1132,3,0,0,1,0,1,320279.48373360815,9,always,1,0,0,16.737031085538977,29.42,6918.816666666669,1843.7760826126248,3798.3166666666666,67637
2015,GoM,Tamaulipas,2808003475,790,2,0,0,1,0,1,476688.71638055134,9,always,1,0,0,16.737031085538977,29.42,6085.666666666668,3024.427642329496,3940.7333333333336,121167
2015,GoM,Tamaulipas,2808004220,1936,5,0,0,1,0,1,757581.1727370543,9,always,1,0,0,16.737031085538977,29.42,7883.816666666667,3898.278012747747,4549.25,113408
2015,GoM,Tamaulipas,2808004226,1132,3,0,0,1,0,1,330829.030014989,9,always,1,0,0,16.737031085538977,29.42,4631.866666666667,2730.444922659522,3223.633333333333,47852
2015,GoM,Tamaulipas,2808004283,1080,2,0,0,1,0,1,655397.0821133204,9,always,1,0,0,16.737031085538977,29.42,4662.333333333332,1187.6275500549723,2152.35,177435
2015,GoM,Tamaulipas,2808004564,425,1,0,0,1,0,1,190733.4260828086,9,always,1,0,0,16.737031085538977,29.42,2422.8333333333344,591.4015027091082,1336.8,38995
2015,GoM,Tamaulipas,2808004598,365,1,0,0,1,0,1,93689.45371689263,9,always,1,0,0,16.737031085538977,29.42,650,892.7387139856111,532.0166666666667,18075
2015,GoM,Tamaulipas,2808004622,1500,3,0,0,1,0,1,877762.5522483683,9,always,1,0,0,16.737031085538977,29.42,8243.333333333334,1811.0581816960257,3713.5333333333333,114388.05
2015,GoM,Tamaulipas,2808004812,405,1,0,0,1,0,1,233275.3604691861,9,always,1,0,0,16.737031085538977,29.42,1479.65,1529.2862501297989,1232.5833333333335,20276
2015,GoM,Tamaulipas,2808004895,787,2,0,0,1,0,1,267579.16601785604,9,always,1,0,0,16.737031085538977,29.42,5303.416666666669,1654.2417562700884,2763.5166666666664,67220
2015,GoM,Tamaulipas,2808004986,365,1,0,0,1,0,1,203931.97528886702,6,sometimes,0,1,0,16.737031085538977,29.42,1552.6,1651.464831886925,1216.5833333333333,22759.7
2015,GoM,Tamaulipas,2808005041,2860,7,0,0,1,0,1,824215.900145548,9,always,1,0,0,16.737031085538977,29.42,15377.116666666667,5119.1083851974545,8383.366666666667,225950.8
2015,GoM,Tamaulipas,2808005058,834,2,0,0,1,0,1,191432.77802730465,9,always,1,0,0,16.737031085538977,29.42,3265.916666666666,1194.325428943175,1261.9499999999998,51114
2015,GoM,Tamaulipas,2808005066,827,2,0,0,1,0,1,188673.6330980804,9,always,1,0,0,16.737031085538977,29.42,5154.783333333333,1055.4782503268664,2428.3166666666666,37957
2015,GoM,Tamaulipas,2808005082,1330,3,0,0,1,0,1,473129.37058575015,9,always,1,0,0,16.737031085538977,29.42,7457.4666666666635,2529.5541426175705,4217.716666666667,82087
2015,GoM,Tamaulipas,2808005546,2092,5,0,0,1,0,1,499977.37320072507,9,always,1,0,0,16.737031085538977,29.42,9754.1,2845.237094110571,4783.55,112084
2015,GoM,Tamaulipas,2808005553,1210,3,0,0,1,0,1,641329.9140853523,9,always,1,0,0,16.737031085538977,29.42,5248.999999999999,1661.1169486457939,2124.9333333333334,114447.7
2015,GoM,Tamaulipas,2808005579,320,1,0,0,1,0,1,78564.48623931735,7,sometimes,0,1,0,16.737031085538977,29.42,933.7333333333333,769.783707070003,656.5666666666666,13335
2015,GoM,Tamaulipas,2808005629,1221,3,0,0,1,0,1,470000.0669697001,9,always,1,0,0,16.737031085538977,29.42,7520.766666666665,1909.6070958699452,3799.7,91451
2015,GoM,Tamaulipas,2808005702,730,2,0,0,1,0,1,183016.84784777608,9,always,1,0,0,16.737031085538977,29.42,3757.4666666666676,2105.6713231763133,2711.4833333333336,63554
2015,GoM,Tamaulipas,2808005876,440,1,0,0,1,0,1,498074.8988432401,9,always,1,0,0,16.737031085538977,29.42,3542.566666666667,528.8689906696779,1556.4666666666667,118920
2015,GoM,Tamaulipas,2808005959,3199,7,0,0,1,0,1,361170.4733940635,5,sometimes,0,1,0,16.737031085538977,29.42,19057.833333333332,7921.466350031344,12674.55,280803
2015,GoM,Tamaulipas,2808006015,850,2,0,0,1,0,1,257397.0758429053,9,always,1,0,0,16.737031085538977,29.42,5559.300000000001,1012.7596645010708,2593.7,54876
2015,GoM,Tamaulipas,2808006023,400,1,0,0,1,0,1,191432.77802730465,5,sometimes,0,1,0,16.737031085538977,29.42,2757.299999999999,1606.4314408598627,1832.7,30990
2015,GoM,Tamaulipas,2808006049,730,2,0,0,1,0,1,168792.740502094,9,always,1,0,0,16.737031085538977,29.42,4632.283333333333,1016.6033179680595,2504.2666666666664,75256
2015,GoM,Tamaulipas,2808006130,425,1,0,0,1,0,1,204364.86228908726,9,always,1,0,0,16.737031085538977,29.42,2613.783333333332,646.8073392973324,1559.7333333333333,33566
2015,GoM,Tamaulipas,2808006189,2037,5,0,0,1,0,1,903746.440342093,9,always,1,0,0,16.737031085538977,29.42,12492.300000000003,4741.627187404901,7037.0999999999995,213892
2015,GoM,Tamaulipas,2808006197,1365,3,0,0,1,0,1,756007.9864646218,9,always,1,0,0,16.737031085538977,29.42,4368.3499999999985,2937.9337852544127,2914,56855
2015,GoM,Tamaulipas,2808006247,365,1,0,0,1,0,1,91508.42392388804,9,always,1,0,0,16.737031085538977,29.42,1900.6666666666667,909.5927987084922,950.8333333333334,22000
2015,GoM,Tamaulipas,2808006270,1230,3,0,0,1,0,1,402613.35841953126,9,always,1,0,0,16.737031085538977,29.42,7038.866666666665,2060.25884550706,3786.883333333333,79609
2015,GoM,Tamaulipas,2808006452,402,1,0,0,1,0,1,298931.70636075275,9,always,1,0,0,16.737031085538977,29.42,2638.05,476.3844977051691,857.7333333333333,58013
2015,GoM,Tamaulipas,2808006494,767,2,0,0,1,0,1,129083.77416206487,9,always,1,0,0,16.737031085538977,29.42,4060.633333333334,1710.86517269888,2346.75,42574
2015,GoM,Tamaulipas,2808006551,402,1,0,0,1,0,1,93879.10848150172,9,always,1,0,0,16.737031085538977,29.42,1664.0666666666668,551.1995623186261,1191.1166666666666,28114
2015,GoM,Tamaulipas,2808006619,922,2,0,0,1,0,1,359514.31316211453,9,always,1,0,0,16.737031085538977,29.42,5082.316666666664,923.3807386999317,2732.2,71882
2015,GoM,Tamaulipas,2808006668,402,1,0,0,1,0,1,172585.8357942759,9,always,1,0,0,16.737031085538977,29.42,2658.9500000000007,753.9675025442897,1486.2166666666667,46925
2015,GoM,Tamaulipas,2808006718,365,1,0,0,1,0,1,202945.7705128997,9,always,1,0,0,16.737031085538977,29.42,1311.2166666666665,1041.2691628861387,1162.4666666666667,10170
2015,GoM,Tamaulipas,2808006726,365,1,0,0,1,0,1,250952.13280457674,9,always,1,0,0,16.737031085538977,29.42,2349.8333333333335,743.907201248972,871.3666666666667,30914.12
2015,GoM,Tamaulipas,2808006734,365,1,0,0,1,0,1,110948.03729632022,9,always,1,0,0,16.737031085538977,29.42,2357.7833333333338,453.086677767059,1194.4333333333334,28100
2015,GoM,Tamaulipas,2808006833,1307,3,0,0,1,0,1,623414.1056260176,9,always,1,0,0,16.737031085538977,29.42,9507.599999999999,1375.5192790778904,3951.9,140966
2015,GoM,Tamaulipas,2808006858,2642,6,0,0,1,0,1,1280560.8240633935,9,always,1,0,0,16.737031085538977,29.42,9509.716666666665,5624.0422454956515,5428.833333333333,117082
2015,GoM,Tamaulipas,2808006866,3567,8,0,0,1,0,1,1627214.1735004538,9,always,1,0,0,16.737031085538977,29.42,11577.133333333333,8675.093816057895,7141.1,168068.8
2015,GoM,Tamaulipas,2808007005,790,2,0,0,1,0,1,248862.61143549604,9,always,1,0,0,16.737031085538977,29.42,4673.783333333333,1868.208438931576,3180.7333333333336,61179
2015,GoM,Tamaulipas,2808007013,1835,5,0,0,1,0,1,379570.3045195263,9,always,1,0,0,16.737031085538977,29.42,7700.199999999999,5153.147202468384,5259.2,112949
2015,GoM,Tamaulipas,2808007252,1095,3,0,0,1,0,1,406963.56458275235,9,always,1,0,0,16.737031085538977,29.42,5180.433333333332,2158.565662836483,2899.383333333333,82933
2015,GoM,Tamaulipas,2808007260,735,2,0,0,1,0,1,184107.3627442784,9,always,1,0,0,16.737031085538977,29.42,3789.0333333333333,1638.5580669800333,2347.1,51201
2015,GoM,Tamaulipas,2808007492,827,2,0,0,1,0,1,321603.74812749116,8,sometimes,0,1,0,16.737031085538977,29.42,5296.5666666666675,1125.0069027242782,2115.2833333333333,55525
2015,GoM,Tamaulipas,2808007500,730,2,0,0,1,0,1,159784.139183162,9,always,1,0,0,16.737031085538977,29.42,4307.300000000001,1445.3505942071288,1996.5666666666666,29090.6
2015,GoM,Tamaulipas,2808007518,882,2,0,0,1,0,1,394126.3077032743,9,always,1,0,0,16.737031085538977,29.42,4777.049999999999,1266.8217183393103,1886.4499999999998,66620
2015,GoM,Tamaulipas,2808007526,402,1,0,0,1,0,1,235453.07130381005,9,always,1,0,0,16.737031085538977,29.42,2120.083333333333,765.101475405165,1318.5833333333333,32833.3
2015,GoM,Tamaulipas,2808007542,1392,3,0,0,1,0,1,641682.6719475252,9,always,1,0,0,16.737031085538977,29.42,7079.2166666666635,3115.3287939337306,4486.266666666666,89673.5
2015,GoM,Tamaulipas,2808007690,1864,4,0,0,1,0,1,802009.6978943808,9,always,1,0,0,16.737031085538977,29.42,9480.3,2349.2269398695503,4341.2,181687
2015,GoM,Tamaulipas,2808007708,365,1,0,0,1,0,1,152553.5512824403,8,sometimes,0,1,0,16.737031085538977,29.42,3206.583333333334,439.65005838415703,1270.1666666666667,35860
2015,GoM,Tamaulipas,2808007823,520,1,0,0,1,0,0,0,1,sometimes,0,1,0,16.737031085538977,29.42,1158.8333333333333,809.2915216151607,753.9833333333333,NA
2015,GoM,Tamaulipas,2808007898,822,2,0,0,1,0,0,0,4,sometimes,0,1,0,16.737031085538977,29.42,6709.133333333332,2021.1848484142029,3895.083333333333,NA
2015,GoM,Tamaulipas,2808007906,1258,3,0,0,1,0,0,0,4,sometimes,0,1,0,16.737031085538977,29.42,8174.7666666666655,2511.436252403331,4377.766666666666,NA
2015,GoM,Tamaulipas,2808007914,925,2,0,0,1,0,0,0,4,sometimes,0,1,0,16.737031085538977,29.42,6991.316666666667,1848.29345409445,4026.166666666667,NA
2015,GoM,Tamaulipas,2808007922,1206,3,0,0,1,0,0,0,4,sometimes,0,1,0,16.737031085538977,29.42,9635.200000000003,3113.4150581440194,5693.799999999999,NA
2015,GoM,Tamaulipas,2808007963,520,1,0,0,1,0,0,0,4,sometimes,0,1,0,16.737031085538977,29.42,3055.133333333333,1577.0518267183782,2033.2,NA
2015,GoM,Tamaulipas,2808008029,402,1,0,0,1,0,0,0,3,sometimes,0,1,0,16.737031085538977,29.42,2092.9166666666665,1466.0624554605897,1460.7,NA
2015,GoM,Tamaulipas,3010002552,730,2,0,0,1,0,1,178661.90031543977,9,always,1,0,0,16.737031085538977,29.42,2274.383333333333,1770.2775169709453,1562.15,36127
2015,GoM,Veracruz,0402006571,2152,5,0,0,1,0,1,659766.2537530024,8,sometimes,0,1,0,16.737031085538977,29.42,9044.449999999999,2862.1062144368398,4706.116666666667,169062.6
2015,GoM,Veracruz,2508010366,375,1,0,0,1,0,1,190258.34089746285,7,sometimes,0,1,0,16.737031085538977,29.42,1083.5,972.7373431516195,758.6666666666666,16060
2015,GoM,Veracruz,3001000581,365,1,0,0,1,0,1,256413.24175149563,9,always,1,0,0,16.737031085538977,29.42,1534.35,1220.8594059879122,1455.3500000000001,21302
2015,GoM,Veracruz,3001004716,930,2,0,0,1,0,1,410892.73716854124,8,sometimes,0,1,0,16.737031085538977,29.42,2223.6499999999996,1780.5479765171908,1884.2833333333333,5530
2015,GoM,Veracruz,3001007941,800,2,0,0,1,0,1,357238.45598680543,9,always,1,0,0,16.737031085538977,29.42,3372.5,2634.7441991276496,2744.45,54421
2015,GoM,Veracruz,3001008709,402,1,0,0,1,0,1,213587.06228666028,9,always,1,0,0,16.737031085538977,29.42,1777.6166666666666,1111.1266942818286,1387.95,33565
2015,GoM,Veracruz,3001008816,420,1,0,0,1,0,1,171634.2430128498,5,sometimes,0,1,0,16.737031085538977,29.42,1687.8666666666668,1135.1922914528861,1382.7166666666667,29213
2015,GoM,Veracruz,3001009384,370,1,0,0,1,0,1,150064.33249694595,9,always,1,0,0,16.737031085538977,29.42,1482.0999999999997,747.4105648577365,1381.2,23675
2015,GoM,Veracruz,3001009434,450,1,0,0,1,0,1,184396.58626030726,9,always,1,0,0,16.737031085538977,29.42,2241.266666666666,1270.8465232060641,2022.3,30135
2015,GoM,Veracruz,3001009673,365,1,0,0,1,0,1,257361.5155745411,7,sometimes,0,1,0,16.737031085538977,29.42,541.6999999999999,621.5764026514325,306.25,15119
2015,GoM,Veracruz,3001009889,850,2,0,0,1,0,1,358859.0559503902,7,sometimes,0,1,0,16.737031085538977,29.42,2889.583333333334,1765.950015270561,2846.1,66655
2015,GoM,Veracruz,3001010721,402,1,0,0,1,0,0,0,0,never,0,0,1,16.737031085538977,29.42,1668.2166666666667,945.3844083328792,1457.45,NA
2015,GoM,Veracruz,3001010762,402,1,0,0,1,0,0,0,0,never,0,0,1,16.737031085538977,29.42,1285.1333333333332,912.862274563755,1120.3666666666666,NA
2015,GoM,Veracruz,3003005919,1580,4,0,0,1,0,0,0,7,sometimes,0,1,0,16.737031085538977,29.42,1310.8333333333335,2701.9582674734957,905.25,28865
2015,GoM,Veracruz,3010002933,2536,6,0,0,1,0,1,512725.72940929263,9,always,1,0,0,16.737031085538977,29.42,15908.633333333335,5823.675442827265,11968.866666666667,284396
2015,GoM,Veracruz,3010003055,1020,2,0,0,1,0,0,0,3,sometimes,0,1,0,16.737031085538977,29.42,5519.516666666666,1543.1311780881242,3108.5,48516
2015,GoM,Veracruz,3011012345,220,1,0,0,1,0,1,152980.27450281076,9,always,1,0,0,16.737031085538977,29.42,577.4166666666667,592.1714929320261,559.4166666666667,14730
2015,GoM,Yucatan,3105004364,375,1,0,0,1,0,1,279660.8857288227,3,sometimes,0,1,0,16.737031085538977,29.42,1777.7,1660.106650107751,1652.6333333333334,NA
2015,GoM,Yucatan,3105005155,402,1,0,0,1,0,1,11274.975756010661,2,sometimes,0,1,0,16.737031085538977,29.42,445.28333333333336,531.5702282189978,271.31666666666666,NA
2016,GoC,Baja california,0203014741,373,1,0,0,1,0,1,329992.7950310259,9,always,1,0,0,16.207593726254547,29.11,25,178.70690191720368,23,NA
2016,GoC,Baja california,0207000092,1233,3,0,0,1,0,1,145004.3099996071,4,sometimes,0,1,0,16.207593726254547,29.11,3817.0666666666666,3356.727387237648,2947.4,25910
2016,GoC,Baja california,0207001926,1872,3,0,0,1,0,1,322787.71217008645,9,always,1,0,0,16.207593726254547,29.11,1519.4833333333333,3331.618655771114,1390.7666666666667,21102
2016,GoC,Baja california,0313000036,365,1,0,0,1,0,0,0,0,never,0,0,1,16.207593726254547,29.11,10,16.6836729999603,10,NA
2016,GoC,Baja california,2507002232,425,1,0,0,1,0,1,170846.92479859575,5,sometimes,0,1,0,16.207593726254547,29.11,1278.4833333333333,1013.3461294809309,839.9166666666666,8310
2016,GoC,Baja california sur,0305000242,365,1,0,0,1,0,1,269066.61435892206,7,sometimes,0,1,0,16.207593726254547,29.11,316.5666666666667,800.4468830600684,289.23333333333335,14591
2016,GoC,Baja california sur,0305005159,520,1,0,0,1,0,0,0,0,never,0,0,1,16.207593726254547,29.11,9,0,0,NA
2016,GoM,Campeche,0401002472,5480,13,0,0,1,0,1,1407359.2668772594,9,always,1,0,0,16.207593726254547,29.11,29735.81666666664,19131.396284482365,21025.383333333335,321199
2016,GoM,Campeche,0401002480,1002,2,0,0,1,0,1,634981.0705014475,9,always,1,0,0,16.207593726254547,29.11,3632.5166666666646,2625.1406515565304,2683.9833333333336,72062
2016,GoM,Campeche,0401002613,1100,2,0,0,1,0,1,307409.1833116973,9,always,1,0,0,16.207593726254547,29.11,4018.466666666663,1219.5560735198383,1700.5500000000002,44143
2016,GoM,Campeche,0401002654,1189,3,0,0,1,0,1,550353.0492499974,9,always,1,0,0,16.207593726254547,29.11,6214.016666666665,3163.4131797822342,4308.45,77929
2016,GoM,Campeche,0401002662,2916,7,0,0,1,0,1,890965.7905740706,9,always,1,0,0,16.207593726254547,29.11,17191.516666666656,8117.633813135014,11186.1,255621.2
2016,GoM,Campeche,0401002837,1774,4,0,0,1,0,1,652455.9326283927,9,always,1,0,0,16.207593726254547,29.11,8962.299999999994,4861.110077372973,5831.15,94384
2016,GoM,Campeche,0401002860,2250,5,0,0,1,0,1,828238.6850307094,9,always,1,0,0,16.207593726254547,29.11,10004.199999999993,7959.273531366889,6430.033333333333,140005
2016,GoM,Campeche,0401002894,365,1,0,0,1,0,1,136857.37870708565,9,always,1,0,0,16.207593726254547,29.11,2265.4666666666635,1457.7169723601912,1625.5166666666667,15240
2016,GoM,Campeche,0401002902,402,1,0,0,1,0,1,192040.24372907743,9,always,1,0,0,16.207593726254547,29.11,1644.3333333333296,1295.4691130306462,848.75,21972.1
2016,GoM,Campeche,0401002910,1095,3,0,0,1,0,1,424133.8312854316,9,always,1,0,0,16.207593726254547,29.11,4797.416666666666,3720.8696823940977,3472.9,57264.88
2016,GoM,Campeche,0401002928,1175,3,0,0,1,0,1,442219.16567301843,7,sometimes,0,1,0,16.207593726254547,29.11,2374.183333333333,2490.5833753732904,1483.0166666666667,26174
2016,GoM,Campeche,0401002944,730,2,0,0,1,0,1,269311.0107695651,9,always,1,0,0,16.207593726254547,29.11,4601.516666666665,2811.8680527497736,3511.466666666667,56038.9
2016,GoM,Campeche,0401002951,402,1,0,0,1,0,1,193691.07231417586,9,always,1,0,0,16.207593726254547,29.11,854.5333333333335,662.1179956235684,385.9166666666667,15984.9
2016,GoM,Campeche,0401002969,402,1,0,0,1,0,1,130747.46844100901,9,always,1,0,0,16.207593726254547,29.11,1901.9333333333334,878.8994300269976,1032.8333333333333,21383.1
2016,GoM,Campeche,0401002977,402,1,0,0,1,0,0,0,8,sometimes,0,1,0,16.207593726254547,29.11,851.8833333333334,284.89219578113955,281.71666666666664,12319
2016,GoM,Campeche,0401002985,1205,3,0,0,1,0,1,484739.52987188083,8,sometimes,0,1,0,16.207593726254547,29.11,6492.033333333328,2092.2152072863105,3966.05,61915
2016,GoM,Campeche,0401002993,365,1,0,0,1,0,1,168080.17297999503,6,sometimes,0,1,0,16.207593726254547,29.11,950.4999999999997,1341.8394944552613,440.03333333333336,16429.5
2016,GoM,Campeche,0401003132,740,2,0,0,1,0,1,235750.31120993814,8,sometimes,0,1,0,16.207593726254547,29.11,2856.666666666667,1439.7204982954122,1891.8333333333335,12360
2016,GoM,Campeche,0401003165,420,1,0,0,1,0,1,167485.32133899585,9,always,1,0,0,16.207593726254547,29.11,1909.5499999999959,1255.5957074432736,1410.5833333333333,24655
2016,GoM,Campeche,0401003207,400,1,0,0,1,0,0,0,0,never,0,0,1,16.207593726254547,29.11,1805.0666666666664,616.2024887806883,893.6999999999999,14215
2016,GoM,Campeche,0401003512,380,1,0,0,1,0,1,148620.6851891698,9,always,1,0,0,16.207593726254547,29.11,1616.1333333333303,1962.8287701128331,1115.1666666666667,14672
2016,GoM,Campeche,0401003637,500,1,0,0,1,0,1,169578.83021507043,9,always,1,0,0,16.207593726254547,29.11,2145.099999999998,989.0468643696788,1498.8,28916
2016,GoM,Campeche,0401004429,365,1,0,0,1,0,1,142487.71865793815,9,always,1,0,0,16.207593726254547,29.11,861,1049.0752762371224,570.0166666666667,10253
2016,GoM,Campeche,0401004478,925,2,0,0,1,0,1,177706.16368221008,9,always,1,0,0,16.207593726254547,29.11,3758.283333333329,1962.0872832538967,2089.1,29290
2016,GoM,Campeche,0401004486,865,2,0,0,1,0,1,304112.13739453146,9,always,1,0,0,16.207593726254547,29.11,4409.249999999999,2218.170311813449,2789.2833333333333,53294
2016,GoM,Campeche,0401004502,815,2,0,0,1,0,1,297541.1018253547,9,always,1,0,0,16.207593726254547,29.11,4130.1166666666595,2189.2692214975777,2574.5666666666666,41713
2016,GoM,Campeche,0401004973,365,1,0,0,1,0,1,107384.55495944126,5,sometimes,0,1,0,16.207593726254547,29.11,1731.199999999996,671.4146084869783,963.6,9137
2016,GoM,Campeche,0401005012,2594,6,0,0,1,0,1,902477.5532033137,9,always,1,0,0,16.207593726254547,29.11,14128.933333333323,8209.876279593478,8962.083333333334,205219
2016,GoM,Campeche,0401005384,432,1,0,0,1,0,1,156436.7590767169,9,always,1,0,0,16.207593726254547,29.11,1808.5166666666632,726.9097862204388,1040.8833333333334,18637
2016,GoM,Campeche,0401006093,540,1,0,0,1,0,1,148018.91666862415,9,always,1,0,0,16.207593726254547,29.11,2426.4666666666635,1111.9436730382338,1559.3666666666666,36861.2
2016,GoM,Campeche,0402004618,1310,3,0,0,1,0,0,0,3,sometimes,0,1,0,16.207593726254547,29.11,3739.48333333333,2816.1334691904754,2617.583333333333,43748
2016,GoM,Campeche,0402005276,1425,3,0,0,1,0,1,574926.416652203,9,always,1,0,0,16.207593726254547,29.11,7308.949999999997,2909.850012594737,3906.8,76567
2016,GoM,Campeche,0402006282,365,1,0,0,1,0,1,120372.14912125624,9,always,1,0,0,16.207593726254547,29.11,1313.1833333333311,781.0588375494261,877.5,18207
2016,GoM,Campeche,0402006522,400,1,0,0,1,0,1,175688.74048114705,7,sometimes,0,1,0,16.207593726254547,29.11,1889.0833333333317,1130.7706136124689,1556.3333333333333,28887
2016,GoM,Campeche,0402006555,500,1,0,0,1,0,1,287696.07660416706,7,sometimes,0,1,0,16.207593726254547,29.11,1964.449999999996,827.7707016455931,1396.4666666666667,63401
2016,GoM,Campeche,2305000495,365,1,0,0,1,0,0,0,2,sometimes,0,1,0,16.207593726254547,29.11,1265.6833333333332,454.4526508876164,626.9166666666666,NA
2016,GoM,Campeche,2306001112,400,1,0,0,1,0,1,136954.21502073668,7,sometimes,0,1,0,16.207593726254547,29.11,1825.7999999999997,908.6312538646433,1331.1,16847
2016,GoM,Campeche,2808000489,2393,6,0,0,1,0,1,762585.9700018292,9,always,1,0,0,16.207593726254547,29.11,8632.633333333324,6342.039880598924,6538.05,70790
2016,GoM,Campeche,2808004739,402,1,0,0,1,0,1,166447.78940702058,9,always,1,0,0,16.207593726254547,29.11,1887.166666666662,1083.9043639517413,1094.6,11911
2016,Pacific,Chiapas,0705002988,220,1,0,0,1,0,0,0,4,sometimes,0,1,0,16.207593726254547,29.11,185.75,669.092463615859,184.75,687
2016,GoC,Nayarit,1802000420,365,1,0,0,1,0,0,0,3,sometimes,0,1,0,16.207593726254547,29.11,2565.050000000001,2212.079366688673,2219.133333333333,NA
2016,GoC,Nayarit,1802001287,365,1,0,0,1,0,0,0,0,never,0,0,1,16.207593726254547,29.11,17.8,50.65057300795006,9.8,NA
2016,GoC,Nayarit,1802001733,520,1,0,0,1,0,1,55335.036372014816,4,sometimes,0,1,0,16.207593726254547,29.11,537.4333333333334,879.4721139283263,442.65,7900
2016,GoC,Nayarit,1802002764,365,1,0,0,1,0,0,0,0,never,0,0,1,16.207593726254547,29.11,1000.633333333333,767.3897907715352,770.3166666666667,5599
2016,GoC,Nayarit,1802003614,402,1,0,0,1,0,0,0,0,never,0,0,1,16.207593726254547,29.11,81.01666666666665,280.874090094586,75.7,NA
2016,Pacific,Oaxaca,2005000068,365,1,0,0,1,0,1,193390.4186165546,6,sometimes,0,1,0,16.207593726254547,29.11,2045.616666666668,2183.2622696057206,1618.0333333333333,19300
2016,Pacific,Oaxaca,2005000217,1565,4,0,0,1,0,1,397893.49591251905,8,sometimes,0,1,0,16.207593726254547,29.11,8362.15,8260.070258961805,6877.033333333333,46502
2016,Pacific,Oaxaca,2005000282,745,2,0,0,1,0,1,263619.8022787034,8,sometimes,0,1,0,16.207593726254547,29.11,2597.766666666667,3293.9481262225117,2369.15,22778
2016,Pacific,Oaxaca,2005000399,1095,3,0,0,1,0,1,349884.818356159,8,sometimes,0,1,0,16.207593726254547,29.11,5704.350000000001,5764.941237273935,4536.616666666667,28009
2016,Pacific,Oaxaca,2005000779,365,1,0,0,1,0,1,147560.09699203953,5,sometimes,0,1,0,16.207593726254547,29.11,1965.7166666666674,1789.0819099710004,1417.3666666666668,14291
2016,Pacific,Oaxaca,2005002585,3460,9,0,0,1,0,1,1118447.894536772,8,sometimes,0,1,0,16.207593726254547,29.11,15264.93333333333,11082.563374589396,9762.333333333334,290546
2016,Pacific,Oaxaca,2005002809,3850,10,0,0,1,0,1,1092324.2238655437,8,sometimes,0,1,0,16.207593726254547,29.11,17034.466666666664,12520.059001625785,10463.716666666667,254364
2016,Pacific,Oaxaca,2005003005,343,1,0,0,1,0,1,118797.40621116932,8,sometimes,0,1,0,16.207593726254547,29.11,1383.7166666666662,988.0397718628483,814.55,24929
2016,Pacific,Oaxaca,2005003260,365,1,0,0,1,0,1,192122.32403302926,4,sometimes,0,1,0,16.207593726254547,29.11,1843.1666666666667,1636.939754910794,1427.75,14931
2016,Pacific,Oaxaca,2005003518,360,1,0,0,1,0,0,0,0,never,0,0,1,16.207593726254547,29.11,1,0,0,NA
2016,Pacific,Oaxaca,2005003559,370,1,0,0,1,0,0,0,1,sometimes,0,1,0,16.207593726254547,29.11,1469.6166666666663,1998.4463600265592,1281.4833333333333,6730
2016,Pacific,Oaxaca,2005003815,365,1,0,0,1,0,1,142487.71865793815,7,sometimes,0,1,0,16.207593726254547,29.11,1123.6166666666666,1420.5490115719106,863.7,6540
2016,Pacific,Oaxaca,2005004417,380,1,0,0,1,0,1,207990.5679633107,7,sometimes,0,1,0,16.207593726254547,29.11,262.15,926.5031284093394,204.66666666666666,4783
2016,Pacific,Oaxaca,2005004789,420,1,0,0,1,0,1,201799.96076919156,6,sometimes,0,1,0,16.207593726254547,29.11,1976.9166666666667,2202.173935537646,1599.1666666666667,10554
2016,GoM,Quintana roo,2306000841,1440,3,0,0,1,0,1,375586.5593750506,9,always,1,0,0,16.207593726254547,29.11,4253.283333333331,1375.1135987848852,2919.2166666666667,11565
2016,GoM,Quintana roo,2306001401,950,2,0,0,1,0,1,807656.3571268353,8,sometimes,0,1,0,16.207593726254547,29.11,3625.183333333328,1095.5646717970235,2232.366666666667,60107
2016,GoC,Sinaloa,0305001588,450,1,0,0,1,0,0,0,5,sometimes,0,1,0,16.207593726254547,29.11,143.28333333333333,930.194028303431,122.91666666666667,NA
2016,GoC,Sinaloa,1802002525,730,2,0,0,1,0,1,59485.16409991593,5,sometimes,0,1,0,16.207593726254547,29.11,3267.616666666667,3056.436144379675,2900.616666666667,9351
2016,GoC,Sinaloa,2505001798,2645,6,0,0,1,0,1,763404.467414832,9,always,1,0,0,16.207593726254547,29.11,7195.549999999999,6480.90574356994,5874.433333333333,156733
2016,GoC,Sinaloa,2505002721,1457,3,0,0,1,0,1,459407.61134607554,8,sometimes,0,1,0,16.207593726254547,29.11,5185.250000000001,4274.964741403948,4019.25,33700
2016,GoC,Sinaloa,2505002846,624,1,0,0,1,0,1,287419.40142230695,6,sometimes,0,1,0,16.207593726254547,29.11,1197.366666666667,1658.3199353901525,942.2166666666667,17180
2016,GoC,Sinaloa,2505004164,2159,4,0,0,1,0,1,449758.56437870546,5,sometimes,0,1,0,16.207593726254547,29.11,4927.766666666667,5285.827078518118,3953.616666666667,47510
2016,GoC,Sinaloa,2505004263,805,2,0,0,1,0,1,196623.82924189267,5,sometimes,0,1,0,16.207593726254547,29.11,2367.083333333333,2595.391812530682,1801.55,26150
2016,GoC,Sinaloa,2507002406,425,1,0,0,1,0,1,120270.7015545742,9,always,1,0,0,16.207593726254547,29.11,1523.5000000000007,907.8075669998091,1368.7833333333333,29140
2016,GoC,Sinaloa,2507002513,365,1,0,0,1,0,1,179377.74290594805,8,sometimes,0,1,0,16.207593726254547,29.11,973.7999999999997,1729.6445238118818,827.6333333333333,19706
2016,GoC,Sinaloa,2507002703,365,1,0,0,1,0,1,276179.47215924144,9,always,1,0,0,16.207593726254547,29.11,989.433333333333,1047.24082734329,922.3333333333334,32026.97
2016,GoC,Sinaloa,2507003503,960,2,0,0,1,0,1,419278.1818437873,5,sometimes,0,1,0,16.207593726254547,29.11,1208.4666666666672,1890.8359036730449,1058.9,25107
2016,GoC,Sinaloa,2507003958,2895,6,0,0,1,0,1,1027142.7788964321,9,always,1,0,0,16.207593726254547,29.11,8681.3,6376.036114580719,7895.683333333333,115617
2016,GoC,Sinaloa,2507004600,365,1,0,0,1,0,1,131997.11801241036,9,always,1,0,0,16.207593726254547,29.11,1222.1333333333328,1481.4753829010085,1089.95,14651
2016,GoC,Sinaloa,2507005581,402,1,0,0,1,0,1,170275.1294227516,8,sometimes,0,1,0,16.207593726254547,29.11,1832.2833333333328,1218.8665682130716,1531.6333333333334,29137
2016,GoC,Sinaloa,2508000789,605,2,0,0,1,0,1,147560.09699203953,8,sometimes,0,1,0,16.207593726254547,29.11,1491.1499999999999,2285.1670720189013,1269.8333333333333,14238
2016,GoC,Sinaloa,2508001050,730,2,0,0,1,0,1,269850.52737419226,8,sometimes,0,1,0,16.207593726254547,29.11,5265.449999999999,4031.196963881056,4000.05,36482
2016,GoC,Sinaloa,2508005069,1095,3,0,0,1,0,1,339728.30299272726,8,sometimes,0,1,0,16.207593726254547,29.11,5522.933333333334,5518.904005572049,4568.916666666666,35753
2016,GoC,Sinaloa,2508005234,3469,8,0,0,1,0,1,416396.14869941154,9,always,1,0,0,16.207593726254547,29.11,8442.05,10579.336768108526,6616.783333333333,48296
2016,GoC,Sinaloa,2508005366,15448,31,0,0,1,0,1,3217991.7480156557,9,always,1,0,0,16.207593726254547,29.11,56865.083333333336,49942.53597595373,44317.26666666667,489977
2016,GoC,Sinaloa,2508005374,1582,4,0,0,1,0,1,557454.3789177393,9,always,1,0,0,16.207593726254547,29.11,7598.4000000000005,5310.243868023061,5882.933333333333,47878
2016,GoC,Sinaloa,2508005382,20824,40,0,0,1,0,1,4841023.64220256,9,always,1,0,0,16.207593726254547,29.11,61436.183333333334,42548.33517200157,44539.78333333333,627353
2016,GoC,Sinaloa,2508005408,1980,5,0,0,1,0,1,518523.8752035114,9,always,1,0,0,16.207593726254547,29.11,7145.75,7246.296911464856,5584.466666666666,48990
2016,GoC,Sinaloa,2508005424,1345,3,0,0,1,0,0,0,8,sometimes,0,1,0,16.207593726254547,29.11,3720.8166666666666,3356.218470181806,3053.8166666666666,54394
2016,GoC,Sinaloa,2508005507,1270,3,0,0,1,0,1,805113.2510802381,8,sometimes,0,1,0,16.207593726254547,29.11,4191.300000000001,4710.542015763152,3129.116666666667,50889
2016,GoC,Sinaloa,2508005523,3150,7,0,0,1,0,1,846659.2920980478,9,always,1,0,0,16.207593726254547,29.11,7776.483333333333,7329.2497003215685,5463.566666666667,97470
2016,GoC,Sinaloa,2508005606,750,2,0,0,1,0,1,319237.0473362155,9,always,1,0,0,16.207593726254547,29.11,1166.3000000000002,1031.7361977267099,712.6666666666667,21563
2016,GoC,Sinaloa,2508005648,11167,25,0,0,1,0,1,3586233.4920347948,9,always,1,0,0,16.207593726254547,29.11,46288.61666666666,40674.89151867682,35656.73333333333,363608
2016,GoC,Sinaloa,2508005705,2315,6,0,0,1,0,1,850172.0639601364,8,sometimes,0,1,0,16.207593726254547,29.11,11932.333333333334,12020.349525827118,9762.133333333333,73273
2016,GoC,Sinaloa,2508005846,1747,5,0,0,1,0,1,533303.7020246204,9,always,1,0,0,16.207593726254547,29.11,5672.916666666666,6450.4303622007965,4198.2,29754
2016,GoC,Sinaloa,2508005853,365,1,0,0,1,0,1,170408.85576065065,8,sometimes,0,1,0,16.207593726254547,29.11,1734.25,1334.4497128255991,1594.1666666666667,15784
2016,GoC,Sinaloa,2508005879,9811,23,0,0,1,0,1,3962585.7615037756,9,always,1,0,0,16.207593726254547,29.11,21240.1,21668.149927937015,13996.449999999999,418655
2016,GoC,Sinaloa,2508005937,1202,3,0,0,1,0,1,316723.9144343198,8,sometimes,0,1,0,16.207593726254547,29.11,3524.6,2310.755275977489,2077.25,45663
2016,GoC,Sinaloa,2508005994,402,1,0,0,1,0,1,116503.30782824621,7,sometimes,0,1,0,16.207593726254547,29.11,23,292.7827995473289,17,NA
2016,GoC,Sinaloa,2508006125,3645,8,0,0,1,0,1,1815260.3346803088,9,always,1,0,0,16.207593726254547,29.11,18579.333333333332,15905.818995846485,15850.433333333332,158110
2016,GoC,Sinaloa,2508006166,480,2,0,0,1,0,1,137415.3403238368,8,sometimes,0,1,0,16.207593726254547,29.11,2020.5166666666669,2667.7095306589536,1749.6666666666665,11858
2016,GoC,Sinaloa,2508006208,700,1,0,0,1,0,1,378975.8303528365,9,always,1,0,0,16.207593726254547,29.11,1438.3000000000002,2268.1363360881655,1183.2666666666667,25946
2016,GoC,Sinaloa,2508006224,365,1,0,0,1,0,1,63298.67035655395,9,always,1,0,0,16.207593726254547,29.11,1650.166666666667,1372.136879127375,1184.2,10609
2016,GoC,Sinaloa,2508006240,934,2,0,0,1,0,1,237076.96870695718,9,always,1,0,0,16.207593726254547,29.11,2875.249999999999,1511.5661302449575,1737.9833333333333,41770
2016,GoC,Sinaloa,2508006398,992,3,0,0,1,0,1,167964.89165421997,8,sometimes,0,1,0,16.207593726254547,29.11,4685.366666666667,4865.621464508481,3573.5666666666666,24883
2016,GoC,Sinaloa,2508006661,550,1,0,0,1,0,0,0,0,never,0,0,1,16.207593726254547,29.11,664.25,861.834271518213,431.46666666666664,11915
2016,GoC,Sinaloa,2508006752,402,1,0,0,1,0,1,92225.0606200247,3,sometimes,0,1,0,16.207593726254547,29.11,358.21666666666664,780.2341764661584,270.2,8160
2016,GoC,Sinaloa,2508006778,17871,40,0,0,1,0,1,3408480.9967877558,9,always,1,0,0,16.207593726254547,29.11,47450.649999999994,38882.44408107483,33899.71666666667,667265
2016,GoC,Sinaloa,2508006810,425,1,0,0,1,0,1,160298.68349018044,6,sometimes,0,1,0,16.207593726254547,29.11,575.2166666666668,1053.564157120002,516.5833333333334,8005
2016,GoC,Sinaloa,2508006836,3347,8,0,0,1,0,1,741892.9720252112,9,always,1,0,0,16.207593726254547,29.11,9430.349999999999,8781.40682208293,7060.783333333333,116734
2016,GoC,Sinaloa,2508006869,365,1,0,0,1,0,1,107029.94960135726,7,sometimes,0,1,0,16.207593726254547,29.11,1480.7833333333333,1190.5205208782668,972.85,16366
2016,GoC,Sinaloa,2508007073,1880,4,0,0,1,0,1,354605.35808399494,9,always,1,0,0,16.207593726254547,29.11,5941.666666666668,3928.8365281696388,4679.15,71632
2016,GoC,Sinaloa,2508007123,623,1,0,0,1,0,1,145196.8298136514,7,sometimes,0,1,0,16.207593726254547,29.11,927.25,658.0159788214413,581,8334
2016,GoC,Sinaloa,2508007362,365,1,0,0,1,0,1,92397.98260868725,7,sometimes,0,1,0,16.207593726254547,29.11,1343.6833333333336,1692.133036115146,1089.2166666666667,9825
2016,GoC,Sinaloa,2508007685,365,1,0,0,1,0,1,133807.03482707834,9,always,1,0,0,16.207593726254547,29.11,1316.3333333333335,1159.7988705090945,852.8,16393
2016,GoC,Sinaloa,2508007867,400,1,0,0,1,0,1,111500.09828960986,9,always,1,0,0,16.207593726254547,29.11,1176.1166666666666,1317.3956321619507,933.0166666666667,13903
2016,GoC,Sinaloa,2508007909,2150,6,0,0,1,0,1,354374.7954324449,8,sometimes,0,1,0,16.207593726254547,29.11,7202.166666666665,5324.294358857329,5723.733333333334,95637
2016,GoC,Sinaloa,2508007933,1070,2,0,0,1,0,1,262237.34862000926,9,always,1,0,0,16.207593726254547,29.11,3800.6500000000015,3981.1249048826767,3228.883333333333,21774
2016,GoC,Sinaloa,2508007941,470,1,0,0,1,0,1,207967.5116981557,9,always,1,0,0,16.207593726254547,29.11,2426.0833333333344,2312.358696419745,2045.6166666666666,16966
2016,GoC,Sinaloa,2508008428,365,1,0,0,1,0,1,97643.28293145115,9,always,1,0,0,16.207593726254547,29.11,1494.3166666666668,1791.8566606569184,1285.5333333333333,17337
2016,GoC,Sinaloa,2508008444,750,2,0,0,1,0,1,113464.49208081639,9,always,1,0,0,16.207593726254547,29.11,2783.5666666666666,2389.8117525933894,2051.2666666666664,30790
2016,GoC,Sinaloa,2508008469,365,1,0,0,1,0,1,92397.98260868725,9,always,1,0,0,16.207593726254547,29.11,1322.7999999999993,1080.2124469981304,1233.8,10064
2016,GoC,Sinaloa,2508008477,835,2,0,0,1,0,1,340483.3956765537,9,always,1,0,0,16.207593726254547,29.11,1893.2166666666665,2710.6053710376727,1440.3666666666666,36227
2016,GoC,Sinaloa,2508008485,815,2,0,0,1,0,1,326015.5892917873,9,always,1,0,0,16.207593726254547,29.11,2502.583333333333,2442.932115991089,2024.3500000000001,42749
2016,GoC,Sinaloa,2508008493,785,2,0,0,1,0,1,221858.91145404693,9,always,1,0,0,16.207593726254547,29.11,2281.3,2000.1768691596012,1682.6833333333334,31274
2016,GoC,Sinaloa,2508008501,804,2,0,0,1,0,1,205915.50409936014,7,sometimes,0,1,0,16.207593726254547,29.11,2527.816666666667,2160.84544383431,1697.8500000000001,29569
2016,GoC,Sinaloa,2508008733,402,1,0,0,1,0,1,210768.84791448896,9,always,1,0,0,16.207593726254547,29.11,1180.233333333333,652.1488134275368,720.2166666666667,27703
2016,GoC,Sinaloa,2508009053,11661,26,0,0,1,0,1,5498303.983033312,9,always,1,0,0,16.207593726254547,29.11,43521.833333333336,39962.9757716192,36416.8,412806
2016,GoC,Sinaloa,2508009079,815,2,0,0,1,0,1,342869.7191200968,9,always,1,0,0,16.207593726254547,29.11,2513.5,1751.4165691519993,1902.2166666666667,37344
2016,GoC,Sinaloa,2508009095,365,1,0,0,1,0,1,112007.33612302,8,sometimes,0,1,0,16.207593726254547,29.11,1455.0833333333333,1930.441773797865,1221.3166666666668,11643
2016,GoC,Sinaloa,2508009111,365,1,0,0,1,0,1,129115.08486803458,7,sometimes,0,1,0,16.207593726254547,29.11,1036.6166666666663,1557.8400208792762,816.9,8548
2016,GoC,Sinaloa,2508009202,365,1,0,0,1,0,1,314441.3441839742,8,sometimes,0,1,0,16.207593726254547,29.11,1136.5500000000002,1346.3543097104025,848.55,50567
2016,GoC,Sinaloa,2508009210,804,2,0,0,1,0,1,406325.1720797048,9,always,1,0,0,16.207593726254547,29.11,2153.0999999999995,2258.1786308951946,1694.8000000000002,39886
2016,GoC,Sinaloa,2508009368,500,1,0,0,1,0,1,174282.30830669167,8,sometimes,0,1,0,16.207593726254547,29.11,1740.649999999999,1644.6839557590695,1396.8,8865
2016,GoC,Sinaloa,2508009822,730,2,0,0,1,0,1,158281.2602891174,8,sometimes,0,1,0,16.207593726254547,29.11,1807.6833333333338,1616.679306584658,1196.95,27025
2016,GoC,Sinaloa,2508009897,1630,4,0,0,1,0,1,289090.98064604495,8,sometimes,0,1,0,16.207593726254547,29.11,4142.25,3772.807431225201,3131.2833333333333,44626
2016,GoC,Sinaloa,2508009921,2505,5,0,0,1,0,1,1017530.62195331,9,always,1,0,0,16.207593726254547,29.11,9765.383333333331,8985.271411362546,8079.2,73350
2016,GoC,Sinaloa,2508009947,365,1,0,0,1,0,1,89205.75047291601,9,always,1,0,0,16.207593726254547,29.11,1146.6499999999999,1022.8303741429214,815.55,9913
2016,GoC,Sinaloa,2508010168,894,2,0,0,1,0,1,239035.82899452653,9,always,1,0,0,16.207593726254547,29.11,3126.199999999999,2413.292817196032,2902.833333333333,20930
2016,GoC,Sinaloa,2508010341,335,1,0,0,1,0,1,55507.95836067737,6,sometimes,0,1,0,16.207593726254547,29.11,402.41666666666663,448.6432274240233,233.48333333333332,2635
2016,GoC,Sinaloa,2508010481,1440,3,0,0,1,0,1,616524.5302448651,8,sometimes,0,1,0,16.207593726254547,29.11,3397.0666666666666,3231.745940844534,2695.9833333333336,38836
2016,GoC,Sinaloa,2508010507,520,1,0,0,1,0,1,134763.86983101108,9,always,1,0,0,16.207593726254547,29.11,1223.6833333333336,1276.5911678618154,964.1333333333333,27533
2016,GoC,Sinaloa,2508010515,440,1,0,0,1,0,1,193672.62730205187,7,sometimes,0,1,0,16.207593726254547,29.11,340.54999999999995,1141.6888917659912,261.53333333333336,10394
2016,GoC,Sinaloa,2508010556,822,2,0,0,1,0,1,290047.81564997765,9,always,1,0,0,16.207593726254547,29.11,2899.6833333333334,3360.8149062350158,2195.8166666666666,69152
2016,GoC,Sinaloa,2508010614,365,1,0,0,1,0,1,85884.587702398,9,always,1,0,0,16.207593726254547,29.11,1982.0999999999997,2565.402397445122,1778.4,14350
2016,GoC,Sinaloa,2508010762,2027,5,0,0,1,0,1,870392.4546136071,9,always,1,0,0,16.207593726254547,29.11,6621.8166666666675,6563.400409808215,5297.133333333333,70847
2016,GoC,Sinaloa,2508010788,1751,5,0,0,1,0,1,582148.7917120086,9,always,1,0,0,16.207593726254547,29.11,5937.0666666666675,5369.194432896668,4346.083333333333,37577
2016,GoC,Sinaloa,2508010838,1429,4,0,0,1,0,1,293898.21193086373,9,always,1,0,0,16.207593726254547,29.11,5935.349999999998,5665.300874444889,3768.633333333333,48052
2016,GoC,Sinaloa,2508010986,1515,4,0,0,1,0,1,355297.04603864515,9,always,1,0,0,16.207593726254547,29.11,3934.083333333334,4219.023453634492,2764.4666666666667,42864
2016,GoC,Sinaloa,2508011182,9551,22,0,0,1,0,1,4023287.593187789,9,always,1,0,0,16.207593726254547,29.11,41392.43333333333,34139.76770641922,34915.066666666666,369490
2016,GoC,Sinaloa,2508011232,365,1,0,0,1,0,1,94473.0464726378,6,sometimes,0,1,0,16.207593726254547,29.11,1013.0500000000003,1515.5024937760547,829.2333333333333,17327
2016,GoC,Sinaloa,2508011240,2281,4,0,0,1,0,1,579934.2374438703,9,always,1,0,0,16.207593726254547,29.11,5391.383333333331,5091.455908262489,4175.55,60059
2016,GoC,Sinaloa,2508011265,365,1,0,0,1,0,1,99603.06546962667,7,sometimes,0,1,0,16.207593726254547,29.11,1356.85,798.1926751130162,1019.8166666666666,15190
2016,GoC,Sinaloa,2508011489,1033,2,0,0,1,0,1,141334.90540018785,8,sometimes,0,1,0,16.207593726254547,29.11,3415.0833333333344,2263.5373855351245,3094.9666666666667,14509
2016,GoC,Sinaloa,2508011547,1381,3,0,0,1,0,1,684669.6275370014,9,always,1,0,0,16.207593726254547,29.11,3426.7,5002.690465967974,2877.9833333333336,86446
2016,GoC,Sinaloa,2508011828,1230,2,0,0,1,0,1,168771.8609346452,4,sometimes,0,1,0,16.207593726254547,29.11,1421.4833333333327,1547.926281406225,1069.8,7179
2016,GoC,Sinaloa,2508011992,365,1,0,0,1,0,1,127270.58365563408,6,sometimes,0,1,0,16.207593726254547,29.11,1215.7666666666664,1253.6264914252904,853.1166666666667,20775
2016,GoC,Sinaloa,2508013790,1169,3,0,0,1,0,1,280111.9141596816,8,sometimes,0,1,0,16.207593726254547,29.11,3616.949999999999,2676.7900436505806,2547.6833333333334,45835
2016,GoC,Sinaloa,2508014624,365,1,0,0,1,0,1,142506.16367006217,7,sometimes,0,1,0,16.207593726254547,29.11,20,31.238015970875978,18,10300
2016,GoC,Sinaloa,2508014632,365,1,0,0,1,0,1,227334.7744283609,9,always,1,0,0,16.207593726254547,29.11,642.2499999999999,872.1905382468645,567.9166666666666,12421
2016,GoC,Sinaloa,2508015001,1091,3,0,0,1,0,1,554560.8176407861,8,sometimes,0,1,0,16.207593726254547,29.11,3180.1500000000005,3438.727050010752,2269.383333333333,46907
2016,GoC,Sinaloa,2508015969,365,1,0,0,1,0,1,151710.22471994063,8,sometimes,0,1,0,16.207593726254547,29.11,1488.3666666666666,1887.1968182679357,1292.3666666666668,13939
2016,GoC,Sinaloa,2508016017,365,1,0,0,1,0,1,429637.13121528,6,sometimes,0,1,0,16.207593726254547,29.11,1310.3666666666663,846.5461498836677,804.7166666666667,35135
2016,GoC,Sinaloa,2508016041,503,1,0,0,1,0,1,117990.4369307441,6,sometimes,0,1,0,16.207593726254547,29.11,2182.6999999999994,1531.6082666533064,1577.7,13455
2016,GoC,Sinaloa,2508016116,365,1,0,0,1,0,1,192831.07362389413,6,sometimes,0,1,0,16.207593726254547,29.11,1062,1159.0676799391263,752.4,24069
2016,GoC,Sinaloa,2508016298,600,1,0,0,1,0,1,152171.35002304075,5,sometimes,0,1,0,16.207593726254547,29.11,1462.5499999999986,1090.5083759115166,898.2333333333333,23990
2016,GoC,Sinaloa,2508016348,450,1,0,0,1,0,0,0,0,never,0,0,1,16.207593726254547,29.11,332.55,687.2938409793986,301.55,3040
2016,GoC,Sinaloa,2508016678,1177,3,0,0,1,0,1,204993.2534931599,5,sometimes,0,1,0,16.207593726254547,29.11,2696.433333333333,3100.230805309943,2019.9833333333333,44318
2016,GoC,Sinaloa,2508016751,1045,2,0,0,1,0,1,527988.4720496414,5,sometimes,0,1,0,16.207593726254547,29.11,1793.7833333333335,1388.2834569080146,1010.9166666666666,20679.9
2016,GoC,Sinaloa,2508016843,8485,20,0,0,1,0,1,1623599.1359503798,5,sometimes,0,1,0,16.207593726254547,29.11,25751.43333333333,22314.317221135097,17181.716666666667,351291
2016,GoC,Sinaloa,2508017098,753,2,0,0,1,0,1,73780.04849601976,4,sometimes,0,1,0,16.207593726254547,29.11,1601.6000000000004,1591.4744182433124,1043.4666666666667,30226
2016,GoC,Sinaloa,2508017460,365,1,0,0,1,0,0,0,1,sometimes,0,1,0,16.207593726254547,29.11,23.68333333333333,19.482905629380433,23.683333333333334,NA
2016,GoC,Sinaloa,2508017585,767,2,0,0,1,0,1,41501.27727901111,4,sometimes,0,1,0,16.207593726254547,29.11,1836.6333333333332,1716.4707948346927,1417.95,34811
2016,GoC,Sinaloa,2508018161,2102,4,0,0,1,0,0,0,2,sometimes,0,1,0,16.207593726254547,29.11,809.8999999999999,127.09811526118077,809.9,NA
2016,GoC,Sinaloa,2508072853,960,2,0,0,1,0,0,0,0,never,0,0,1,16.207593726254547,29.11,3084.75,2186.731040252674,1992.4,NA
2016,GoC,Sinaloa,2508072879,3142,6,0,0,1,0,0,0,0,never,0,0,1,16.207593726254547,29.11,11892.400000000003,6759.4382788992725,7775.466666666667,NA
2016,GoC,Sinaloa,2511000065,1460,4,0,0,1,0,1,311328.7483880484,8,sometimes,0,1,0,16.207593726254547,29.11,5648.6500000000005,4197.599499545667,5095.1,84827
2016,GoC,Sinaloa,2511000099,1192,3,0,0,1,0,1,133380.49392171073,9,always,1,0,0,16.207593726254547,29.11,3930.5666666666666,4085.591715059232,3659.616666666667,53790
2016,GoC,Sinaloa,2511000917,365,1,0,0,1,0,1,198462.79695065596,8,sometimes,0,1,0,16.207593726254547,29.11,838.283333333333,1017.1715259897982,721.7833333333333,23667
2016,GoC,Sinaloa,2511001345,2358,6,0,0,1,0,1,685297.2190745206,8,sometimes,0,1,0,16.207593726254547,29.11,8191.750000000002,8000.260379022102,7615.016666666666,74487
2016,GoC,Sinaloa,2511001436,510,1,0,0,1,0,1,160079.64897120788,9,always,1,0,0,16.207593726254547,29.11,965.6166666666669,1203.0354505951775,694.6,3950
2016,GoC,Sinaloa,2511001691,425,1,0,0,1,0,1,141415.60232823036,9,always,1,0,0,16.207593726254547,29.11,1541.683333333333,1065.5657103730146,955.65,19044
2016,GoC,Sinaloa,2511001790,992,2,0,0,1,0,1,602321.8709093813,9,always,1,0,0,16.207593726254547,29.11,2736.616666666666,2166.7665001505225,1812.1833333333334,82326
2016,GoC,Sinaloa,2511001972,450,1,0,0,1,0,1,206169.12301606522,8,sometimes,0,1,0,16.207593726254547,29.11,790.4,962.2096124145454,680.05,11740
2016,GoC,Sinaloa,2511002020,425,1,0,0,1,0,1,145023.90782498883,7,sometimes,0,1,0,16.207593726254547,29.11,209.26666666666677,708.8293154413909,202.01666666666665,6963
2016,GoC,Sinaloa,2511002079,707,2,0,0,1,0,1,184392.48057716188,8,sometimes,0,1,0,16.207593726254547,29.11,866.5999999999998,1031.9405506513094,766.6666666666666,14310
2016,GoC,Sinaloa,2511002111,342,1,0,0,1,0,1,81785.1837578379,9,always,1,0,0,16.207593726254547,29.11,1511.0833333333323,850.8876120941557,1312.1333333333332,20090
2016,GoC,Sinaloa,2511002145,365,1,0,0,1,0,1,53732.62594374189,9,always,1,0,0,16.207593726254547,29.11,661.6500000000002,774.3023197913309,618.85,15700
2016,GoC,Sinaloa,2511002236,1995,5,0,0,1,0,1,459569.00520216057,4,sometimes,0,1,0,16.207593726254547,29.11,4226.366666666666,4971.1335772529865,3821.65,96333
2016,GoC,Sinaloa,2511002244,338,1,0,0,1,0,0,0,2,sometimes,0,1,0,16.207593726254547,29.11,294.6000000000003,763.7783642584674,280.8833333333333,NA
2016,GoC,Sinaloa,2511002277,455,1,0,0,1,0,0,0,0,never,0,0,1,16.207593726254547,29.11,256.45,627.1603687638135,252.45,NA
2016,GoC,Sinaloa,2511002293,365,1,0,0,1,0,0,0,3,sometimes,0,1,0,16.207593726254547,29.11,642.1166666666666,671.2968139138254,545.7166666666667,NA
2016,GoC,Sonora,2603007499,2790,5,0,0,1,0,1,1105650.7451251373,6,sometimes,0,1,0,16.207593726254547,29.11,9063.783333333335,5862.610212257516,6237.766666666666,99014
2016,GoC,Sonora,2604000923,1206,3,0,0,1,0,1,422586.29476822756,6,sometimes,0,1,0,16.207593726254547,29.11,840.1333333333334,1483.6659405066348,804.2166666666667,59933
2016,GoC,Sonora,2604001400,450,1,0,0,1,0,1,200105.3252802986,6,sometimes,0,1,0,16.207593726254547,29.11,395.8666666666667,675.7635115978355,372.9,5825
2016,GoC,Sonora,2604001616,365,1,0,0,1,0,1,193644.03753325966,8,sometimes,0,1,0,16.207593726254547,29.11,1301.383333333333,1246.8406783433222,1090.6166666666668,14620
2016,GoC,Sonora,2604001848,350,1,0,0,1,0,1,142384.41506191116,6,sometimes,0,1,0,16.207593726254547,29.11,1116.2833333333335,810.8197116479295,992.4833333333333,15756
2016,GoC,Sonora,2604004883,1290,3,0,0,1,0,1,419802.94243871525,6,sometimes,0,1,0,16.207593726254547,29.11,2350.6333333333337,3230.398587037109,2167.4666666666667,90330
2016,GoC,Sonora,2604006003,402,1,0,0,1,0,1,110670.07274402963,9,always,1,0,0,16.207593726254547,29.11,282.8666666666667,323.01712785006333,278.8666666666667,20480
2016,GoC,Sonora,2604006086,385,1,0,0,1,0,1,209258.66254683604,7,sometimes,0,1,0,16.207593726254547,29.11,826.3166666666665,912.8089311530966,765.9666666666667,14948
2016,GoC,Sonora,2604006110,13609,27,0,0,1,0,1,4365254.2099298965,9,always,1,0,0,16.207593726254547,29.11,35398.46666666667,32698.554712987865,29162.8,577606
2016,GoC,Sonora,2604006342,1255,3,0,0,1,0,1,732640.0316932042,8,sometimes,0,1,0,16.207593726254547,29.11,2198.2333333333336,3301.03723748848,2030.1333333333334,28890
2016,GoC,Sonora,2604006433,525,1,0,0,1,0,1,205661.88518265507,8,sometimes,0,1,0,16.207593726254547,29.11,918.3000000000001,915.2193070235824,753.4166666666666,15190
2016,GoC,Sonora,2604006458,867,2,0,0,1,0,1,336160.34595999005,8,sometimes,0,1,0,16.207593726254547,29.11,1115.8166666666668,1128.0376447953663,1094.8166666666666,41880
2016,GoC,Sonora,2604006839,365,1,0,0,1,0,1,189586.1348659786,7,sometimes,0,1,0,16.207593726254547,29.11,733.75,888.949549293194,658.0166666666667,11265
2016,GoC,Sonora,2604007514,470,1,0,0,1,0,1,211195.38881985657,8,sometimes,0,1,0,16.207593726254547,29.11,171.13333333333333,497.9751950693449,161.43333333333334,10725
2016,GoC,Sonora,2604007720,2915,7,0,0,1,0,1,533545.0319519979,9,always,1,0,0,16.207593726254547,29.11,7309.266666666666,8936.815022754745,6728.083333333333,106628
2016,GoC,Sonora,2604007803,365,1,0,0,1,0,1,165428.7024871693,9,always,1,0,0,16.207593726254547,29.11,610.9999999999999,796.2382615204683,556.15,15380
2016,GoC,Sonora,2604007811,1619,3,0,0,1,0,1,755380.8871408898,9,always,1,0,0,16.207593726254547,29.11,2298.1333333333337,2851.367786770049,1901.5166666666667,32395
2016,GoC,Sonora,2604007845,425,1,0,0,1,0,1,394037.56612799584,9,always,1,0,0,16.207593726254547,29.11,1056.1666666666665,1312.1445987087382,874.2,15350
2016,GoC,Sonora,2604007860,503,1,0,0,1,0,1,199471.27798853593,7,sometimes,0,1,0,16.207593726254547,29.11,1257.933333333333,1189.9817384302137,858.8833333333333,7483.4
2016,GoC,Sonora,2604008074,520,1,0,0,1,0,0,0,2,sometimes,0,1,0,16.207593726254547,29.11,128.7,571.7233611015954,99.16666666666667,3288
2016,GoC,Sonora,2604008082,420,1,0,0,1,0,1,166171.1142251605,9,always,1,0,0,16.207593726254547,29.11,500.25000000000017,655.9725825447342,474.25,4927
2016,GoC,Sonora,2604008116,365,1,0,0,1,0,1,184795.9652173745,7,sometimes,0,1,0,16.207593726254547,29.11,727.2333333333339,1606.0804319821657,676.4166666666666,12150
2016,GoC,Sonora,2604008165,1300,3,0,0,1,0,1,512575.3587935198,8,sometimes,0,1,0,16.207593726254547,29.11,2644.333333333334,2422.661787991571,2410.9666666666667,49250
2016,GoC,Sonora,2604008322,1240,3,0,0,1,0,1,395991.35403723107,8,sometimes,0,1,0,16.207593726254547,29.11,3068.000000000001,4853.828543027994,2862.383333333333,52100
2016,GoC,Sonora,2604008447,1275,3,0,0,1,0,1,419162.90051801223,9,always,1,0,0,16.207593726254547,29.11,3767.2999999999997,3530.3415579919247,3345.616666666667,22842
2016,GoC,Sonora,2604008454,225,1,0,0,1,0,0,0,1,sometimes,0,1,0,16.207593726254547,29.11,42.483333333333334,190.30122736784745,38.483333333333334,NA
2016,GoC,Sonora,2604008637,240,1,0,0,1,0,1,123374.07484443804,6,sometimes,0,1,0,16.207593726254547,29.11,188.71666666666664,524.4791011438763,181.16666666666669,7296
2016,GoC,Sonora,2604009023,225,1,0,0,1,0,1,47726.46887086278,8,sometimes,0,1,0,16.207593726254547,29.11,34.96666666666668,186.18692598344276,34.96666666666667,1415
2016,GoC,Sonora,2604009171,7580,15,0,0,1,0,1,1328455.8857011457,9,always,1,0,0,16.207593726254547,29.11,17728.333333333336,16344.151911588224,13940.366666666667,239578
2016,GoC,Sonora,2604009775,945,2,0,0,1,0,0,0,5,sometimes,0,1,0,16.207593726254547,29.11,526.5833333333333,1236.3963189313783,481.5833333333333,6550
2016,GoC,Sonora,2604009809,1890,4,0,0,1,0,1,767220.2792979855,9,always,1,0,0,16.207593726254547,29.11,4007.7,4756.598099640408,3581.4,44945
2016,GoC,Sonora,2604009999,1276,3,0,0,1,0,1,578866.7323671936,9,always,1,0,0,16.207593726254547,29.11,2721.4,1788.3726972340191,2270.85,47166
2016,GoC,Sonora,2604010336,1125,1,0,0,1,0,1,235519.74855838806,2,sometimes,0,1,0,16.207593726254547,29.11,7,76.91966971512508,7,NA
2016,GoC,Sonora,2604010476,730,2,0,0,1,0,1,356813.22603523836,7,sometimes,0,1,0,16.207593726254547,29.11,212.2833333333333,540.8025494206297,201.28333333333336,13756
2016,GoC,Sonora,2604010609,402,1,0,0,1,0,1,183988.99593694927,8,sometimes,0,1,0,16.207593726254547,29.11,927.1333333333334,1082.7035318278665,841.1333333333333,12335
2016,GoC,Sonora,2604010641,1890,5,0,0,1,0,1,655906.9367561311,8,sometimes,0,1,0,16.207593726254547,29.11,4065.4333333333334,5446.56644739569,3616.233333333333,102253
2016,GoC,Sonora,2604010716,365,1,0,0,1,0,0,0,0,never,0,0,1,16.207593726254547,29.11,25,22.948375176481925,22,NA
2016,GoC,Sonora,2604010781,520,1,0,0,1,0,1,235104.73578559796,9,always,1,0,0,16.207593726254547,29.11,1620.6000000000008,998.4420443620644,1120.5166666666667,23223
2016,GoC,Sonora,2604011133,835,2,0,0,1,0,1,383328.85321410163,6,sometimes,0,1,0,16.207593726254547,29.11,2505.9500000000007,1971.974122239471,2000.2166666666667,43500
2016,GoC,Sonora,2604011300,2155,4,0,0,1,0,1,444063.66688541893,9,always,1,0,0,16.207593726254547,29.11,4994.583333333334,3879.050629893254,3989.9500000000003,75196
2016,GoC,Sonora,2604011359,365,1,0,0,1,0,1,193390.4186165546,3,sometimes,0,1,0,16.207593726254547,29.11,913.7333333333332,1057.1879161091344,823.4,15195
2016,GoC,Sonora,2604011409,4034,10,0,0,1,0,1,1846627.0000477855,9,always,1,0,0,16.207593726254547,29.11,7031.1500000000005,10480.68398706788,6201.216666666667,65672
2016,GoC,Sonora,2604011425,790,2,0,0,1,0,1,215460.7978735327,8,sometimes,0,1,0,16.207593726254547,29.11,1122.0666666666666,810.233223073407,972.15,14900
2016,GoC,Sonora,2604011458,1438,3,0,0,1,0,1,510926.8358349368,7,sometimes,0,1,0,16.207593726254547,29.11,3585.8500000000004,3922.408465790848,2973.6,34788
2016,GoC,Sonora,2604011540,365,1,0,0,1,0,1,145734.04079176302,9,always,1,0,0,16.207593726254547,29.11,677.65,1023.0820987635348,629.4166666666666,12900
2016,GoC,Sonora,2604011557,1003,2,0,0,1,0,1,473946.8921528224,9,always,1,0,0,16.207593726254547,29.11,2645.166666666666,2801.506348026596,2303.0666666666666,12320
2016,GoC,Sonora,2604011573,1212,3,0,0,1,0,1,650969.207010535,8,sometimes,0,1,0,16.207593726254547,29.11,1235.4,2226.149962240067,1119.4833333333333,19965
2016,GoC,Sonora,2604011581,425,1,0,0,1,0,1,235911.7050660232,9,always,1,0,0,16.207593726254547,29.11,1036.4833333333331,965.4717560272167,872.3833333333333,14060
2016,GoC,Sonora,2604011664,1732,4,0,0,1,0,1,646820.4626585433,8,sometimes,0,1,0,16.207593726254547,29.11,3404.0000000000005,5812.57656100014,3029.8333333333335,36994
2016,GoC,Sonora,2604609541,420,1,0,0,1,0,1,304746.1846862941,5,sometimes,0,1,0,16.207593726254547,29.11,1195.3666666666666,1337.103968330887,1034.4,16446
2016,GoC,Sonora,2604609947,365,1,0,0,1,0,1,188946.0929452756,6,sometimes,0,1,0,16.207593726254547,29.11,850.8666666666672,755.4372624228782,824.8499999999999,15510
2016,GoC,Sonora,2604609970,365,1,0,0,1,0,0,0,3,sometimes,0,1,0,16.207593726254547,29.11,1271.7666666666667,710.7482337323228,1121.1166666666668,12060
2016,GoC,Sonora,2604612081,708,2,0,0,1,0,1,193390.4186165546,3,sometimes,0,1,0,16.207593726254547,29.11,1647.4333333333334,1474.960678463434,1305,40900
2016,GoC,Sonora,2604612750,420,1,0,0,1,0,1,400735.1805928736,5,sometimes,0,1,0,16.207593726254547,29.11,300.85,578.2475974720589,251.1,14944
2016,GoC,Sonora,2604613758,790,2,0,0,1,0,1,392423.6275671454,5,sometimes,0,1,0,16.207593726254547,29.11,1222.4000000000003,1015.3347235913513,1178,21050
2016,GoC,Sonora,2604615076,355,1,0,0,1,0,0,0,1,sometimes,0,1,0,16.207593726254547,29.11,750.9833333333333,1229.2202980348895,696.9833333333333,NA
2016,GoC,Sonora,2604615274,2080,4,0,0,1,0,0,0,0,never,0,0,1,16.207593726254547,29.11,3090.600000000001,4754.127456849876,2900.4666666666667,NA
2016,GoC,Sonora,2607002082,2390,5,0,0,1,0,1,768200.1705670733,9,always,1,0,0,16.207593726254547,29.11,8606.533333333335,4204.34192697161,4804.216666666667,83447
2016,GoC,Sonora,2607002108,400,1,0,0,1,0,1,107903.3209254289,4,sometimes,0,1,0,16.207593726254547,29.11,779.8,1177.268214907129,648.65,7600
2016,GoC,Sonora,2607002389,614,1,0,0,1,0,1,224222.17863243504,6,sometimes,0,1,0,16.207593726254547,29.11,2024.850000000001,894.9063999344087,1326.9,14858
2016,GoC,Sonora,2607002652,443,1,0,0,1,0,0,0,0,never,0,0,1,16.207593726254547,29.11,799.9000000000001,801.6862018126174,632.5500000000001,6391
2016,GoC,Sonora,2607002660,889,1,0,0,1,0,0,0,5,sometimes,0,1,0,16.207593726254547,29.11,450.35,818.7020464179301,378.01666666666665,4813
2016,GoC,Sonora,2607002678,405,1,0,0,1,0,1,226048.23483271155,7,sometimes,0,1,0,16.207593726254547,29.11,1657.9499999999998,1054.0103158356126,1213.5666666666666,11825
2016,GoC,Sonora,2607003130,540,1,0,0,1,0,1,282116.46043665556,7,sometimes,0,1,0,16.207593726254547,29.11,2001.7999999999997,646.095262581178,928.3166666666666,10617
2016,GoC,Sonora,2607003312,503,1,0,0,1,0,1,291615.6416805181,6,sometimes,0,1,0,16.207593726254547,29.11,860.0666666666666,1134.4308544312269,641.3000000000001,9444
2016,GoC,Sonora,2607003387,3210,5,0,0,1,0,1,1683356.363979125,8,sometimes,0,1,0,16.207593726254547,29.11,5995.766666666666,4321.74835796045,3950.25,113184
2016,GoC,Sonora,2607003452,450,1,0,0,1,0,1,222550.5994086971,9,always,1,0,0,16.207593726254547,29.11,1707.833333333334,834.8814164310122,1190.6166666666668,15062
2016,GoC,Sonora,2607003460,3453,6,0,0,1,0,1,1894141.3512792222,8,sometimes,0,1,0,16.207593726254547,29.11,11415.383333333339,8796.883855129627,8428.183333333334,213217
2016,GoC,Sonora,2607003528,520,1,0,0,1,0,1,290730.28109856584,5,sometimes,0,1,0,16.207593726254547,29.11,1546.0166666666662,907.324351273708,1057.8166666666666,23748
2016,GoC,Sonora,2607003569,365,1,0,0,1,0,1,71820.26595784424,5,sometimes,0,1,0,16.207593726254547,29.11,1145.666666666667,962.9094012820575,899.7833333333333,6800.5
2016,GoC,Sonora,2607003676,365,1,0,0,1,0,0,0,7,sometimes,0,1,0,16.207593726254547,29.11,2014.2666666666662,1268.0481912403757,1346.0333333333333,12533
2016,GoC,Sonora,2607003700,1250,3,0,0,1,0,1,236096.15518726324,8,sometimes,0,1,0,16.207593726254547,29.11,4986.15,3936.195579322694,3712.7666666666664,31648
2016,GoC,Sonora,2607003726,402,1,0,0,1,0,1,176726.27241312232,8,sometimes,0,1,0,16.207593726254547,29.11,1280.9333333333334,853.2741734815647,889.4666666666667,13211
2016,GoC,Sonora,2607003734,920,2,0,0,1,0,1,428074.1470004221,9,always,1,0,0,16.207593726254547,29.11,4232.8499999999995,2333.0699080734553,3047.8333333333335,29665
2016,GoC,Sonora,2607003874,365,1,0,0,1,0,0,0,7,sometimes,0,1,0,16.207593726254547,29.11,2683.2166666666653,905.0400430536137,1513.1333333333332,9920
2016,GoC,Sonora,2607003890,1509,3,0,0,1,0,1,295120.19398407906,9,always,1,0,0,16.207593726254547,29.11,6485.733333333333,2743.08004173848,3740.766666666667,53108
2016,GoC,Sonora,2607004054,989,2,0,0,1,0,1,402580.8346185318,9,always,1,0,0,16.207593726254547,29.11,4989.8166666666675,2205.6870877619467,3153.383333333333,41755
2016,GoC,Sonora,2607004070,624,1,0,0,1,0,1,64557.54243401729,6,sometimes,0,1,0,16.207593726254547,29.11,1058.8333333333335,664.6743106386538,811.2833333333333,13332
2016,GoC,Sonora,2607004088,1569,3,0,0,1,0,1,230562.65155006174,8,sometimes,0,1,0,16.207593726254547,29.11,2666.816666666667,2730.062332998699,1817.6666666666665,27844
2016,GoC,Sonora,2607004104,1335,3,0,0,1,0,0,0,8,sometimes,0,1,0,16.207593726254547,29.11,8051.949999999999,4320.192256536094,6003.783333333333,30874
2016,GoC,Sonora,2607004138,520,1,0,0,1,0,1,236764.78687675842,7,sometimes,0,1,0,16.207593726254547,29.11,643.9666666666665,818.2809182250008,453.98333333333335,9133
2016,GoC,Sonora,2607004179,450,1,0,0,1,0,1,243677.05517022926,8,sometimes,0,1,0,16.207593726254547,29.11,1408.033333333333,676.7171435588795,897.0666666666667,12631
2016,GoC,Sonora,2607004203,450,1,0,0,1,0,0,0,0,never,0,0,1,16.207593726254547,29.11,4,0,0,3445
2016,GoC,Sonora,2607004294,365,1,0,0,1,0,1,188830.81161950057,9,always,1,0,0,16.207593726254547,29.11,1583.3833333333334,1343.0860667460272,1405.6499999999999,11092
2016,GoC,Sonora,2607004302,420,1,0,0,1,0,1,217575.05738824676,8,sometimes,0,1,0,16.207593726254547,29.11,997.2833333333332,1193.3753135423312,782.8,18950
2016,GoC,Sonora,2607004351,450,1,0,0,1,0,1,179467.66234005257,8,sometimes,0,1,0,16.207593726254547,29.11,1566.8666666666663,1201.2011982998215,1087.85,9981
2016,GoC,Sonora,2607004369,540,1,0,0,1,0,1,131997.11801241036,7,sometimes,0,1,0,16.207593726254547,29.11,1618.1999999999991,899.1334218774241,1111.6333333333334,14541
2016,GoC,Sonora,2607004385,840,2,0,0,1,0,1,324424.7069960919,8,sometimes,0,1,0,16.207593726254547,29.11,2142.5666666666666,1773.9892968139552,1396,19774.2
2016,GoC,Sonora,2607004393,624,1,0,0,1,0,1,92225.0606200247,8,sometimes,0,1,0,16.207593726254547,29.11,2482.866666666666,809.9126622640056,1754.75,23176
2016,GoC,Sonora,2607004401,624,1,0,0,1,0,1,256500.94984944368,9,always,1,0,0,16.207593726254547,29.11,2345.316666666667,1306.205873775587,1679.6166666666666,23197
2016,GoC,Sonora,2607010853,450,1,0,0,1,0,1,221340.14548805926,9,always,1,0,0,16.207593726254547,29.11,871.949999999999,1232.2176637037041,531.15,11107
2016,GoC,Sonora,2607010861,450,1,0,0,1,0,1,216187.0702259154,8,sometimes,0,1,0,16.207593726254547,29.11,1386.4999999999993,501.80933901636223,614.4333333333333,10439
2016,GoC,Sonora,2607100043,402,1,0,0,1,0,1,140223.8239823681,5,sometimes,0,1,0,16.207593726254547,29.11,1418.1333333333332,885.5979201560799,1057.8333333333333,8185
2016,GoC,Sonora,2607100142,450,1,0,0,1,0,0,0,3,sometimes,0,1,0,16.207593726254547,29.11,1262.2000000000003,705.4327785592011,663.7333333333333,4853.6
2016,GoC,Sonora,2607101918,503,1,0,0,1,0,1,223714.94079902492,5,sometimes,0,1,0,16.207593726254547,29.11,2714.5833333333335,783.0079310841595,1395.2666666666667,13384
2016,GoC,Sonora,2607102270,365,1,0,0,1,0,0,0,0,never,0,0,1,16.207593726254547,29.11,106.25,260.313309825901,86.23333333333333,NA
2016,GoC,Sonora,2607602931,450,1,0,0,1,0,1,46112.53031001235,1,sometimes,0,1,0,16.207593726254547,29.11,698.9,1027.378846363882,502.6,9429
2016,GoC,Sonora,2607603012,3317,7,0,0,1,0,1,637840.0473806683,7,sometimes,0,1,0,16.207593726254547,29.11,6845.983333333334,6835.9040200473055,5145.4,62680
2016,GoC,Sonora,2607603699,540,1,0,0,1,0,1,144286.10734002866,5,sometimes,0,1,0,16.207593726254547,29.11,1777.716666666667,929.9521122136213,1270.2833333333333,13518
2016,GoC,Sonora,2607603707,2710,5,0,0,1,0,1,1061826.779694411,7,sometimes,0,1,0,16.207593726254547,29.11,10085.650000000001,6651.949093547171,6596.183333333333,103367.9
2016,GoC,Sonora,2607603772,520,1,0,0,1,0,1,211656.5141229567,7,sometimes,0,1,0,16.207593726254547,29.11,911.0833333333331,1146.9046332478765,754.5333333333333,12081
2016,GoC,Sonora,2607603780,520,1,0,0,1,0,1,190075.8499378709,4,sometimes,0,1,0,16.207593726254547,29.11,2119.3999999999987,943.6440897933638,1410.6666666666667,30058
2016,GoC,Sonora,2607603798,1510,3,0,0,1,0,1,55335.036372014816,4,sometimes,0,1,0,16.207593726254547,29.11,6463.316666666666,2978.4458471727958,3943.866666666667,36737
2016,GoC,Sonora,2607604549,503,1,0,0,1,0,0,0,3,sometimes,0,1,0,16.207593726254547,29.11,2506.85,1109.6747028067025,1433.1833333333334,NA
2016,GoC,Sonora,2607604754,450,1,0,0,1,0,0,0,0,never,0,0,1,16.207593726254547,29.11,1604.949999999998,867.8130629237679,1003.4166666666666,NA
2016,GoC,Sonora,2609002015,425,1,0,0,1,0,1,195056.00321135225,4,sometimes,0,1,0,16.207593726254547,29.11,1008.4499999999995,1572.3570031760462,931.0833333333334,19900
2016,GoM,Tamaulipas,0402006290,1750,4,0,0,1,0,1,277774.9657079679,8,sometimes,0,1,0,16.207593726254547,29.11,1786.3333333333337,2513.192043166837,1382.1833333333334,65140
2016,GoM,Tamaulipas,2808000679,402,1,0,0,1,0,1,156321.47775094188,9,always,1,0,0,16.207593726254547,29.11,1671.0166666666667,854.6479120705002,1001.0333333333333,24593
2016,GoM,Tamaulipas,2808000885,730,2,0,0,1,0,1,343538.350809592,8,sometimes,0,1,0,16.207593726254547,29.11,4146.449999999993,1207.2783690486076,1893.4166666666665,44205
2016,GoM,Tamaulipas,2808001503,5565,14,0,0,1,0,1,2043400.003325231,9,always,1,0,0,16.207593726254547,29.11,32334.883333333313,11576.691167923453,20839.13333333333,394215
2016,GoM,Tamaulipas,2808001784,365,1,0,0,1,0,0,0,0,never,0,0,1,16.207593726254547,29.11,1929.2333333333308,1284.6394819327436,1574.55,16652
2016,GoM,Tamaulipas,2808002543,502,1,0,0,1,0,1,330331.7221288045,9,always,1,0,0,16.207593726254547,29.11,3012.0166666666664,1286.4392118047874,1667.5666666666666,89511
2016,GoM,Tamaulipas,2808002758,965,2,0,0,1,0,1,369989.65100867284,9,always,1,0,0,16.207593726254547,29.11,4456.966666666661,1163.9637251612567,2414.5833333333335,136299
2016,GoM,Tamaulipas,2808002790,1132,3,0,0,1,0,1,522703.976076114,9,always,1,0,0,16.207593726254547,29.11,6980.5999999999995,3885.007288944167,4392.55,73584
2016,GoM,Tamaulipas,2808003475,790,2,0,0,1,0,1,294173.5037368145,9,always,1,0,0,16.207593726254547,29.11,5295.48333333333,3010.694927971079,3669.2666666666664,147272
2016,GoM,Tamaulipas,2808004220,1936,5,0,0,1,0,1,810762.0360432146,9,always,1,0,0,16.207593726254547,29.11,9701.266666666648,4860.554071177082,5862.333333333333,144405.19
2016,GoM,Tamaulipas,2808004226,1132,3,0,0,1,0,1,406297.5045615188,9,always,1,0,0,16.207593726254547,29.11,5980.883333333322,2658.3901882569935,3502.9166666666665,54354
2016,GoM,Tamaulipas,2808004283,1080,2,0,0,1,0,1,339983.07472269004,9,always,1,0,0,16.207593726254547,29.11,6890.883333333328,1406.712493087237,2724.5666666666666,181762
2016,GoM,Tamaulipas,2808004564,425,1,0,0,1,0,1,208290.2994103258,9,always,1,0,0,16.207593726254547,29.11,2459,786.7200804978554,1279.1166666666666,21380
2016,GoM,Tamaulipas,2808004598,365,1,0,0,1,0,1,163422.80741868378,9,always,1,0,0,16.207593726254547,29.11,1099.4833333333331,772.0310923240818,847.6833333333334,18755
2016,GoM,Tamaulipas,2808004622,1500,3,0,0,1,0,1,741351.1497940685,9,always,1,0,0,16.207593726254547,29.11,7575.316666666665,1786.7929447523684,3165.3166666666666,107105.9
2016,GoM,Tamaulipas,2808004812,405,1,0,0,1,0,1,142930.39894891428,9,always,1,0,0,16.207593726254547,29.11,1518.9666666666624,1143.670936689703,1340.95,23799
2016,GoM,Tamaulipas,2808004895,787,2,0,0,1,0,1,309910.7880810155,9,always,1,0,0,16.207593726254547,29.11,5095.966666666662,1286.0227410813454,2266.75,59836
2016,GoM,Tamaulipas,2808004986,365,1,0,0,1,0,1,138716.63592918534,6,sometimes,0,1,0,16.207593726254547,29.11,1991.5166666666612,1763.9807618913646,1427.4666666666667,27856
2016,GoM,Tamaulipas,2808005041,2860,7,0,0,1,0,1,966433.0043290731,9,always,1,0,0,16.207593726254547,29.11,13989.766666666652,5343.803323561535,7768.933333333333,176311
2016,GoM,Tamaulipas,2808005058,402,1,0,0,1,0,1,157455.84599656818,9,always,1,0,0,16.207593726254547,29.11,2674.666666666667,1090.04233897261,804.65,37663
2016,GoM,Tamaulipas,2808005066,827,2,0,0,1,0,1,393109.3208928553,9,always,1,0,0,16.207593726254547,29.11,4809.2999999999975,1087.3101305506855,2571.9666666666667,30133
2016,GoM,Tamaulipas,2808005082,1330,3,0,0,1,0,1,456828.1225130638,9,always,1,0,0,16.207593726254547,29.11,8282.483333333334,3016.214577716659,4896.2,88221
2016,GoM,Tamaulipas,2808005546,2092,5,0,0,1,0,1,616155.630002385,9,always,1,0,0,16.207593726254547,29.11,7449.433333333329,3322.826618176702,4137.066666666667,106765
2016,GoM,Tamaulipas,2808005553,1210,3,0,0,1,0,1,428364.65594137524,9,always,1,0,0,16.207593726254547,29.11,6668.499999999997,1946.4499493961184,2720.8,92077.5
2016,GoM,Tamaulipas,2808005579,320,1,0,0,1,0,1,135109.71380833618,7,sometimes,0,1,0,16.207593726254547,29.11,1089.9166666666667,704.3794945861748,731.9833333333333,16124
2016,GoM,Tamaulipas,2808005629,1221,3,0,0,1,0,1,386951.22303260467,9,always,1,0,0,16.207593726254547,29.11,8172.300000000001,2333.329641798103,4165.833333333333,82632
2016,GoM,Tamaulipas,2808005702,730,2,0,0,1,0,1,260763.59215130124,9,always,1,0,0,16.207593726254547,29.11,4033.7166666666617,3443.851239445638,3156.9166666666665,50338
2016,GoM,Tamaulipas,2808005876,865,2,0,0,1,0,1,264074.9329528632,9,always,1,0,0,16.207593726254547,29.11,5735.95,1699.7063413911067,3226.8,121458
2016,GoM,Tamaulipas,2808005959,3199,7,0,0,1,0,1,1177679.439719983,5,sometimes,0,1,0,16.207593726254547,29.11,17869.316666666655,7683.809542223605,11761.933333333334,227889
2016,GoM,Tamaulipas,2808006015,850,2,0,0,1,0,1,294197.9433778788,9,always,1,0,0,16.207593726254547,29.11,4963.849999999997,1736.7208951289376,2904.366666666667,48763
2016,GoM,Tamaulipas,2808006023,400,1,0,0,1,0,0,0,5,sometimes,0,1,0,16.207593726254547,29.11,2422.466666666667,1065.455123653432,1369.3,21522
2016,GoM,Tamaulipas,2808006049,730,2,0,0,1,0,1,304379.5900703295,9,always,1,0,0,16.207593726254547,29.11,5268.233333333337,1596.718055310812,2663.383333333333,66327
2016,GoM,Tamaulipas,2808006130,425,1,0,0,1,0,1,199321.41226502837,9,always,1,0,0,16.207593726254547,29.11,1462.2333333333324,785.4683959980881,995.2333333333333,28847
2016,GoM,Tamaulipas,2808006189,2037,5,0,0,1,0,1,925413.9257795138,9,always,1,0,0,16.207593726254547,29.11,12249.083333333336,3848.9057570342966,6354.616666666667,147970
2016,GoM,Tamaulipas,2808006197,1365,3,0,0,1,0,1,754059.7631475079,9,always,1,0,0,16.207593726254547,29.11,5897.416666666655,1913.5775636056997,3381.1833333333334,69482
2016,GoM,Tamaulipas,2808006247,365,1,0,0,1,0,1,138817.16124526117,9,always,1,0,0,16.207593726254547,29.11,2533.8833333333314,947.9607051894795,1402.85,24562
2016,GoM,Tamaulipas,2808006270,1230,3,0,0,1,0,1,452935.7177170653,9,always,1,0,0,16.207593726254547,29.11,7317.016666666663,2210.812836348647,3897.2833333333333,71923
2016,GoM,Tamaulipas,2808006452,402,1,0,0,1,0,1,166447.78940702058,9,always,1,0,0,16.207593726254547,29.11,2717.2166666666635,486.34488230964007,963.8166666666666,36831
2016,GoM,Tamaulipas,2808006494,767,2,0,0,1,0,1,158511.82294066745,9,always,1,0,0,16.207593726254547,29.11,5103.866666666665,1988.7334163829823,3028.7,36403
2016,GoM,Tamaulipas,2808006551,402,1,0,0,1,0,1,122371.12731019527,9,always,1,0,0,16.207593726254547,29.11,1804.4166666666667,885.2360203738799,1453.05,15904
2016,GoM,Tamaulipas,2808006619,922,2,0,0,1,0,1,286589.37587672676,9,always,1,0,0,16.207593726254547,29.11,4923.683333333327,1542.072035073197,3354.5666666666666,70072
2016,GoM,Tamaulipas,2808006668,402,1,0,0,1,0,1,130498.46077733496,9,always,1,0,0,16.207593726254547,29.11,2942.7500000000005,606.0878169645705,1490.1333333333334,40494
2016,GoM,Tamaulipas,2808006718,365,1,0,0,1,0,1,141468.6317380869,9,always,1,0,0,16.207593726254547,29.11,954.15,1005.4528031688988,782.1333333333333,6025
2016,GoM,Tamaulipas,2808006726,365,1,0,0,1,0,1,138222.30960426203,9,always,1,0,0,16.207593726254547,29.11,2434.3166666666652,369.61997330142896,775.1,31973
2016,GoM,Tamaulipas,2808006734,365,1,0,0,1,0,1,193229.94701107574,9,always,1,0,0,16.207593726254547,29.11,2600.9333333333334,761.3477204293622,1246.1499999999999,23065
2016,GoM,Tamaulipas,2808006833,1307,3,0,0,1,0,1,459253.134369537,9,always,1,0,0,16.207593726254547,29.11,9249.016666666663,2518.8779862851115,4955.966666666667,103249
2016,GoM,Tamaulipas,2808006858,2642,6,0,0,1,0,1,1084507.9194153452,9,always,1,0,0,16.207593726254547,29.11,11588.599999999997,4130.060922965462,5517.216666666666,157998.41
2016,GoM,Tamaulipas,2808006866,3142,7,0,0,1,0,1,1663073.767522266,9,always,1,0,0,16.207593726254547,29.11,12062.883333333331,4763.1246617978495,6111.883333333333,181752.51
2016,GoM,Tamaulipas,2808007005,790,2,0,0,1,0,1,390303.373423491,9,always,1,0,0,16.207593726254547,29.11,3603.5166666666637,1448.336866012807,2418.15,56901
2016,GoM,Tamaulipas,2808007013,1835,5,0,0,1,0,1,638912.1637103761,9,always,1,0,0,16.207593726254547,29.11,9461.333333333327,5445.500624718862,6224.883333333333,172431.2
2016,GoM,Tamaulipas,2808007252,1095,3,0,0,1,0,1,513373.105567883,9,always,1,0,0,16.207593726254547,29.11,4475.216666666662,2670.9097992482893,3145.5166666666664,73389
2016,GoM,Tamaulipas,2808007260,735,2,0,0,1,0,1,356468.30430851947,9,always,1,0,0,16.207593726254547,29.11,4841.299999999996,1929.8154784212497,3807.2333333333336,63781
2016,GoM,Tamaulipas,2808007492,1372,3,0,0,1,0,1,329934.23211753217,8,sometimes,0,1,0,16.207593726254547,29.11,5163.566666666663,1808.4635393575022,2062.5499999999997,47546
2016,GoM,Tamaulipas,2808007500,730,2,0,0,1,0,1,160932.7307819431,9,always,1,0,0,16.207593726254547,29.11,4500.533333333327,1898.1654126552758,2810.4833333333336,28716.66
2016,GoM,Tamaulipas,2808007518,882,2,0,0,1,0,1,313892.60507328506,9,always,1,0,0,16.207593726254547,29.11,5315.666666666662,2125.376645529426,2712.116666666667,77766
2016,GoM,Tamaulipas,2808007526,402,1,0,0,1,0,1,164345.05802488403,9,always,1,0,0,16.207593726254547,29.11,1881.7499999999995,463.62206276834115,865.5666666666667,25133
2016,GoM,Tamaulipas,2808007542,1392,3,0,0,1,0,1,621320.2333971064,9,always,1,0,0,16.207593726254547,29.11,5457.699999999995,3267.757919244273,3246.233333333333,67387.6
2016,GoM,Tamaulipas,2808007690,1864,4,0,0,1,0,1,424113.5417720952,9,always,1,0,0,16.207593726254547,29.11,11330.05,2525.1816998215127,5849.35,228131.2
2016,GoM,Tamaulipas,2808007708,365,1,0,0,1,0,1,141699.19438963695,8,sometimes,0,1,0,16.207593726254547,29.11,2201.5999999999967,721.0356186261413,1112.2833333333333,30220
2016,GoM,Tamaulipas,2808007823,520,1,0,0,1,0,0,0,1,sometimes,0,1,0,16.207593726254547,29.11,2113.4666666666626,602.6321309536494,1110.1666666666667,NA
2016,GoM,Tamaulipas,2808007898,822,2,0,0,1,0,1,384311.0501097049,4,sometimes,0,1,0,16.207593726254547,29.11,7306.250000000004,2767.9903392328256,5053.733333333334,86462.3
2016,GoM,Tamaulipas,2808007906,1258,3,0,0,1,0,1,621917.390664621,4,sometimes,0,1,0,16.207593726254547,29.11,8846.949999999993,3045.608414221556,5417.983333333334,117083.59999999999
2016,GoM,Tamaulipas,2808007914,925,2,0,0,1,0,1,332452.898523065,4,sometimes,0,1,0,16.207593726254547,29.11,6398.76666666667,2763.9024129339405,3812.0833333333335,81920.7
2016,GoM,Tamaulipas,2808007922,1206,3,0,0,1,0,1,579959.5993355408,4,sometimes,0,1,0,16.207593726254547,29.11,9805.633333333339,3981.792157419064,6381.933333333333,131910.4
2016,GoM,Tamaulipas,2808007963,520,1,0,0,1,0,1,231542.5428191495,4,sometimes,0,1,0,16.207593726254547,29.11,2879.7999999999997,1261.0649697455694,1935.5666666666666,23678.7
2016,GoM,Tamaulipas,2808008029,402,1,0,0,1,0,0,0,3,sometimes,0,1,0,16.207593726254547,29.11,3186.616666666667,883.1801262857816,1653.4,NA
2016,GoM,Tamaulipas,2808008086,565,1,0,0,1,0,0,0,0,never,0,0,1,16.207593726254547,29.11,956.9166666666666,639.5975940705846,450.0833333333333,NA
2016,GoM,Tamaulipas,3010002552,730,2,0,0,1,0,1,195194.34080228227,9,always,1,0,0,16.207593726254547,29.11,1993.666666666667,2275.095189500351,1487.3166666666666,23875
2016,GoM,Veracruz,0402006571,2662,6,0,0,1,0,1,655171.4418976865,8,sometimes,0,1,0,16.207593726254547,29.11,10279.366666666658,3408.9706034781457,6219.733333333334,172375
2016,GoM,Veracruz,2508010366,375,1,0,0,1,0,1,188397.35383458645,7,sometimes,0,1,0,16.207593726254547,29.11,1338.8166666666657,958.6560682644819,989.7166666666667,26555
2016,GoM,Veracruz,3001000581,365,1,0,0,1,0,1,195720.02364781642,9,always,1,0,0,16.207593726254547,29.11,1837.1166666666643,917.9953136498882,1751.1333333333332,24594
2016,GoM,Veracruz,3001004716,930,2,0,0,1,0,1,378083.5528913378,8,sometimes,0,1,0,16.207593726254547,29.11,2075.616666666667,1980.93396168223,1861.6833333333334,16271
2016,GoM,Veracruz,3001007941,800,2,0,0,1,0,1,403848.92920205713,9,always,1,0,0,16.207593726254547,29.11,4101.1666666666615,2219.436955450093,3346.8999999999996,47504
2016,GoM,Veracruz,3001008709,402,1,0,0,1,0,1,218769.37192327608,9,always,1,0,0,16.207593726254547,29.11,1786.4333333333284,1432.5317084655267,1518.7833333333333,26878
2016,GoM,Veracruz,3001008816,420,1,0,0,1,0,1,224549.57759763615,5,sometimes,0,1,0,16.207593726254547,29.11,1689.5166666666632,953.0523940730124,1300.4166666666665,26218
2016,GoM,Veracruz,3001009384,370,1,0,0,1,0,1,200335.88793184864,9,always,1,0,0,16.207593726254547,29.11,1867.9333333333286,636.7732679501304,1808.9666666666667,22886
2016,GoM,Veracruz,3001009434,450,1,0,0,1,0,1,254080.04200816803,9,always,1,0,0,16.207593726254547,29.11,1917.2499999999977,742.9154633175693,1697.1,16373
2016,GoM,Veracruz,3001009673,365,1,0,0,1,0,1,268374.92640427186,7,sometimes,0,1,0,16.207593726254547,29.11,1681.7666666666653,798.6790826791773,992.9,25923.3
2016,GoM,Veracruz,3001009889,850,2,0,0,1,0,1,468392.63787698146,7,sometimes,0,1,0,16.207593726254547,29.11,2139.9999999999973,1033.855676330734,2094.866666666667,106050
2016,GoM,Veracruz,3001010721,402,1,0,0,1,0,0,0,0,never,0,0,1,16.207593726254547,29.11,1188.5333333333333,847.5452658321527,874.2666666666667,NA
2016,GoM,Veracruz,3001010762,402,1,0,0,1,0,0,0,0,never,0,0,1,16.207593726254547,29.11,204.11666666666665,745.5821539328144,181.11666666666667,NA
2016,GoM,Veracruz,3003005919,1580,4,0,0,1,0,1,415935.0233963114,7,sometimes,0,1,0,16.207593726254547,29.11,5100.183333333329,3724.39356271805,3229.483333333333,104893
2016,GoM,Veracruz,3010002933,2536,6,0,0,1,0,1,1081297.3344925107,9,always,1,0,0,16.207593726254547,29.11,14939.78333333333,5763.789788610823,11891.716666666667,229434
2016,GoM,Veracruz,3010003055,1020,2,0,0,1,0,0,0,3,sometimes,0,1,0,16.207593726254547,29.11,5527.23333333333,1352.7161369052428,2738.4666666666667,32747
2016,GoM,Veracruz,3011012345,220,1,0,0,1,0,1,156667.32172826695,9,always,1,0,0,16.207593726254547,29.11,1118.983333333332,492.45478459561394,1107.9833333333333,26786
2016,GoM,Yucatan,3105004364,375,1,0,0,1,0,0,0,3,sometimes,0,1,0,16.207593726254547,29.11,1533.95,1335.4220347413486,1430.9166666666665,NA
2016,GoM,Yucatan,3105005155,402,1,0,0,1,0,0,0,2,sometimes,0,1,0,16.207593726254547,29.11,152.38333333333333,278.6844217170155,127.38333333333333,NA
2017,GoC,Baja california,0203014741,373,1,0,0,1,0,1,112192.2811003018,9,always,1,0,0,18.331500329479624,28.3,9,7.561413223717689,8,NA
2017,GoC,Baja california,0207000092,1233,3,0,0,1,0,1,206120.702486601,4,sometimes,0,1,0,18.331500329479624,28.3,4089.1666666666647,4601.894105538595,3403.0166666666664,26716
2017,GoC,Baja california,0207001926,1872,3,0,0,1,0,1,684894.7392750982,9,always,1,0,0,18.331500329479624,28.3,2772.2333333333336,4322.614388361074,2470.5333333333333,17201
2017,GoC,Baja california,0313000036,365,1,0,0,1,0,0,0,0,never,0,0,1,18.331500329479624,28.3,13,12.266129263617932,10,NA
2017,GoC,Baja california,2507002232,425,1,0,0,1,0,1,156547.36897716532,5,sometimes,0,1,0,18.331500329479624,28.3,662.1666666666667,877.3013913725271,437,1823
2017,GoC,Baja california sur,0305000242,365,1,0,0,1,0,0,0,7,sometimes,0,1,0,18.331500329479624,28.3,150.58333333333334,701.6901828134937,139.58333333333331,5692
2017,GoC,Baja california sur,0305005159,520,1,0,0,1,0,0,0,0,never,0,0,1,18.331500329479624,28.3,93.71666666666667,234.60446765338142,83.71666666666667,NA
2017,GoM,Campeche,0401002472,5480,13,0,0,1,0,1,2084349.9442464674,9,always,1,0,0,18.331500329479624,28.3,26390.316666666666,23925.800313280655,21603.25,286347
2017,GoM,Campeche,0401002480,1002,2,0,0,1,0,1,652019.7917898935,9,always,1,0,0,18.331500329479624,28.3,2485.25,3697.070676634355,2290.0666666666666,53871.6
2017,GoM,Campeche,0401002613,1100,2,0,0,1,0,1,472577.37009981775,9,always,1,0,0,18.331500329479624,28.3,3221.749999999998,2710.022113509234,2526.4833333333336,46252
2017,GoM,Campeche,0401002654,1189,3,0,0,1,0,1,486366.58418388973,9,always,1,0,0,18.331500329479624,28.3,5147.333333333334,3469.5006382896754,4123.166666666667,95083
2017,GoM,Campeche,0401002662,2916,7,0,0,1,0,1,1221786.9867963681,9,always,1,0,0,18.331500329479624,28.3,13746.6,6655.492205724964,8030.683333333333,219635.94
2017,GoM,Campeche,0401002837,1774,4,0,0,1,0,1,673936.4234466966,9,always,1,0,0,18.331500329479624,28.3,8089.816666666666,5277.967005579744,5875.066666666667,101910
2017,GoM,Campeche,0401002860,2250,5,0,0,1,0,1,964149.1543021983,9,always,1,0,0,18.331500329479624,28.3,7486.966666666666,7440.410034501736,5452.083333333333,152026
2017,GoM,Campeche,0401002894,365,1,0,0,1,0,1,147754.6250862812,9,always,1,0,0,18.331500329479624,28.3,1476.9166666666667,1366.107398692626,1309.9166666666667,21325
2017,GoM,Campeche,0401002902,402,1,0,0,1,0,1,169579.93744451433,9,always,1,0,0,18.331500329479624,28.3,1914.0999999999997,1221.0174485996536,1230.65,30202.1
2017,GoM,Campeche,0401002910,1095,3,0,0,1,0,1,403448.6610823179,9,always,1,0,0,18.331500329479624,28.3,4783.466666666666,5746.783525895104,3879.95,70607.9
2017,GoM,Campeche,0401002928,1175,3,0,0,1,0,1,182312.45678799044,7,sometimes,0,1,0,18.331500329479624,28.3,2601.5500000000006,5670.5836840025495,2209.5333333333333,25261
2017,GoM,Campeche,0401002944,730,2,0,0,1,0,1,295509.2501725624,9,always,1,0,0,18.331500329479624,28.3,3687.5833333333335,3146.0252895850463,3097.5833333333335,47381.2
2017,GoM,Campeche,0401002951,402,1,0,0,1,0,1,147754.6250862812,9,always,1,0,0,18.331500329479624,28.3,1176.0166666666664,500.01409540072325,602.9166666666666,14834.2
2017,GoM,Campeche,0401002969,402,1,0,0,1,0,1,147754.6250862812,9,always,1,0,0,18.331500329479624,28.3,1685.7333333333324,1433.4979921651584,1266.05,24750
2017,GoM,Campeche,0401002977,402,1,0,0,1,0,1,147754.6250862812,8,sometimes,0,1,0,18.331500329479624,28.3,1556.5666666666666,559.1250159607876,726.9833333333333,18039.3
2017,GoM,Campeche,0401002985,1205,3,0,0,1,0,1,486914.4999753098,8,sometimes,0,1,0,18.331500329479624,28.3,5569.950000000001,3732.8452999079836,4480.5,55873
2017,GoM,Campeche,0401002993,365,1,0,0,1,0,1,156547.36897716532,6,sometimes,0,1,0,18.331500329479624,28.3,976.5000000000001,694.3231593144285,474.18333333333334,16756.3
2017,GoM,Campeche,0401003132,740,2,0,0,1,0,1,130456.14081430442,8,sometimes,0,1,0,18.331500329479624,28.3,2448.2333333333336,1999.1767386148344,1597.0833333333333,5125
2017,GoM,Campeche,0401003165,420,1,0,0,1,0,1,169579.93744451433,9,always,1,0,0,18.331500329479624,28.3,1917.8833333333332,1282.062175429459,1364.2166666666667,22810
2017,GoM,Campeche,0401003207,400,1,0,0,1,0,0,0,0,never,0,0,1,18.331500329479624,28.3,1472.2500000000005,1154.5647466678186,882.2333333333333,26705
2017,GoM,Campeche,0401003512,380,1,0,0,1,0,1,151590.03562622174,9,always,1,0,0,18.331500329479624,28.3,954.3666666666666,1160.1169524887644,743.55,6855
2017,GoM,Campeche,0401003637,500,1,0,0,1,0,1,217339.93059663117,9,always,1,0,0,18.331500329479624,28.3,1985.6666666666667,1266.9721299671992,1577.7833333333333,21606
2017,GoM,Campeche,0401004429,365,1,0,0,1,0,1,147754.6250862812,9,always,1,0,0,18.331500329479624,28.3,2017.0166666666653,1407.5768011824605,1471.2,28908
2017,GoM,Campeche,0401004478,925,2,0,0,1,0,1,238082.45698610556,9,always,1,0,0,18.331500329479624,28.3,3040.55,1144.6517151644412,1455.2166666666667,23243
2017,GoM,Campeche,0401004486,1365,3,0,0,1,0,1,513018.77375225216,9,always,1,0,0,18.331500329479624,28.3,5410.716666666667,3412.0974503538637,3484.65,78421
2017,GoM,Campeche,0401004502,815,2,0,0,1,0,1,317334.5625307955,9,always,1,0,0,18.331500329479624,28.3,3838.1333333333323,3203.060187411783,2625.3,43963
2017,GoM,Campeche,0401004973,365,1,0,0,1,0,1,117410.52673287399,5,sometimes,0,1,0,18.331500329479624,28.3,808.35,344.0354689918888,430,6421
2017,GoM,Campeche,0401005012,2594,6,0,0,1,0,1,1048984.7826737405,9,always,1,0,0,18.331500329479624,28.3,12839.016666666666,9058.364866456057,9468.166666666666,202910
2017,GoM,Campeche,0401005384,432,1,0,0,1,0,1,180355.61467577587,9,always,1,0,0,18.331500329479624,28.3,1676.1333333333332,1136.6894140284853,1263.8166666666666,24935
2017,GoM,Campeche,0401006093,540,1,0,0,1,0,1,231037.82538213313,9,always,1,0,0,18.331500329479624,28.3,2107.066666666667,643.8293390940399,1099.0333333333333,36685.54
2017,GoM,Campeche,0402004618,1310,3,0,0,1,0,0,0,3,sometimes,0,1,0,18.331500329479624,28.3,3915.2666666666664,3129.14861451136,2831.666666666667,59801
2017,GoM,Campeche,0402005276,1425,3,0,0,1,0,1,545450.1703586882,9,always,1,0,0,18.331500329479624,28.3,5852.816666666667,3225.627992239748,3817.05,97483
2017,GoM,Campeche,0402006282,365,1,0,0,1,0,1,147754.6250862812,9,always,1,0,0,18.331500329479624,28.3,2281.933333333333,1192.8495460683123,1462.9,29383
2017,GoM,Campeche,0402006522,400,1,0,0,1,0,1,162091.75496177326,7,sometimes,0,1,0,18.331500329479624,28.3,723.9666666666664,1007.1473083467943,512.6166666666667,23438
2017,GoM,Campeche,0402006555,500,1,0,0,1,0,1,217339.93059663117,7,sometimes,0,1,0,18.331500329479624,28.3,1173.1166666666668,754.0722296319229,755.5166666666667,41470
2017,GoM,Campeche,2305000495,365,1,0,0,1,0,0,0,2,sometimes,0,1,0,18.331500329479624,28.3,1249.1166666666666,652.4609221625369,977.0833333333333,NA
2017,GoM,Campeche,2306001112,400,1,0,0,1,0,1,162091.75496177326,7,sometimes,0,1,0,18.331500329479624,28.3,1333.5166666666669,894.8803662673297,1045.6666666666667,26779
2017,GoM,Campeche,2808000489,2393,6,0,0,1,0,1,995654.3123088528,9,always,1,0,0,18.331500329479624,28.3,8584.666666666666,7267.4756393158395,6394.7,71011
2017,GoM,Campeche,2808004739,402,1,0,0,1,0,1,169579.93744451433,9,always,1,0,0,18.331500329479624,28.3,1653.633333333333,748.6722047650545,1240.7,26913
2017,GoC,Nayarit,1802000420,365,1,0,0,1,0,0,0,3,sometimes,0,1,0,18.331500329479624,28.3,2177.049999999999,2658.9379123308227,1815.5833333333333,NA
2017,GoC,Nayarit,1802001733,520,1,0,0,1,0,1,78273.68448858266,4,sometimes,0,1,0,18.331500329479624,28.3,511.1833333333333,581.8152156690594,418.31666666666666,6997
2017,GoC,Nayarit,1802002764,365,1,0,0,1,0,0,0,0,never,0,0,1,18.331500329479624,28.3,1223.0666666666662,1258.6884205125407,856.2833333333333,2692
2017,GoC,Nayarit,1802003614,365,1,0,0,1,0,0,0,0,never,0,0,1,18.331500329479624,28.3,738,425.7449923918063,698,3863
2017,Pacific,Oaxaca,2005000068,365,1,0,0,1,0,1,114149.12321251637,6,sometimes,0,1,0,18.331500329479624,28.3,1622.383333333334,1803.8504994149457,1183.7333333333333,16872
2017,Pacific,Oaxaca,2005000217,1565,4,0,0,1,0,1,195684.21122145664,8,sometimes,0,1,0,18.331500329479624,28.3,6645.316666666665,4760.707273506795,4584.483333333334,41394
2017,Pacific,Oaxaca,2005000282,745,2,0,0,1,0,1,182638.5971400262,8,sometimes,0,1,0,18.331500329479624,28.3,1654.6,2542.768604581931,1395.6166666666668,173415.34
2017,Pacific,Oaxaca,2005000399,1095,3,0,0,1,0,1,159808.7724975229,8,sometimes,0,1,0,18.331500329479624,28.3,3812.7000000000003,4389.554371542394,3154.7,27272
2017,Pacific,Oaxaca,2005000779,365,1,0,0,1,0,0,0,5,sometimes,0,1,0,18.331500329479624,28.3,120.88333333333333,1066.3057789121972,82.41666666666667,NA
2017,Pacific,Oaxaca,2005002585,3460,9,0,0,1,0,1,807650.0540971343,8,sometimes,0,1,0,18.331500329479624,28.3,14141.416666666668,13467.62972540187,9372.2,198707
2017,Pacific,Oaxaca,2005002809,3850,10,0,0,1,0,1,890489.7035142176,8,sometimes,0,1,0,18.331500329479624,28.3,17793.91666666666,14731.580709806774,11694.9,209839
2017,Pacific,Oaxaca,2005003005,343,1,0,0,1,0,1,29352.631683218497,8,sometimes,0,1,0,18.331500329479624,28.3,1432.4666666666662,1359.6046323148382,1003.3,18442
2017,Pacific,Oaxaca,2005003260,365,1,0,0,1,0,1,130456.14081430442,4,sometimes,0,1,0,18.331500329479624,28.3,1101.6166666666668,1563.413953923054,1009.1833333333333,8781
2017,Pacific,Oaxaca,2005003559,370,1,0,0,1,0,0,0,1,sometimes,0,1,0,18.331500329479624,28.3,588.5666666666668,1504.9077109142308,538.5666666666666,4575
2017,Pacific,Oaxaca,2005003815,365,1,0,0,1,0,1,78273.68448858266,7,sometimes,0,1,0,18.331500329479624,28.3,184.99999999999997,718.433058157846,173,1721
2017,Pacific,Oaxaca,2005004417,380,1,0,0,1,0,1,151590.03562622174,7,sometimes,0,1,0,18.331500329479624,28.3,1.15,0,0,NA
2017,Pacific,Oaxaca,2005004789,420,1,0,0,1,0,1,146763.15841609248,6,sometimes,0,1,0,18.331500329479624,28.3,1089.1833333333336,2210.371655430787,937.6166666666667,7560
2017,GoM,Quintana roo,2306000841,1440,3,0,0,1,0,1,352231.58019862196,9,always,1,0,0,18.331500329479624,28.3,2984.1000000000004,1856.9599334585891,2623.85,13684
2017,GoM,Quintana roo,2306001401,950,2,0,0,1,0,1,780205.995754029,8,sometimes,0,1,0,18.331500329479624,28.3,3821.366666666667,1876.9149341729376,2818.1833333333334,57890
2017,GoC,Sinaloa,0601001571,659,1,0,0,1,0,0,0,0,never,0,0,1,18.331500329479624,28.3,1235.1166666666666,941.4665632601913,830.25,5499
2017,GoC,Sinaloa,1802002525,730,2,0,0,1,0,1,82187.36871301179,5,sometimes,0,1,0,18.331500329479624,28.3,3509.0166666666673,3124.901082923888,3149.2,9911
2017,GoC,Sinaloa,2505001798,2645,6,0,0,1,0,1,844781.7854571097,9,always,1,0,0,18.331500329479624,28.3,8936.849999999999,8441.700094290012,7804.216666666667,174337
2017,GoC,Sinaloa,2505002721,1457,3,0,0,1,0,1,615622.5285027026,8,sometimes,0,1,0,18.331500329479624,28.3,3370.5000000000005,3160.014808278154,2534.7333333333336,34405
2017,GoC,Sinaloa,2505002846,624,1,0,0,1,0,1,255237.43950318662,6,sometimes,0,1,0,18.331500329479624,28.3,784.6999999999996,1107.8841112467783,653.6333333333333,16430
2017,GoC,Sinaloa,2505004164,2159,4,0,0,1,0,1,687177.7217393486,5,sometimes,0,1,0,18.331500329479624,28.3,3558.6499999999996,4479.902598322433,2691.0833333333335,67740
2017,GoC,Sinaloa,2505004263,805,2,0,0,1,0,1,328110.2397620571,5,sometimes,0,1,0,18.331500329479624,28.3,1112.4666666666667,2488.2006840463946,981.7,28870
2017,GoC,Sinaloa,2507002406,425,1,0,0,1,0,1,83491.93012115483,9,always,1,0,0,18.331500329479624,28.3,1412.5166666666676,769.8972668624401,1273.45,25580
2017,GoC,Sinaloa,2507002513,365,1,0,0,1,0,1,52182.45632572177,8,sometimes,0,1,0,18.331500329479624,28.3,1338.0666666666664,1666.5106063368405,1219.1,20407
2017,GoC,Sinaloa,2507002703,365,1,0,0,1,0,1,317334.5625307955,9,always,1,0,0,18.331500329479624,28.3,825.5666666666668,755.6205729663675,765.2833333333333,24259
2017,GoC,Sinaloa,2507003503,960,2,0,0,1,0,1,336929.07488110405,5,sometimes,0,1,0,18.331500329479624,28.3,1218.5499999999997,1904.544324958692,1163.3166666666668,22274
2017,GoC,Sinaloa,2507003958,2895,6,0,0,1,0,1,1007121.4070864301,9,always,1,0,0,18.331500329479624,28.3,8683.599999999999,6073.94503200861,8008.966666666666,124872.64
2017,GoC,Sinaloa,2507004600,365,1,0,0,1,0,1,130456.14081430442,9,always,1,0,0,18.331500329479624,28.3,1466.2666666666676,1356.7802404402753,1251.0666666666666,18252
2017,GoC,Sinaloa,2507005581,402,1,0,0,1,0,1,126702.91764307689,8,sometimes,0,1,0,18.331500329479624,28.3,1992.9333333333323,1225.8565042512494,1560.1166666666668,28850
2017,GoC,Sinaloa,2508000789,365,1,0,0,1,0,1,109583.15828401572,8,sometimes,0,1,0,18.331500329479624,28.3,746.5166666666667,1341.7300557616798,620.5166666666667,10186
2017,GoC,Sinaloa,2508001050,730,2,0,0,1,0,1,187856.84277259838,8,sometimes,0,1,0,18.331500329479624,28.3,5603.433333333331,4045.7185746965106,4557.016666666666,29595
2017,GoC,Sinaloa,2508005069,1095,3,0,0,1,0,1,276567.01852632535,8,sometimes,0,1,0,18.331500329479624,28.3,5376.299999999998,5163.733319916482,4229.383333333333,32896
2017,GoC,Sinaloa,2508005234,3469,8,0,0,1,0,1,358754.38723933714,9,always,1,0,0,18.331500329479624,28.3,9363.333333333334,11682.309474749569,8173.366666666667,71050
2017,GoC,Sinaloa,2508005366,15448,31,0,0,1,0,1,2969834.04563764,9,always,1,0,0,18.331500329479624,28.3,62355.9,54869.6758032042,48458.88333333333,533206
2017,GoC,Sinaloa,2508005374,1582,4,0,0,1,0,1,385497.89610626956,9,always,1,0,0,18.331500329479624,28.3,6933.066666666667,5857.38862693283,5189.166666666667,53944
2017,GoC,Sinaloa,2508005382,20824,40,0,0,1,0,1,3303389.524717286,9,always,1,0,0,18.331500329479624,28.3,61272.866666666654,63784.756513814355,50199.55,614625
2017,GoC,Sinaloa,2508005408,1980,5,0,0,1,0,1,423216.02781920537,9,always,1,0,0,18.331500329479624,28.3,7762.649999999999,7394.376847336328,6367.716666666666,39005
2017,GoC,Sinaloa,2508005424,1345,3,0,0,1,0,1,84796.49152929787,8,sometimes,0,1,0,18.331500329479624,28.3,5211.916666666668,4755.058249789997,3645.116666666667,54177
2017,GoC,Sinaloa,2508005507,1270,3,0,0,1,0,1,754247.1805740948,8,sometimes,0,1,0,18.331500329479624,28.3,4544.733333333333,4319.505498324154,3448.0333333333333,68370
2017,GoC,Sinaloa,2508005523,3150,7,0,0,1,0,1,568593.0897391458,9,always,1,0,0,18.331500329479624,28.3,6244.4,7608.851255554311,4793.466666666666,95639
2017,GoC,Sinaloa,2508005606,750,2,0,0,1,0,1,245257.54473089232,9,always,1,0,0,18.331500329479624,28.3,1531.3,1718.660061078831,1010.7833333333333,35697
2017,GoC,Sinaloa,2508005648,11167,25,0,0,1,0,1,1696803.2344487093,9,always,1,0,0,18.331500329479624,28.3,49687.21666666666,43322.35869459383,39430.433333333334,394956
2017,GoC,Sinaloa,2508005705,2315,6,0,0,1,0,1,641901.6135083361,8,sometimes,0,1,0,18.331500329479624,28.3,13395.916666666668,11998.656103174259,10869.733333333334,68225
2017,GoC,Sinaloa,2508005846,1747,5,0,0,1,0,1,323537.75202651566,9,always,1,0,0,18.331500329479624,28.3,6548.916666666667,5134.423936316172,4930.266666666666,37049
2017,GoC,Sinaloa,2508005853,365,1,0,0,1,0,1,140366.8938319671,8,sometimes,0,1,0,18.331500329479624,28.3,875.65,1080.279927434653,751.8,6661
2017,GoC,Sinaloa,2508005879,9811,23,0,0,1,0,1,3100632.6338215824,9,always,1,0,0,18.331500329479624,28.3,28524.1,30945.425237047035,21078.86666666667,390645
2017,GoC,Sinaloa,2508005937,1202,3,0,0,1,0,1,246653.4254376054,8,sometimes,0,1,0,18.331500329479624,28.3,4410.749999999999,2884.5772727626368,2817.9333333333334,46040
2017,GoC,Sinaloa,2508006125,3645,8,0,0,1,0,1,1512886.819409407,9,always,1,0,0,18.331500329479624,28.3,19843.550000000003,18255.181021249082,17794.033333333333,150868
2017,GoC,Sinaloa,2508006166,480,2,0,0,1,0,1,156547.36897716532,8,sometimes,0,1,0,18.331500329479624,28.3,1554.75,2623.942992363911,1467.7833333333333,10822
2017,GoC,Sinaloa,2508006208,700,1,0,0,1,0,1,279779.50099387765,9,always,1,0,0,18.331500329479624,28.3,1247.2833333333333,2158.4759002139,1038,16300
2017,GoC,Sinaloa,2508006224,365,1,0,0,1,0,1,88057.89504965549,9,always,1,0,0,18.331500329479624,28.3,1397.0333333333335,1869.2546445290411,1118.35,12618
2017,GoC,Sinaloa,2508006240,1403,3,0,0,1,0,1,228950.52712910427,9,always,1,0,0,18.331500329479624,28.3,5091.499999999998,3326.773169637826,2635.7666666666664,55573
2017,GoC,Sinaloa,2508006398,992,3,0,0,1,0,1,116105.96532473093,8,sometimes,0,1,0,18.331500329479624,28.3,4347.750000000001,4257.801200906315,2906.35,21452
2017,GoC,Sinaloa,2508006661,550,1,0,0,1,0,0,0,0,never,0,0,1,18.331500329479624,28.3,2033.4833333333343,1171.7477916570965,1446.05,14120
2017,GoC,Sinaloa,2508006778,17871,40,0,0,1,0,1,3059979.2389403246,9,always,1,0,0,18.331500329479624,28.3,57147.89999999999,49187.4068885228,43987.3,647220
2017,GoC,Sinaloa,2508006810,425,1,0,0,1,0,1,180355.61467577587,6,sometimes,0,1,0,18.331500329479624,28.3,206.23333333333338,374.10945530609945,198.6,7997
2017,GoC,Sinaloa,2508006836,3712,9,0,0,1,0,1,611119.8348024968,9,always,1,0,0,18.331500329479624,28.3,8028.049999999999,8995.805427426261,5639.766666666666,98479
2017,GoC,Sinaloa,2508006869,365,1,0,0,1,0,1,100451.2284270144,7,sometimes,0,1,0,18.331500329479624,28.3,1382.866666666667,1089.7250020849822,928.95,14718
2017,GoC,Sinaloa,2508007073,1880,4,0,0,1,0,1,208729.82530288707,9,always,1,0,0,18.331500329479624,28.3,6983.950000000001,4303.92562989254,4964.1,64538
2017,GoC,Sinaloa,2508007123,623,1,0,0,1,0,1,71750.87744786743,7,sometimes,0,1,0,18.331500329479624,28.3,247.2333333333333,472.6370543521055,232.46666666666667,2237
2017,GoC,Sinaloa,2508007362,365,1,0,0,1,0,1,91319.2985700131,7,sometimes,0,1,0,18.331500329479624,28.3,1466.45,1598.6026350395784,1069.7833333333333,9441
2017,GoC,Sinaloa,2508007685,365,1,0,0,1,0,1,86101.05293744092,9,always,1,0,0,18.331500329479624,28.3,713.2333333333332,1702.5304923901892,546.7666666666667,8655
2017,GoC,Sinaloa,2508007693,400,1,0,0,1,0,1,107626.31617180115,8,sometimes,0,1,0,18.331500329479624,28.3,914.5833333333334,1832.7695905962248,737.3666666666667,10607
2017,GoC,Sinaloa,2508007867,400,1,0,0,1,0,1,88057.89504965549,9,always,1,0,0,18.331500329479624,28.3,1555.7,1495.2410037852524,1105.9666666666667,11025
2017,GoC,Sinaloa,2508007909,2150,6,0,0,1,0,1,435658.2822493696,8,sometimes,0,1,0,18.331500329479624,28.3,9225.733333333332,5651.575015837251,6679.733333333334,64356
2017,GoC,Sinaloa,2508007933,1070,2,0,0,1,0,1,201359.05334687888,9,always,1,0,0,18.331500329479624,28.3,4101.566666666666,4205.9690128889015,3329.7166666666667,32473
2017,GoC,Sinaloa,2508007941,470,1,0,0,1,0,1,190857.33401132736,9,always,1,0,0,18.331500329479624,28.3,2584.4166666666683,2689.9810578288752,2198.2,25302
2017,GoC,Sinaloa,2508008428,365,1,0,0,1,0,1,97842.10561072832,9,always,1,0,0,18.331500329479624,28.3,1453.0333333333335,1429.9022033155238,1198.9333333333334,12220
2017,GoC,Sinaloa,2508008444,750,2,0,0,1,0,1,147415.439120164,9,always,1,0,0,18.331500329479624,28.3,3234.3833333333328,2448.622452350956,2332.9333333333334,27137
2017,GoC,Sinaloa,2508008469,365,1,0,0,1,0,1,85452.03363688976,9,always,1,0,0,18.331500329479624,28.3,1215.6833333333332,1130.7029074066097,1078.9666666666667,11820
2017,GoC,Sinaloa,2508008477,835,2,0,0,1,0,1,324816.2222064959,9,always,1,0,0,18.331500329479624,28.3,1940.8166666666664,2950.4487879361377,1659.1000000000001,24350
2017,GoC,Sinaloa,2508008485,815,2,0,0,1,0,1,280733.7876639342,9,always,1,0,0,18.331500329479624,28.3,3028.416666666667,2842.4136857474928,2443.4333333333334,29509
2017,GoC,Sinaloa,2508008493,785,2,0,0,1,0,1,282642.3610040475,9,always,1,0,0,18.331500329479624,28.3,2831.433333333333,3198.4432311507717,2052.95,25991
2017,GoC,Sinaloa,2508008501,804,2,0,0,1,0,1,218618.40077661135,7,sometimes,0,1,0,18.331500329479624,28.3,2636.666666666667,2722.648772973871,2123.2000000000003,27740
2017,GoC,Sinaloa,2508008733,402,1,0,0,1,0,1,169579.93744451433,9,always,1,0,0,18.331500329479624,28.3,755.3833333333334,1083.3273721436256,531.4333333333333,19929
2017,GoC,Sinaloa,2508009053,11661,26,0,0,1,0,1,4816372.881670897,9,always,1,0,0,18.331500329479624,28.3,46489.649999999994,41180.41263251107,39935.01666666666,381430
2017,GoC,Sinaloa,2508009079,815,2,0,0,1,0,1,299083.7484308743,9,always,1,0,0,18.331500329479624,28.3,2276.2666666666664,2058.007527571507,1519.9499999999998,32221
2017,GoC,Sinaloa,2508009095,365,1,0,0,1,0,1,61966.6668867946,8,sometimes,0,1,0,18.331500329479624,28.3,1870.9499999999998,1669.0049586509406,1317.6,10936
2017,GoC,Sinaloa,2508009111,365,1,0,0,1,0,1,78273.68448858266,7,sometimes,0,1,0,18.331500329479624,28.3,1237.2000000000003,1549.0141547505564,977.9499999999999,5805
2017,GoC,Sinaloa,2508009202,365,1,0,0,1,0,1,290264.91331182735,8,sometimes,0,1,0,18.331500329479624,28.3,1369.4666666666667,1824.8583818225902,1098.2833333333333,47830
2017,GoC,Sinaloa,2508009210,804,2,0,0,1,0,1,339159.87488902867,9,always,1,0,0,18.331500329479624,28.3,2542.3833333333337,2858.084264891387,2039.7333333333333,33178
2017,GoC,Sinaloa,2508009368,500,1,0,0,1,0,1,91319.2985700131,8,sometimes,0,1,0,18.331500329479624,28.3,1748.4666666666665,1390.2198147324605,1408.3833333333334,11037
2017,GoC,Sinaloa,2508009822,730,2,0,0,1,0,1,262995.6661974133,8,sometimes,0,1,0,18.331500329479624,28.3,3372.9166666666656,3623.1692541709363,2235.1833333333334,28877
2017,GoC,Sinaloa,2508009897,1630,4,0,0,1,0,1,273957.8957100393,8,sometimes,0,1,0,18.331500329479624,28.3,4213.5,3676.6801687474804,2983.35,45579
2017,GoC,Sinaloa,2508009921,2505,5,0,0,1,0,1,888200.1982429265,9,always,1,0,0,18.331500329479624,28.3,10972.766666666668,11249.807621397184,9119.616666666667,74338
2017,GoC,Sinaloa,2508009947,365,1,0,0,1,0,1,73055.43885601047,9,always,1,0,0,18.331500329479624,28.3,1407.3999999999996,1780.4083446400107,1195.7166666666667,10486
2017,GoC,Sinaloa,2508010168,894,2,0,0,1,0,1,179377.19361966857,9,always,1,0,0,18.331500329479624,28.3,3331.2999999999984,2597.2812044437733,3147.033333333333,22608
2017,GoC,Sinaloa,2508010341,335,1,0,0,1,0,1,19568.421122145664,6,sometimes,0,1,0,18.331500329479624,28.3,479.01666666666665,1347.5658979765853,390,4502
2017,GoC,Sinaloa,2508010481,1440,3,0,0,1,0,1,547442.8879096267,8,sometimes,0,1,0,18.331500329479624,28.3,3367.9666666666667,2595.3543920782713,2108.2,41396
2017,GoC,Sinaloa,2508010507,520,1,0,0,1,0,1,190465.96558888446,9,always,1,0,0,18.331500329479624,28.3,976.3333333333334,569.5813030206991,632.8833333333333,13920
2017,GoC,Sinaloa,2508010515,440,1,0,0,1,0,1,180355.61467577587,7,sometimes,0,1,0,18.331500329479624,28.3,603.75,665.4105181290704,478.23333333333335,14171
2017,GoC,Sinaloa,2508010556,822,2,0,0,1,0,1,443550.87876863504,9,always,1,0,0,18.331500329479624,28.3,4029.7166666666667,4082.0177438478577,3060.0166666666664,70035
2017,GoC,Sinaloa,2508010614,365,1,0,0,1,0,1,147754.6250862812,9,always,1,0,0,18.331500329479624,28.3,1432.6666666666652,719.787772978033,887.9833333333333,13589
2017,GoC,Sinaloa,2508010762,2027,5,0,0,1,0,1,689147.6094656446,9,always,1,0,0,18.331500329479624,28.3,3301.633333333333,3817.0524697098294,2253.9333333333334,58940
2017,GoC,Sinaloa,2508010788,1751,5,0,0,1,0,1,396306.1873727347,9,always,1,0,0,18.331500329479624,28.3,5685.5,6391.298194312032,4577.766666666666,31841
2017,GoC,Sinaloa,2508010838,1429,4,0,0,1,0,1,435266.9138269267,9,always,1,0,0,18.331500329479624,28.3,6360.533333333332,7556.487989096744,4776.816666666667,48711
2017,GoC,Sinaloa,2508010986,1515,4,0,0,1,0,1,352231.58019862196,9,always,1,0,0,18.331500329479624,28.3,5610.716666666666,7075.849665609555,4470.116666666667,33597
2017,GoC,Sinaloa,2508011182,9551,22,0,0,1,0,1,4241174.145241617,9,always,1,0,0,18.331500329479624,28.3,38380.86666666667,32754.856653209525,33643.15,329982
2017,GoC,Sinaloa,2508011232,365,1,0,0,1,0,1,100200.10035594687,6,sometimes,0,1,0,18.331500329479624,28.3,1124.983333333333,968.332520641374,884.25,9403
2017,GoC,Sinaloa,2508011240,2281,4,0,0,1,0,1,525738.2474816468,9,always,1,0,0,18.331500329479624,28.3,5839.950000000001,4508.121890346944,4750.15,59509
2017,GoC,Sinaloa,2508011265,365,1,0,0,1,0,1,104364.91265144353,7,sometimes,0,1,0,18.331500329479624,28.3,2094.2666666666655,1040.3145739922202,1460.5333333333333,16677
2017,GoC,Sinaloa,2508011489,1033,2,0,0,1,0,1,272001.0535978247,8,sometimes,0,1,0,18.331500329479624,28.3,3547.883333333333,2724.0464316190905,3229.583333333333,29361
2017,GoC,Sinaloa,2508011547,1381,3,0,0,1,0,1,550877.1458165633,9,always,1,0,0,18.331500329479624,28.3,3925.5666666666657,4740.347603969513,3069.6666666666665,49741
2017,GoC,Sinaloa,2508011828,1230,2,0,0,1,0,1,136978.94785501965,4,sometimes,0,1,0,18.331500329479624,28.3,3184.4666666666667,4134.201983767583,2786.5166666666664,23913
2017,GoC,Sinaloa,2508011992,365,1,0,0,1,0,0,0,6,sometimes,0,1,0,18.331500329479624,28.3,133.2,228.7887783365171,129.2,264
2017,GoC,Sinaloa,2508013790,1169,3,0,0,1,0,1,197641.0533336712,8,sometimes,0,1,0,18.331500329479624,28.3,3706.5999999999995,3786.244692584163,2706.8,38107
2017,GoC,Sinaloa,2508014624,365,1,0,0,1,0,1,140366.8938319671,7,sometimes,0,1,0,18.331500329479624,28.3,293.9666666666667,632.317529265622,260.1666666666667,10002
2017,GoC,Sinaloa,2508014632,365,1,0,0,1,0,1,140366.8938319671,9,always,1,0,0,18.331500329479624,28.3,1125,1153.9219633772886,1085.3500000000001,8125
2017,GoC,Sinaloa,2508015001,1091,3,0,0,1,0,1,513605.8263859165,8,sometimes,0,1,0,18.331500329479624,28.3,2749.133333333333,2524.10119461038,1628.05,41536
2017,GoC,Sinaloa,2508015969,365,1,0,0,1,0,1,111911.80039755105,8,sometimes,0,1,0,18.331500329479624,28.3,1618.0333333333333,1596.6051545826663,1306.0333333333333,14079
2017,GoC,Sinaloa,2508016017,365,1,0,0,1,0,1,383689.1217138792,6,sometimes,0,1,0,18.331500329479624,28.3,1144.0833333333337,994.1489662920521,806.2,52866
2017,GoC,Sinaloa,2508016041,503,1,0,0,1,0,1,127194.73729394682,6,sometimes,0,1,0,18.331500329479624,28.3,2118.816666666666,2315.7053549447887,1672.8833333333334,10216
2017,GoC,Sinaloa,2508016116,365,1,0,0,1,0,1,140240.35137537724,6,sometimes,0,1,0,18.331500329479624,28.3,1259.8500000000001,1560.5355030065218,930.1333333333333,17264
2017,GoC,Sinaloa,2508016298,600,1,0,0,1,0,1,107626.31617180115,5,sometimes,0,1,0,18.331500329479624,28.3,1081.3000000000002,1102.8840335627042,687.7333333333333,20224
2017,GoC,Sinaloa,2508016348,450,1,0,0,1,0,0,0,0,never,0,0,1,18.331500329479624,28.3,151.5,554.7952777723344,134.5,700
2017,GoC,Sinaloa,2508016678,1177,3,0,0,1,0,1,206120.702486601,5,sometimes,0,1,0,18.331500329479624,28.3,4482.966666666665,4282.093152125069,3439.133333333333,48839
2017,GoC,Sinaloa,2508016751,1045,2,0,0,1,0,1,391368.4224429133,5,sometimes,0,1,0,18.331500329479624,28.3,1967.9666666666665,3019.684225039737,1488.4666666666667,21632
2017,GoC,Sinaloa,2508016843,9215,22,0,0,1,0,1,2671956.364228594,5,sometimes,0,1,0,18.331500329479624,28.3,34823.51666666666,31640.693902580995,26122,330046
2017,GoC,Sinaloa,2508017098,753,2,0,0,1,0,1,225163.385361265,4,sometimes,0,1,0,18.331500329479624,28.3,2862.366666666664,3155.546246987691,2053.7166666666667,29256
2017,GoC,Sinaloa,2508017585,767,2,0,0,1,0,1,278523.86063853995,4,sometimes,0,1,0,18.331500329479624,28.3,2714.2333333333345,2910.251757046534,2022.1833333333334,35881
2017,GoC,Sinaloa,2508018161,2102,4,0,0,1,0,0,0,2,sometimes,0,1,0,18.331500329479624,28.3,24.016666666666666,7.731819844208393,18,NA
2017,GoC,Sinaloa,2508072853,960,2,0,0,1,0,0,0,0,never,0,0,1,18.331500329479624,28.3,3733.4166666666597,3197.6515330205248,2924.0333333333333,NA
2017,GoC,Sinaloa,2508072879,3742,7,0,0,1,0,0,0,0,never,0,0,1,18.331500329479624,28.3,14445.916666666664,7711.637847167895,8972.733333333334,NA
2017,GoC,Sinaloa,2511000065,1460,4,0,0,1,0,1,305267.36950547236,8,sometimes,0,1,0,18.331500329479624,28.3,6173.999999999996,4525.62997725786,5563.733333333334,139670
2017,GoC,Sinaloa,2511000099,1192,3,0,0,1,0,1,181986.31643595468,9,always,1,0,0,18.331500329479624,28.3,4537.666666666668,3124.462450280824,4174.716666666667,68250
2017,GoC,Sinaloa,2511000917,365,1,0,0,1,0,1,147754.6250862812,8,sometimes,0,1,0,18.331500329479624,28.3,1386.3333333333335,1156.1423450367424,1166.2666666666667,15429
2017,GoC,Sinaloa,2511001345,2358,6,0,0,1,0,1,892325.2214154749,8,sometimes,0,1,0,18.331500329479624,28.3,10071.850000000002,7218.9075470894495,9566.183333333332,134598
2017,GoC,Sinaloa,2511001436,510,1,0,0,1,0,1,217339.93059663117,9,always,1,0,0,18.331500329479624,28.3,220.2333333333333,568.7273499702438,204.9,16000
2017,GoC,Sinaloa,2511001691,425,1,0,0,1,0,1,180355.61467577587,9,always,1,0,0,18.331500329479624,28.3,1539.8333333333328,1176.5253581138847,1099.0166666666667,27588
2017,GoC,Sinaloa,2511001790,992,2,0,0,1,0,1,247866.6675471784,9,always,1,0,0,18.331500329479624,28.3,4029.733333333328,3262.1365835053102,3345.383333333333,68602
2017,GoC,Sinaloa,2511001972,450,1,0,0,1,0,1,190857.33401132736,8,sometimes,0,1,0,18.331500329479624,28.3,454.7833333333332,1110.0996787363824,420.78333333333336,7220
2017,GoC,Sinaloa,2511002020,425,1,0,0,1,0,1,171337.83394198708,7,sometimes,0,1,0,18.331500329479624,28.3,195.6333333333333,507.83035125204594,189.63333333333333,11630
2017,GoC,Sinaloa,2511002079,707,2,0,0,1,0,1,182638.5971400262,8,sometimes,0,1,0,18.331500329479624,28.3,634.6333333333336,1259.8258839898929,537.5166666666667,6408
2017,GoC,Sinaloa,2511002111,342,1,0,0,1,0,1,117410.52673287399,9,always,1,0,0,18.331500329479624,28.3,1568.1833333333338,953.3481151715393,1460.6166666666668,23187
2017,GoC,Sinaloa,2511002145,365,1,0,0,1,0,1,88057.89504965549,9,always,1,0,0,18.331500329479624,28.3,944.8000000000002,592.7549181115011,901.0666666666666,17957
2017,GoC,Sinaloa,2511002236,1995,5,0,0,1,0,1,231559.64994539035,4,sometimes,0,1,0,18.331500329479624,28.3,5423.366666666667,5441.420427275751,4992.05,78234
2017,GoC,Sinaloa,2511002244,338,1,0,0,1,0,1,78273.68448858266,2,sometimes,0,1,0,18.331500329479624,28.3,650.1666666666672,1148.8976412682357,600.7333333333333,NA
2017,GoC,Sinaloa,2511002277,455,1,0,0,1,0,0,0,0,never,0,0,1,18.331500329479624,28.3,805.9,898.4072502450983,761.5,NA
2017,GoC,Sinaloa,2511002293,365,1,0,0,1,0,1,39136.84224429133,3,sometimes,0,1,0,18.331500329479624,28.3,1161.2499999999998,1212.3069843472108,900.0333333333333,9340
2017,GoC,Sonora,2603007499,3450,6,0,0,1,0,1,1560385.9002798952,6,sometimes,0,1,0,18.331500329479624,28.3,11095.883333333328,6089.880958361437,6893.65,164473
2017,GoC,Sonora,2604000923,804,2,0,0,1,0,1,322201.88114457723,6,sometimes,0,1,0,18.331500329479624,28.3,1376.6333333333332,1395.2058736210056,1302.6166666666668,45047
2017,GoC,Sonora,2604001400,450,1,0,0,1,0,1,190857.33401132736,6,sometimes,0,1,0,18.331500329479624,28.3,296.1333333333333,528.3328354691724,282.7166666666667,5160
2017,GoC,Sonora,2604001616,365,1,0,0,1,0,1,140366.8938319671,8,sometimes,0,1,0,18.331500329479624,28.3,1194.55,1381.9250595693388,1030.35,20200
2017,GoC,Sonora,2604001848,350,1,0,0,1,0,1,142458.10576922042,6,sometimes,0,1,0,18.331500329479624,28.3,1037.8166666666666,986.4504003067249,932.6,21609
2017,GoC,Sonora,2604004883,790,2,0,0,1,0,1,234821.05346574797,6,sometimes,0,1,0,18.331500329479624,28.3,511.4000000000001,1098.9014690448512,507.4,36805
2017,GoC,Sonora,2604006003,402,1,0,0,1,0,1,169579.93744451433,9,always,1,0,0,18.331500329479624,28.3,318.20000000000005,369.05881073845205,292.8666666666667,18800
2017,GoC,Sonora,2604006086,385,1,0,0,1,0,1,144010.53384491065,7,sometimes,0,1,0,18.331500329479624,28.3,818.7333333333335,844.52144811611,739.3499999999999,9136
2017,GoC,Sonora,2604006110,13609,27,0,0,1,0,1,3864724.0347815244,9,always,1,0,0,18.331500329479624,28.3,39457.3,34057.574013819474,32983.51666666667,623259
2017,GoC,Sonora,2604006342,1255,3,0,0,1,0,1,647974.346863242,8,sometimes,0,1,0,18.331500329479624,28.3,1297.65,2493.6512464877433,1203.25,28231
2017,GoC,Sonora,2604006433,525,1,0,0,1,0,1,180355.61467577587,8,sometimes,0,1,0,18.331500329479624,28.3,1078.5500000000002,1038.5696402654125,895.6833333333333,12040
2017,GoC,Sonora,2604006458,867,2,0,0,1,0,1,346839.8278987668,8,sometimes,0,1,0,18.331500329479624,28.3,1596.7166666666667,1129.4286371509147,1567.8666666666668,59705
2017,GoC,Sonora,2604006839,365,1,0,0,1,0,1,140366.8938319671,7,sometimes,0,1,0,18.331500329479624,28.3,675.8833333333334,667.8172165586158,615.8833333333333,19635
2017,GoC,Sonora,2604007514,750,2,0,0,1,0,1,268459.16937471635,8,sometimes,0,1,0,18.331500329479624,28.3,544.6499999999999,856.52066395009615,498.9,7430
2017,GoC,Sonora,2604007720,2915,7,0,0,1,0,1,482035.44030885486,9,always,1,0,0,18.331500329479624,28.3,7230.299999999998,8365.165438392389,6609.95,103468
2017,GoC,Sonora,2604007803,365,1,0,0,1,0,1,147754.6250862812,9,always,1,0,0,18.331500329479624,28.3,677.5,587.1181666873891,540.05,10880
2017,GoC,Sonora,2604007811,1619,3,0,0,1,0,1,508778.9491757873,9,always,1,0,0,18.331500329479624,28.3,1767.5333333333335,2624.6824643277478,1482.75,46737
2017,GoC,Sonora,2604007845,425,1,0,0,1,0,1,171337.83394198708,9,always,1,0,0,18.331500329479624,28.3,1036.216666666667,813.1219662099245,905.2833333333333,11100
2017,GoC,Sonora,2604007860,503,1,0,0,1,0,1,182638.5971400262,7,sometimes,0,1,0,18.331500329479624,28.3,543.8166666666668,1021.2418683460221,391.4,3250
2017,GoC,Sonora,2604008074,520,1,0,0,1,0,0,0,2,sometimes,0,1,0,18.331500329479624,28.3,39.8,220.37038696876778,35.766666666666666,10940
2017,GoC,Sonora,2604008082,420,1,0,0,1,0,1,161100.94057228861,9,always,1,0,0,18.331500329479624,28.3,367.48333333333323,351.96193224632896,356.0833333333333,7739
2017,GoC,Sonora,2604008116,365,1,0,0,1,0,1,140366.8938319671,7,sometimes,0,1,0,18.331500329479624,28.3,692.0333333333333,1159.9445345354789,626.7666666666667,16020
2017,GoC,Sonora,2604008165,1300,3,0,0,1,0,1,264825.96585303795,8,sometimes,0,1,0,18.331500329479624,28.3,3307.0166666666655,2857.790970683238,3020.333333333333,57550
2017,GoC,Sonora,2604008322,1240,3,0,0,1,0,1,493019.19508471526,8,sometimes,0,1,0,18.331500329479624,28.3,3044.0666666666675,3543.1613931564307,2733.616666666667,47000
2017,GoC,Sonora,2604008447,1275,3,0,0,1,0,1,523031.28255975,9,always,1,0,0,18.331500329479624,28.3,2948.15,2891.312202419363,2542.45,28361
2017,GoC,Sonora,2604008637,402,1,0,0,1,0,0,0,6,sometimes,0,1,0,18.331500329479624,28.3,3,0,0,3423
2017,GoC,Sonora,2604009023,225,1,0,0,1,0,1,93259.83366462587,8,sometimes,0,1,0,18.331500329479624,28.3,492.7833333333335,248.19263462406778,492.78333333333336,5944
2017,GoC,Sonora,2604009171,7580,15,0,0,1,0,1,1421450.110312661,9,always,1,0,0,18.331500329479624,28.3,21202.516666666666,16432.416997116365,17012.666666666668,280927
2017,GoC,Sonora,2604009734,365,1,0,0,1,0,1,104364.91265144353,4,sometimes,0,1,0,18.331500329479624,28.3,354.4500000000001,576.2224123083021,322.6333333333333,8211
2017,GoC,Sonora,2604009775,945,2,0,0,1,0,0,0,5,sometimes,0,1,0,18.331500329479624,28.3,569.4166666666666,921.0679897196504,471.91666666666663,13695
2017,GoC,Sonora,2604009809,1890,4,0,0,1,0,1,740322.2921035758,9,always,1,0,0,18.331500329479624,28.3,2859.5333333333333,3225.8532989967225,2392.7833333333333,42562
2017,GoC,Sonora,2604009999,1276,3,0,0,1,0,1,530017.208900356,9,always,1,0,0,18.331500329479624,28.3,1937.5333333333333,2042.5314326079324,1751.1666666666667,65630
2017,GoC,Sonora,2604010476,730,2,0,0,1,0,1,280733.7876639342,7,sometimes,0,1,0,18.331500329479624,28.3,557.4166666666667,1023.2031895312439,492.4,18652
2017,GoC,Sonora,2604010609,402,1,0,0,1,0,1,169579.93744451433,8,sometimes,0,1,0,18.331500329479624,28.3,1400.5666666666664,1441.3207204824323,1190.6833333333334,20520
2017,GoC,Sonora,2604010641,1890,5,0,0,1,0,1,668714.2641299,8,sometimes,0,1,0,18.331500329479624,28.3,5208.85,6170.376031664929,4677.966666666667,91819
2017,GoC,Sonora,2604010781,520,1,0,0,1,0,1,217339.93059663117,9,always,1,0,0,18.331500329479624,28.3,1823.3500000000001,799.7216583962294,1242.2833333333333,23083
2017,GoC,Sonora,2604011133,835,2,0,0,1,0,1,329069.0923970422,6,sometimes,0,1,0,18.331500329479624,28.3,1630.0166666666669,1771.1201374463567,1402.4833333333333,68292
2017,GoC,Sonora,2604011300,2155,4,0,0,1,0,1,416220.3172680383,9,always,1,0,0,18.331500329479624,28.3,5946.000000000001,3530.8158704158177,4648.183333333333,86306
2017,GoC,Sonora,2604011359,365,1,0,0,1,0,1,140366.8938319671,3,sometimes,0,1,0,18.331500329479624,28.3,461.98333333333346,1121.41302888742,419.0833333333333,7620
2017,GoC,Sonora,2604011409,4034,10,0,0,1,0,1,1506077.0088589003,9,always,1,0,0,18.331500329479624,28.3,5247.316666666667,9479.878437865995,4440.75,98645
2017,GoC,Sonora,2604011425,790,2,0,0,1,0,1,219492.4569200672,8,sometimes,0,1,0,18.331500329479624,28.3,2452.6166666666663,1841.8977426066822,2188.366666666667,24943
2017,GoC,Sonora,2604011458,1438,3,0,0,1,0,1,332663.1590764763,7,sometimes,0,1,0,18.331500329479624,28.3,3126.3,4188.959739440383,2540.9333333333334,48982
2017,GoC,Sonora,2604011540,365,1,0,0,1,0,1,147754.6250862812,9,always,1,0,0,18.331500329479624,28.3,614.8166666666666,1040.5804583874835,575.3166666666666,9950
2017,GoC,Sonora,2604011557,1003,2,0,0,1,0,1,386828.54874257545,9,always,1,0,0,18.331500329479624,28.3,2212.3166666666657,2666.130380281821,1876.2166666666667,23300
2017,GoC,Sonora,2604011573,1212,3,0,0,1,0,1,502018.71195878997,8,sometimes,0,1,0,18.331500329479624,28.3,1267.2833333333335,2702.0786272740743,1143.4166666666665,17955
2017,GoC,Sonora,2604011581,425,1,0,0,1,0,1,171337.83394198708,9,always,1,0,0,18.331500329479624,28.3,1063.7499999999998,855.799241689683,904.5833333333334,11270
2017,GoC,Sonora,2604011664,1732,4,0,0,1,0,1,468321.23850575107,8,sometimes,0,1,0,18.331500329479624,28.3,2740.2,5078.440157537842,2470.383333333333,40950
2017,GoC,Sonora,2604609541,420,1,0,0,1,0,1,284724.44101144385,5,sometimes,0,1,0,18.331500329479624,28.3,1432.9833333333338,984.6949815535315,1232.1166666666668,19900
2017,GoC,Sonora,2604609947,365,1,0,0,1,0,1,35875.438723933716,6,sometimes,0,1,0,18.331500329479624,28.3,1372.6499999999996,1085.1287597122541,1270.0333333333333,12900
2017,GoC,Sonora,2604609970,365,1,0,0,1,0,1,39136.84224429133,3,sometimes,0,1,0,18.331500329479624,28.3,875.8166666666668,726.6335612460174,712.1999999999999,5280
2017,GoC,Sonora,2604612081,708,2,0,0,1,0,1,279628.8241512371,3,sometimes,0,1,0,18.331500329479624,28.3,1646.9500000000003,1858.886379605003,1497.7166666666667,45300
2017,GoC,Sonora,2604612750,420,1,0,0,1,0,1,169579.93744451433,5,sometimes,0,1,0,18.331500329479624,28.3,626.15,662.1512771186226,503.23333333333335,14120
2017,GoC,Sonora,2604613758,790,2,0,0,1,0,1,320722.508507743,5,sometimes,0,1,0,18.331500329479624,28.3,1708.3666666666672,1937.4962473798919,1641.1499999999999,39337
2017,GoC,Sonora,2604615076,355,1,0,0,1,0,0,0,1,sometimes,0,1,0,18.331500329479624,28.3,1146.1833333333332,1138.2716573549874,910.8833333333333,NA
2017,GoC,Sonora,2604615274,2080,4,0,0,1,0,0,0,0,never,0,0,1,18.331500329479624,28.3,3074.7000000000007,4094.6600708821506,2512.85,NA
2017,GoC,Sonora,2607002082,3049,6,0,0,1,0,1,671389.2672972974,9,always,1,0,0,18.331500329479624,28.3,8818.199999999997,5659.839011275735,5503.65,83359
2017,GoC,Sonora,2607002108,400,1,0,0,1,0,1,104364.91265144353,4,sometimes,0,1,0,18.331500329479624,28.3,563.95,1010.2644696307376,437.2,5974
2017,GoC,Sonora,2607002389,614,1,0,0,1,0,1,195684.21122145664,6,sometimes,0,1,0,18.331500329479624,28.3,1298.8500000000008,1313.562936469544,831.3833333333333,13445
2017,GoC,Sonora,2607002652,443,1,0,0,1,0,0,0,0,never,0,0,1,18.331500329479624,28.3,875.5166666666665,1896.7672853285678,737.0333333333333,3577
2017,GoC,Sonora,2607002660,889,1,0,0,1,0,0,0,5,sometimes,0,1,0,18.331500329479624,28.3,725.2666666666668,665.225637062037,635.2833333333333,8656
2017,GoC,Sonora,2607002678,405,1,0,0,1,0,1,169579.93744451433,7,sometimes,0,1,0,18.331500329479624,28.3,1234.6666666666667,1143.8799302921154,1042.6166666666668,11562
2017,GoC,Sonora,2607002835,600,1,0,0,1,0,1,189161.4041807414,3,sometimes,0,1,0,18.331500329479624,28.3,1121.1833333333332,1365.6864361585199,807.8666666666667,26850
2017,GoC,Sonora,2607003130,540,1,0,0,1,0,1,231037.82538213313,7,sometimes,0,1,0,18.331500329479624,28.3,1931.5166666666669,1132.5963336739062,1280.8333333333333,15531
2017,GoC,Sonora,2607003312,503,1,0,0,1,0,1,217339.93059663117,6,sometimes,0,1,0,18.331500329479624,28.3,1313.05,832.2693744798008,922.6166666666667,10623
2017,GoC,Sonora,2607003387,3210,5,0,0,1,0,1,1424603.8875168469,8,sometimes,0,1,0,18.331500329479624,28.3,9114.683333333338,6497.558602481398,6461.7,126931
2017,GoC,Sonora,2607003452,450,1,0,0,1,0,1,107626.31617180115,9,always,1,0,0,18.331500329479624,28.3,1986.9333333333334,1307.016913475626,1540.7333333333333,12442
2017,GoC,Sonora,2607003460,3453,6,0,0,1,0,1,1321781.6187305325,8,sometimes,0,1,0,18.331500329479624,28.3,13681.399999999996,7962.306742891882,9758.033333333333,253416
2017,GoC,Sonora,2607003528,520,1,0,0,1,0,1,219485.93411302648,5,sometimes,0,1,0,18.331500329479624,28.3,2036.6166666666659,1404.2027300165244,1439.3166666666666,28311
2017,GoC,Sonora,2607003569,365,1,0,0,1,0,1,26091.228162860883,5,sometimes,0,1,0,18.331500329479624,28.3,717.7333333333329,799.5208302789894,553.0666666666667,5816
2017,GoC,Sonora,2607003676,365,1,0,0,1,0,1,147754.6250862812,7,sometimes,0,1,0,18.331500329479624,28.3,749.6333333333334,1171.081561911987,551.8,6485
2017,GoC,Sonora,2607003700,1250,3,0,0,1,0,1,219166.31656803144,8,sometimes,0,1,0,18.331500329479624,28.3,3624.4666666666667,2752.8164839019673,2602.633333333333,23486
2017,GoC,Sonora,2607003726,402,1,0,0,1,0,1,169579.93744451433,8,sometimes,0,1,0,18.331500329479624,28.3,1529.9499999999998,1166.954742646789,1030.5166666666667,13354
2017,GoC,Sonora,2607003734,920,2,0,0,1,0,1,369655.30236578046,9,always,1,0,0,18.331500329479624,28.3,4606.483333333334,2474.272487141053,2609.866666666667,27333
2017,GoC,Sonora,2607003874,365,1,0,0,1,0,1,39136.84224429133,7,sometimes,0,1,0,18.331500329479624,28.3,1640.5999999999974,1235.6935979631817,1104.15,10669
2017,GoC,Sonora,2607003890,1509,3,0,0,1,0,1,580347.1880265147,9,always,1,0,0,18.331500329479624,28.3,4511.5999999999995,2676.152253216075,3267.3166666666666,60879
2017,GoC,Sonora,2607004054,989,2,0,0,1,0,1,326140.35203576105,9,always,1,0,0,18.331500329479624,28.3,4354.316666666666,2160.4537004703425,2853.0333333333333,25578
2017,GoC,Sonora,2607004070,624,1,0,0,1,0,1,242475.56752802728,6,sometimes,0,1,0,18.331500329479624,28.3,1232.7166666666667,944.7600248176836,996.85,15223
2017,GoC,Sonora,2607004088,1569,3,0,0,1,0,1,613688.5162151306,8,sometimes,0,1,0,18.331500329479624,28.3,2597.5499999999997,3065.954192561747,1929.9166666666665,32328
2017,GoC,Sonora,2607004104,1335,3,0,0,1,0,1,229994.1762556187,8,sometimes,0,1,0,18.331500329479624,28.3,6304.799999999999,3019.517899590376,4017.0833333333335,27021
2017,GoC,Sonora,2607004138,520,1,0,0,1,0,1,54791.57914200786,7,sometimes,0,1,0,18.331500329479624,28.3,898.8333333333336,1107.5554818869691,660.9666666666667,7737
2017,GoC,Sonora,2607004179,450,1,0,0,1,0,1,181314.467310761,8,sometimes,0,1,0,18.331500329479624,28.3,1405.1333333333334,1233.423702848914,986.6166666666667,12607
2017,GoC,Sonora,2607004294,365,1,0,0,1,0,1,114149.12321251637,9,always,1,0,0,18.331500329479624,28.3,1029.0833333333335,1223.7238755452831,893.8666666666667,9126
2017,GoC,Sonora,2607004302,420,1,0,0,1,0,1,169579.93744451433,8,sometimes,0,1,0,18.331500329479624,28.3,1478.9000000000003,978.3361017309362,1055.1833333333334,23479
2017,GoC,Sonora,2607004351,450,1,0,0,1,0,1,190857.33401132736,8,sometimes,0,1,0,18.331500329479624,28.3,1134.6166666666668,1773.8470076609065,952.7666666666667,6600
2017,GoC,Sonora,2607004369,540,1,0,0,1,0,1,130456.14081430442,7,sometimes,0,1,0,18.331500329479624,28.3,1807.1500000000005,1400.947007144825,1380.8666666666666,16513
2017,GoC,Sonora,2607004385,840,2,0,0,1,0,1,414521.12603393197,8,sometimes,0,1,0,18.331500329479624,28.3,2418.633333333333,2239.9012871312307,1568.6,17782.4
2017,GoC,Sonora,2607004393,624,1,0,0,1,0,1,239387.01839424862,8,sometimes,0,1,0,18.331500329479624,28.3,2364.316666666667,1037.2700683771316,1716.8166666666666,14769
2017,GoC,Sonora,2607004401,624,1,0,0,1,0,1,195684.21122145664,9,always,1,0,0,18.331500329479624,28.3,3070.4333333333334,998.2492289919948,1810.95,12752
2017,GoC,Sonora,2607010853,450,1,0,0,1,0,1,190857.33401132736,9,always,1,0,0,18.331500329479624,28.3,1511.1666666666665,817.0894883183208,806.3333333333334,9762
2017,GoC,Sonora,2607010861,450,1,0,0,1,0,1,182638.5971400262,8,sometimes,0,1,0,18.331500329479624,28.3,1104.8666666666668,955.5358074799582,754.5833333333334,9424
2017,GoC,Sonora,2607100043,402,1,0,0,1,0,1,169579.93744451433,5,sometimes,0,1,0,18.331500329479624,28.3,653.3333333333333,753.0292301303601,515.35,4068
2017,GoC,Sonora,2607100142,450,1,0,0,1,0,1,45659.64928500655,3,sometimes,0,1,0,18.331500329479624,28.3,1225.1833333333334,815.1642439620769,645.2,11668
2017,GoC,Sonora,2607101918,503,1,0,0,1,0,1,217339.93059663117,5,sometimes,0,1,0,18.331500329479624,28.3,2275.4833333333327,1072.4680490737292,1386.8333333333333,20986
2017,GoC,Sonora,2607102270,365,1,0,0,1,0,0,0,0,never,0,0,1,18.331500329479624,28.3,753.2833333333334,857.0404266860381,594.7333333333333,NA
2017,GoC,Sonora,2607602931,450,1,0,0,1,0,0,0,1,sometimes,0,1,0,18.331500329479624,28.3,1343.0666666666666,1284.1755399842223,1029.75,11826
2017,GoC,Sonora,2607603012,3317,7,0,0,1,0,1,1525945.479104919,7,sometimes,0,1,0,18.331500329479624,28.3,3689.916666666667,6311.304715309912,3094.483333333333,39669
2017,GoC,Sonora,2607603699,540,1,0,0,1,0,1,231037.82538213313,5,sometimes,0,1,0,18.331500329479624,28.3,1680.0666666666666,893.7065584315577,1163.45,10542
2017,GoC,Sonora,2607603707,2710,5,0,0,1,0,1,1108016.1863922132,7,sometimes,0,1,0,18.331500329479624,28.3,11819.91666666666,6190.457253657888,7386.866666666667,103892
2017,GoC,Sonora,2607603772,520,1,0,0,1,0,1,217339.93059663117,7,sometimes,0,1,0,18.331500329479624,28.3,1726.7333333333333,971.0950440327576,1308.05,9042
2017,GoC,Sonora,2607603780,520,1,0,0,1,0,1,149763.6496548215,4,sometimes,0,1,0,18.331500329479624,28.3,1545.3666666666666,1216.502539462263,1220.8500000000001,21820
2017,GoC,Sonora,2607603798,1510,3,0,0,1,0,1,190857.33401132736,4,sometimes,0,1,0,18.331500329479624,28.3,5957.699999999999,3124.613518861787,4180.7,36343
2017,GoC,Sonora,2607604549,503,1,0,0,1,0,1,217339.93059663117,3,sometimes,0,1,0,18.331500329479624,28.3,2187.0499999999993,768.2629859143788,1149.0666666666666,19800
2017,GoC,Sonora,2607604754,450,1,0,0,1,0,0,0,0,never,0,0,1,18.331500329479624,28.3,1333.1333333333341,681.885933574557,746.7666666666667,NA
2017,GoC,Sonora,2609002015,425,1,0,0,1,0,1,176115.79009931098,4,sometimes,0,1,0,18.331500329479624,28.3,465.21666666666687,951.6408978553229,450.5,18700
2017,GoM,Tamaulipas,0402006290,920,2,0,0,1,0,1,512027.30708206346,8,sometimes,0,1,0,18.331500329479624,28.3,896.8500000000001,1545.0483384756035,653.7166666666667,48785
2017,GoM,Tamaulipas,2808000679,402,1,0,0,1,0,1,169579.93744451433,9,always,1,0,0,18.331500329479624,28.3,2473.8666666666663,1037.4219902326925,1344.6,40033
2017,GoM,Tamaulipas,2808000885,730,2,0,0,1,0,1,254389.47458789364,8,sometimes,0,1,0,18.331500329479624,28.3,3274.083333333333,2399.808895159916,2242.866666666667,32050
2017,GoM,Tamaulipas,2808001503,5565,14,0,0,1,0,1,2349462.913609297,9,always,1,0,0,18.331500329479624,28.3,23593.116666666665,11169.89514582416,14959.166666666666,362508
2017,GoM,Tamaulipas,2808001784,365,1,0,0,1,0,0,0,0,never,0,0,1,18.331500329479624,28.3,1273.7333333333331,1148.0249861110353,1110.7,27256
2017,GoM,Tamaulipas,2808002543,502,1,0,0,1,0,1,249953.96580020728,9,always,1,0,0,18.331500329479624,28.3,1541.9,1763.9336471352503,1153.8833333333332,79984
2017,GoM,Tamaulipas,2808002758,965,2,0,0,1,0,1,411393.440057909,9,always,1,0,0,18.331500329479624,28.3,3263.7,1218.4925260735654,1987.35,115223
2017,GoM,Tamaulipas,2808002790,1132,3,0,0,1,0,1,465089.1876170767,9,always,1,0,0,18.331500329479624,28.3,6564.616666666665,3718.7333547474245,4121.25,69017
2017,GoM,Tamaulipas,2808003475,790,2,0,0,1,0,1,327784.09941002127,9,always,1,0,0,18.331500329479624,28.3,4692.166666666667,3375.926454408972,3310.5333333333333,115696
2017,GoM,Tamaulipas,2808004220,1936,5,0,0,1,0,1,804249.0625061054,9,always,1,0,0,18.331500329479624,28.3,7434.316666666666,5945.910789517362,4956.3,136263
2017,GoM,Tamaulipas,2808004226,1132,3,0,0,1,0,1,465089.1876170767,9,always,1,0,0,18.331500329479624,28.3,2792.133333333333,3092.108734380009,2194.0666666666666,42139
2017,GoM,Tamaulipas,2808004283,1080,2,0,0,1,0,1,462075.65076426626,9,always,1,0,0,18.331500329479624,28.3,4697.316666666667,1402.4749048046715,2253.633333333333,134568
2017,GoM,Tamaulipas,2808004564,425,1,0,0,1,0,1,180355.61467577587,9,always,1,0,0,18.331500329479624,28.3,2603.550000000001,1369.0625659249142,1751.8166666666666,25930
2017,GoM,Tamaulipas,2808004598,365,1,0,0,1,0,1,146110.87771202094,9,always,1,0,0,18.331500329479624,28.3,481,941.4363636137517,367,15271
2017,GoM,Tamaulipas,2808004622,1500,3,0,0,1,0,1,652019.7917898935,9,always,1,0,0,18.331500329479624,28.3,5788.4666666666635,2993.310047708188,3519.05,111097.77
2017,GoM,Tamaulipas,2808004812,405,1,0,0,1,0,1,169579.93744451433,9,always,1,0,0,18.331500329479624,28.3,1052.1499999999999,1568.8215416735768,925.1166666666667,16528
2017,GoM,Tamaulipas,2808004895,787,2,0,0,1,0,1,134369.82503873354,9,always,1,0,0,18.331500329479624,28.3,2299.5,1651.0625487434672,1329.5,54801
2017,GoM,Tamaulipas,2808004986,365,1,0,0,1,0,0,0,6,sometimes,0,1,0,18.331500329479624,28.3,2200,753.4068291881903,1099.1833333333334,42694
2017,GoM,Tamaulipas,2808005041,2860,7,0,0,1,0,1,877617.5961000702,9,always,1,0,0,18.331500329479624,28.3,11842.266666666665,5666.215158217226,6738.75,196918.2
2017,GoM,Tamaulipas,2808005058,402,1,0,0,1,0,1,169579.93744451433,9,always,1,0,0,18.331500329479624,28.3,2745.0166666666664,430.05219716516046,1096.0833333333333,46177
2017,GoM,Tamaulipas,2808005066,827,2,0,0,1,0,1,349935.5521202902,9,always,1,0,0,18.331500329479624,28.3,3333.916666666666,1470.458951521357,1992.4666666666667,40131
2017,GoM,Tamaulipas,2808005082,1330,3,0,0,1,0,1,541849.5808722135,9,always,1,0,0,18.331500329479624,28.3,8167.016666666668,5998.81723321446,6135.866666666667,107066
2017,GoM,Tamaulipas,2808005546,2092,5,0,0,1,0,1,659781.9321683446,9,always,1,0,0,18.331500329479624,28.3,6453.83333333333,5696.895892642675,4406.883333333333,120018
2017,GoM,Tamaulipas,2808005553,1210,3,0,0,1,0,1,491193.461394019,9,always,1,0,0,18.331500329479624,28.3,4485.883333333333,1370.0145658091633,1500.7,91837.7
2017,GoM,Tamaulipas,2808005579,320,1,0,0,1,0,1,130130.00046226867,7,sometimes,0,1,0,18.331500329479624,28.3,726.9833333333333,1276.8113285652291,603,14020
2017,GoM,Tamaulipas,2808005629,1221,3,0,0,1,0,1,465089.1876170767,9,always,1,0,0,18.331500329479624,28.3,6980.766666666667,2253.792828583233,3828.55,93926
2017,GoM,Tamaulipas,2808005702,730,2,0,0,1,0,1,295509.2501725624,9,always,1,0,0,18.331500329479624,28.3,3628.516666666666,2923.9117444480707,2416.4666666666667,52221
2017,GoM,Tamaulipas,2808005876,865,2,0,0,1,0,1,360711.22935155174,9,always,1,0,0,18.331500329479624,28.3,3884.9333333333325,1822.7847440794935,2410.3999999999996,94294
2017,GoM,Tamaulipas,2808005959,3199,7,0,0,1,0,1,1450724.4683113908,5,sometimes,0,1,0,18.331500329479624,28.3,15726.866666666665,9697.08146212538,11146.316666666668,300895.4
2017,GoM,Tamaulipas,2808006015,850,2,0,0,1,0,1,359732.80829544447,9,always,1,0,0,18.331500329479624,28.3,5390.6833333333325,3254.401365395752,3638.6833333333334,67795
2017,GoM,Tamaulipas,2808006023,400,1,0,0,1,0,0,0,5,sometimes,0,1,0,18.331500329479624,28.3,2209.7999999999997,2178.047291839547,1838.4666666666667,20437
2017,GoM,Tamaulipas,2808006049,730,2,0,0,1,0,1,295509.2501725624,9,always,1,0,0,18.331500329479624,28.3,5203.166666666668,1980.0174747005017,2865.133333333333,130663
2017,GoM,Tamaulipas,2808006130,425,1,0,0,1,0,1,180355.61467577587,9,always,1,0,0,18.331500329479624,28.3,1426.9833333333333,937.2539184159558,1032.95,26957
2017,GoM,Tamaulipas,2808006189,2037,5,0,0,1,0,1,845499.2942315884,9,always,1,0,0,18.331500329479624,28.3,12526.600000000002,6136.215776382766,7898.35,189802
2017,GoM,Tamaulipas,2808006197,1365,3,0,0,1,0,1,473229.6508038893,9,always,1,0,0,18.331500329479624,28.3,4322.2,2844.3658167169783,2687.75,41699
2017,GoM,Tamaulipas,2808006247,365,1,0,0,1,0,1,147754.6250862812,9,always,1,0,0,18.331500329479624,28.3,1488.05,2066.5984398855812,1106.0166666666667,17910
2017,GoM,Tamaulipas,2808006270,1230,3,0,0,1,0,1,512849.18076919357,9,always,1,0,0,18.331500329479624,28.3,6287.549999999998,3079.29593280838,3889.5333333333338,82628
2017,GoM,Tamaulipas,2808006452,402,1,0,0,1,0,1,169579.93744451433,9,always,1,0,0,18.331500329479624,28.3,2044.4666666666667,1523.3412409837547,1139.6,43173
2017,GoM,Tamaulipas,2808006494,767,2,0,0,1,0,1,143501.75489573486,9,always,1,0,0,18.331500329479624,28.3,3697.333333333333,1829.1108025928147,2510.2666666666664,38812
2017,GoM,Tamaulipas,2808006551,402,1,0,0,1,0,1,169579.93744451433,9,always,1,0,0,18.331500329479624,28.3,850.05,815.3880323481852,711.0166666666667,19055
2017,GoM,Tamaulipas,2808006619,922,2,0,0,1,0,1,386919.8680411455,9,always,1,0,0,18.331500329479624,28.3,3321.0166666666664,1834.7999344762675,2130.7,57416
2017,GoM,Tamaulipas,2808006668,402,1,0,0,1,0,1,156547.36897716532,9,always,1,0,0,18.331500329479624,28.3,2474.600000000001,913.9091021342932,1450.9333333333334,56855
2017,GoM,Tamaulipas,2808006718,365,1,0,0,1,0,1,147754.6250862812,9,always,1,0,0,18.331500329479624,28.3,1062.3333333333335,1080.678489514057,928.3166666666667,13305
2017,GoM,Tamaulipas,2808006726,365,1,0,0,1,0,1,147754.6250862812,9,always,1,0,0,18.331500329479624,28.3,1465.9999999999998,260.1261014911933,384,35635
2017,GoM,Tamaulipas,2808006734,365,1,0,0,1,0,1,147754.6250862812,9,always,1,0,0,18.331500329479624,28.3,2307.2833333333333,929.2459861936854,1204.1,30797
2017,GoM,Tamaulipas,2808006833,1307,3,0,0,1,0,1,548372.3879129286,9,always,1,0,0,18.331500329479624,28.3,8307.85,2907.4686278843046,4984.016666666666,138344
2017,GoM,Tamaulipas,2808006858,2642,6,0,0,1,0,1,1121714.0811777152,9,always,1,0,0,18.331500329479624,28.3,11525.416666666666,6973.084036276394,6956.383333333333,219052.8
2017,GoM,Tamaulipas,2808006866,3567,8,0,0,1,0,1,1511882.3071251367,9,always,1,0,0,18.331500329479624,28.3,14095.616666666667,7687.86284928235,8971.083333333334,299115.8
2017,GoM,Tamaulipas,2808007005,790,2,0,0,1,0,1,328110.2397620571,9,always,1,0,0,18.331500329479624,28.3,2957.4500000000007,1966.7467466992177,2067.3333333333335,60361
2017,GoM,Tamaulipas,2808007013,1835,5,0,0,1,0,1,774570.2904708511,9,always,1,0,0,18.331500329479624,28.3,9862.75,5270.277398890503,7715.266666666666,246012
2017,GoM,Tamaulipas,2808007252,1095,3,0,0,1,0,1,443263.8752588436,9,always,1,0,0,18.331500329479624,28.3,5366.166666666666,2629.543739302793,3328.1666666666665,76177
2017,GoM,Tamaulipas,2808007260,735,2,0,0,1,0,1,297518.27474110265,9,always,1,0,0,18.331500329479624,28.3,3004.0333333333333,1547.236438570657,2203.2833333333333,83440
2017,GoM,Tamaulipas,2808007492,1372,3,0,0,1,0,1,349935.5521202902,8,sometimes,0,1,0,18.331500329479624,28.3,7262.3166666666675,1326.1679163668698,2494.7166666666667,185557
2017,GoM,Tamaulipas,2808007500,730,2,0,0,1,0,1,147754.6250862812,9,always,1,0,0,18.331500329479624,28.3,3648.016666666667,3190.911065483068,2695.95,28439.9
2017,GoM,Tamaulipas,2808007518,882,2,0,0,1,0,1,370482.3942985431,9,always,1,0,0,18.331500329479624,28.3,5551.383333333331,3131.31240341963,3801.416666666667,79931
2017,GoM,Tamaulipas,2808007526,402,1,0,0,1,0,1,169579.93744451433,9,always,1,0,0,18.331500329479624,28.3,1616.4333333333332,872.6559027803307,1286.85,22728.7
2017,GoM,Tamaulipas,2808007542,1392,3,0,0,1,0,1,569558.4651811717,9,always,1,0,0,18.331500329479624,28.3,5445.533333333333,3141.70159195429,3284.7166666666667,66219.12
2017,GoM,Tamaulipas,2808007690,1864,4,0,0,1,0,1,747357.1394969872,9,always,1,0,0,18.331500329479624,28.3,8928.35,2417.1607700806253,4880.233333333334,192636
2017,GoM,Tamaulipas,2808007708,365,1,0,0,1,0,1,143501.75489573486,8,sometimes,0,1,0,18.331500329479624,28.3,2183.3500000000004,1001.0321518565975,1175,40770
2017,GoM,Tamaulipas,2808007823,520,1,0,0,1,0,0,0,1,sometimes,0,1,0,18.331500329479624,28.3,2007,565.0893720743597,859.35,NA
2017,GoM,Tamaulipas,2808007898,822,2,0,0,1,0,1,339159.87488902867,4,sometimes,0,1,0,18.331500329479624,28.3,6514.999999999998,3375.0234578517793,4514.883333333333,89921.70000000001
2017,GoM,Tamaulipas,2808007906,1258,3,0,0,1,0,1,530017.208900356,4,sometimes,0,1,0,18.331500329479624,28.3,9254.800000000001,3800.6092526821812,6062.083333333333,168678.9
2017,GoM,Tamaulipas,2808007914,925,2,0,0,1,0,1,326127.3064216796,4,sometimes,0,1,0,18.331500329479624,28.3,5823.250000000001,2271.1206723793166,3571.866666666667,104618.7
2017,GoM,Tamaulipas,2808007922,1206,3,0,0,1,0,1,508739.81233354297,4,sometimes,0,1,0,18.331500329479624,28.3,9811.983333333335,4488.137630760179,6790.383333333333,165018.86000000002
2017,GoM,Tamaulipas,2808007963,520,1,0,0,1,0,1,211991.2288232447,4,sometimes,0,1,0,18.331500329479624,28.3,1974.916666666667,775.6313065148855,1047.2166666666667,32284.5
2017,GoM,Tamaulipas,2808008029,402,1,0,0,1,0,1,136965.90224093822,3,sometimes,0,1,0,18.331500329479624,28.3,2279.233333333333,1012.237694626529,1333.9833333333333,24155
2017,GoM,Tamaulipas,2808008086,565,1,0,0,1,0,0,0,0,never,0,0,1,18.331500329479624,28.3,1407.1,875.4855847944425,852.2833333333333,NA
2017,GoM,Tamaulipas,2808008094,335,1,0,0,1,0,0,0,0,never,0,0,1,18.331500329479624,28.3,1055.9833333333333,974.6768498543591,635.9666666666667,NA
2017,GoM,Tamaulipas,3010002552,730,2,0,0,1,0,1,142458.10576922042,9,always,1,0,0,18.331500329479624,28.3,953.15,1369.2658670278472,797.1666666666667,20945
2017,GoM,Veracruz,0402006571,2662,6,0,0,1,0,1,536683.517695967,8,sometimes,0,1,0,18.331500329479624,28.3,10298.416666666668,4736.785227078615,6870.933333333333,296367
2017,GoM,Veracruz,2508010366,375,1,0,0,1,0,0,0,7,sometimes,0,1,0,18.331500329479624,28.3,1453.4833333333336,978.0018046743023,1008.25,36269
2017,GoM,Veracruz,3001000581,365,1,0,0,1,0,1,147754.6250862812,9,always,1,0,0,18.331500329479624,28.3,1340.7333333333331,1081.3746812212967,1215.7333333333333,20703
2017,GoM,Veracruz,3001004716,465,1,0,0,1,0,1,294517.78350237367,8,sometimes,0,1,0,18.331500329479624,28.3,726.1999999999997,908.8910248316474,698.9833333333333,15726
2017,GoM,Veracruz,3001007941,800,2,0,0,1,0,1,309846.38004805445,9,always,1,0,0,18.331500329479624,28.3,2792.3,2710.401843554796,2357.166666666667,35132.61
2017,GoM,Veracruz,3001008709,402,1,0,0,1,0,1,143501.75489573486,9,always,1,0,0,18.331500329479624,28.3,1227.2666666666664,1252.6234326191225,1059.4166666666667,38045
2017,GoM,Veracruz,3001008816,420,1,0,0,1,0,1,169579.93744451433,5,sometimes,0,1,0,18.331500329479624,28.3,1128.1833333333332,778.7991726136454,1014.95,28815
2017,GoM,Veracruz,3001009384,370,1,0,0,1,0,1,149763.6496548215,9,always,1,0,0,18.331500329479624,28.3,1641.8,693.4159475388424,1564.8,24995
2017,GoM,Veracruz,3001009434,450,1,0,0,1,0,1,190857.33401132736,9,always,1,0,0,18.331500329479624,28.3,1973.45,880.07748119487,1785.1333333333332,32786
2017,GoM,Veracruz,3001009673,365,1,0,0,1,0,1,200902.4568540288,7,sometimes,0,1,0,18.331500329479624,28.3,707.2666666666667,849.6339217800764,551.0166666666667,19253.5
2017,GoM,Veracruz,3001009889,850,2,0,0,1,0,1,349935.5521202902,7,sometimes,0,1,0,18.331500329479624,28.3,1668.6999999999998,1708.7913900703493,1645.6833333333334,62695
2017,GoM,Veracruz,3001010721,402,1,0,0,1,0,0,0,0,never,0,0,1,18.331500329479624,28.3,908.9333333333334,703.0223287564614,806.2333333333333,NA
2017,GoM,Veracruz,3001010762,402,1,0,0,1,0,0,0,0,never,0,0,1,18.331500329479624,28.3,9,0,0,NA
2017,GoM,Veracruz,3003005919,1580,4,0,0,1,0,1,475969.22976098966,7,sometimes,0,1,0,18.331500329479624,28.3,1792.3666666666668,3155.5731629380502,1437.3333333333333,90577
2017,GoM,Veracruz,3010002933,2536,6,0,0,1,0,1,1100384.5021545764,9,always,1,0,0,18.331500329479624,28.3,15099.866666666665,7114.934691483771,12387.4,206198
2017,GoM,Veracruz,3010003055,1020,2,0,0,1,0,1,217339.93059663117,3,sometimes,0,1,0,18.331500329479624,28.3,4641.583333333335,908.9782153972269,1696.6666666666667,78333
2017,GoM,Veracruz,3011012345,220,1,0,0,1,0,1,140892.63207944878,9,always,1,0,0,18.331500329479624,28.3,1387.0000000000002,1054.680228291475,1277.4833333333333,36820
2017,GoM,Yucatan,3105004364,375,1,0,0,1,0,0,0,3,sometimes,0,1,0,18.331500329479624,28.3,1286.5666666666668,1261.6987138600125,1170.4833333333333,NA
2018,GoC,Baja california,0203014741,373,1,0,0,1,0,1,125679.33016305807,9,always,1,0,0,20.194333041489507,27.77,7.983333333333333,0,0,NA
2018,GoC,Baja california,0207000092,1233,3,0,0,1,0,1,164008.05405809014,4,sometimes,0,1,0,20.194333041489507,27.77,2491.0333333333324,3840.6225876017907,2101.65,20874
2018,GoC,Baja california,0207001926,1872,3,0,0,1,0,1,680473.7213248449,9,always,1,0,0,20.194333041489507,27.77,1582.616666666666,2764.8218811918796,1378.7666666666667,20766
2018,GoC,Baja california,0313000036,365,1,0,0,1,0,0,0,0,never,0,0,1,20.194333041489507,27.77,91.9,99.678318479114,86.91666666666667,NA
2018,GoC,Baja california sur,0305000242,365,1,0,0,1,0,1,111097.75042038283,7,sometimes,0,1,0,20.194333041489507,27.77,205.1,407.9019555933769,158.91666666666666,13030
2018,GoC,Baja california sur,0305005159,520,1,0,0,1,0,0,0,0,never,0,0,1,20.194333041489507,27.77,17,164.92695090884018,10,NA
2018,GoM,Campeche,0401002472,5480,13,0,0,1,0,1,2892707.6765707177,9,always,1,0,0,20.194333041489507,27.77,21882.183333333334,16110.83561094765,15909.033333333333,316756
2018,GoM,Campeche,0401002480,1002,2,0,0,1,0,1,1012394.8324595325,9,always,1,0,0,20.194333041489507,27.77,1366.7,2494.501263893003,1196.7333333333333,47271
2018,GoM,Campeche,0401002613,1100,2,0,0,1,0,1,699366.5570539826,9,always,1,0,0,20.194333041489507,27.77,1187,1785.2997881320239,796,23964
2018,GoM,Campeche,0401002654,1689,4,0,0,1,0,1,1035486.5827931782,9,always,1,0,0,20.194333041489507,27.77,5895.716666666667,4762.973098456007,4406.116666666667,132422
2018,GoM,Campeche,0401002662,2916,7,0,0,1,0,1,2156409.408378855,9,always,1,0,0,20.194333041489507,27.77,11785.683333333334,6316.252744414731,7811.416666666667,217222
2018,GoM,Campeche,0401002837,1774,4,0,0,1,0,1,1533593.3468029646,9,always,1,0,0,20.194333041489507,27.77,6360.8499999999995,4683.91127311764,4373.633333333333,110408
2018,GoM,Campeche,0401002860,2250,5,0,0,1,0,1,1960319.806167655,9,always,1,0,0,20.194333041489507,27.77,6969.716666666667,5229.324708238324,4678.483333333334,173823.76
2018,GoM,Campeche,0401002894,365,1,0,0,1,0,1,314573.28031531395,9,always,1,0,0,20.194333041489507,27.77,1066.95,1211.389683723325,826.9333333333333,11942
2018,GoM,Campeche,0401002902,402,1,0,0,1,0,1,361039.9144286391,9,always,1,0,0,20.194333041489507,27.77,1676.0333333333338,2431.686828149022,1199.75,25020.2
2018,GoM,Campeche,0401002910,1095,3,0,0,1,0,1,976327.0306943243,9,always,1,0,0,20.194333041489507,27.77,1806.6666666666665,3176.721849345836,1400.3333333333335,50914.9
2018,GoM,Campeche,0401002928,1175,3,0,0,1,0,1,347180.4700636963,7,sometimes,0,1,0,20.194333041489507,27.77,1965.2333333333336,2859.33070203304,1348.7833333333333,26941
2018,GoM,Campeche,0401002944,730,2,0,0,1,0,1,629146.5606306279,9,always,1,0,0,20.194333041489507,27.77,2384.7666666666664,2563.743346702202,1950.6833333333334,36949.4
2018,GoM,Campeche,0401002951,402,1,0,0,1,0,1,249969.93844586136,9,always,1,0,0,20.194333041489507,27.77,605.85,817.1529596688029,527.85,6244.7
2018,GoM,Campeche,0401002969,1043,2,0,0,1,0,1,314573.28031531395,9,always,1,0,0,20.194333041489507,27.77,2303.5666666666666,2288.915222480133,1418.9,47373
2018,GoM,Campeche,0401002977,402,1,0,0,1,0,1,314573.28031531395,8,sometimes,0,1,0,20.194333041489507,27.77,974.8333333333334,886.138809958474,631.35,12428.9
2018,GoM,Campeche,0401002985,1205,3,0,0,1,0,1,1036653.109172592,8,sometimes,0,1,0,20.194333041489507,27.77,4385.2,3136.39279087215,2875.5166666666664,70302
2018,GoM,Campeche,0401003132,740,2,0,0,1,0,1,277744.3760509571,8,sometimes,0,1,0,20.194333041489507,27.77,2307.433333333333,1752.7949246425724,1452.15,20809
2018,GoM,Campeche,0401003165,420,1,0,0,1,0,1,361039.9144286391,9,always,1,0,0,20.194333041489507,27.77,1880.1666666666665,2138.462009581101,1467.15,28448
2018,GoM,Campeche,0401003207,400,1,0,0,1,0,0,0,0,never,0,0,1,20.194333041489507,27.77,1232.4333333333332,890.9049549926007,631.0833333333334,21516
2018,GoM,Campeche,0401003512,380,1,0,0,1,0,1,322738.9649712121,9,always,1,0,0,20.194333041489507,27.77,1457.6166666666666,997.8868270688298,891.6333333333333,22506
2018,GoM,Campeche,0401003637,500,1,0,0,1,0,1,462722.13050089445,9,always,1,0,0,20.194333041489507,27.77,1664.6166666666668,1324.1875238178118,1443.05,38968
2018,GoM,Campeche,0401004429,365,1,0,0,1,0,1,314573.28031531395,9,always,1,0,0,20.194333041489507,27.77,1936.7333333333333,1798.505840662098,1280.7666666666667,37073
2018,GoM,Campeche,0401004478,925,2,0,0,1,0,1,405506.78903439734,9,always,1,0,0,20.194333041489507,27.77,2404.883333333333,2179.8704131991763,1500.2666666666667,29756
2018,GoM,Campeche,0401004486,1365,3,0,0,1,0,1,1138335.3252448475,9,always,1,0,0,20.194333041489507,27.77,6315.000000000001,3569.7058312561667,4288.683333333333,117579
2018,GoM,Campeche,0401004502,815,2,0,0,1,0,1,675613.1947439531,9,always,1,0,0,20.194333041489507,27.77,3533.083333333334,2987.3047690043645,2383.2166666666667,66771
2018,GoM,Campeche,0401004973,365,1,0,0,1,0,1,249969.93844586136,5,sometimes,0,1,0,20.194333041489507,27.77,933.3500000000001,982.5605548006848,649.0333333333333,6875
2018,GoM,Campeche,0401005012,2594,6,0,0,1,0,1,2233314.753388141,9,always,1,0,0,20.194333041489507,27.77,9933.949999999999,8200.657716560281,7287.766666666666,252304
2018,GoM,Campeche,0401005384,432,1,0,0,1,0,1,383981.59989044815,9,always,1,0,0,20.194333041489507,27.77,1216.8166666666666,796.5974048234725,804.25,18805
2018,GoM,Campeche,0401006093,540,1,0,0,1,0,1,491885.289986245,9,always,1,0,0,20.194333041489507,27.77,2178.3666666666672,573.0954534768387,1233.25,44754
2018,GoM,Campeche,0402004618,1310,3,0,0,1,0,0,0,3,sometimes,0,1,0,20.194333041489507,27.77,2578.55,2871.0525767625054,1972.2833333333333,40663
2018,GoM,Campeche,0402005276,1425,3,0,0,1,0,1,1161277.0107066566,9,always,1,0,0,20.194333041489507,27.77,5930.983333333334,3185.103946965199,3713.25,94501
2018,GoM,Campeche,0402006282,365,1,0,0,1,0,1,229823.10758604566,9,always,1,0,0,20.194333041489507,27.77,1421.85,894.2003313396099,863.2833333333333,13330
2018,GoM,Campeche,0402006522,400,1,0,0,1,0,1,210588.27318490477,7,sometimes,0,1,0,20.194333041489507,27.77,519.9833333333333,706.586609913953,439,14262
2018,GoM,Campeche,0402006555,500,1,0,0,1,0,1,169962.97638939164,7,sometimes,0,1,0,20.194333041489507,27.77,1509.9833333333333,600.8430561977531,900.9833333333333,44316
2018,GoM,Campeche,2305000495,365,1,0,0,1,0,0,0,2,sometimes,0,1,0,20.194333041489507,27.77,1256.9333333333334,806.2334462421912,1036.9166666666665,NA
2018,GoM,Campeche,2306001112,400,1,0,0,1,0,1,299963.92613503366,7,sometimes,0,1,0,20.194333041489507,27.77,1441,940.2287399959858,835,19726
2018,GoM,Campeche,2808000489,2393,6,0,0,1,0,1,1820403.7967408388,9,always,1,0,0,20.194333041489507,27.77,7313.55,7454.930701077978,5677.75,64470
2018,GoM,Campeche,2808004739,402,1,0,0,1,0,1,361039.9144286391,9,always,1,0,0,20.194333041489507,27.77,915.183333333333,1249.8922277701984,494.7,17454
2018,GoC,Nayarit,1802000420,585,2,0,0,1,0,0,0,3,sometimes,0,1,0,20.194333041489507,27.77,1040.0166666666664,1822.6381829888512,800.3333333333333,135
2018,GoC,Nayarit,1802001733,520,1,0,0,1,0,1,6425.616139938892,4,sometimes,0,1,0,20.194333041489507,27.77,467.9,881.5394840149465,303.0333333333333,5096
2018,GoC,Nayarit,1802002764,365,1,0,0,1,0,0,0,0,never,0,0,1,20.194333041489507,27.77,661.3333333333335,533.1501902817519,479.8333333333333,5468
2018,GoC,Nayarit,1802003614,365,1,0,0,1,0,0,0,0,never,0,0,1,20.194333041489507,27.77,840.3499999999999,831.0185348074596,667.35,17992
2018,Pacific,Oaxaca,2005000068,365,1,0,0,1,0,1,256913.54784713528,6,sometimes,0,1,0,20.194333041489507,27.77,1349.6166666666668,2712.8914780145715,1205.25,17519
2018,Pacific,Oaxaca,2005000217,1565,4,0,0,1,0,1,152759.40682802637,8,sometimes,0,1,0,20.194333041489507,27.77,3855.483333333333,3794.724287543842,2652.0666666666666,50040
2018,Pacific,Oaxaca,2005000282,745,2,0,0,1,0,1,188866.1757146508,8,sometimes,0,1,0,20.194333041489507,27.77,1793.8666666666663,2986.576843784618,1646.25,12867
2018,Pacific,Oaxaca,2005000399,1095,3,0,0,1,0,1,41661.65640764356,8,sometimes,0,1,0,20.194333041489507,27.77,3037.933333333333,3702.8554570003494,2441.75,41428
2018,Pacific,Oaxaca,2005002585,3460,9,0,0,1,0,1,929000.7777371214,8,sometimes,0,1,0,20.194333041489507,27.77,7036.699999999999,8934.20857065179,4578.2,202504
2018,Pacific,Oaxaca,2005002809,3850,10,0,0,1,0,1,1083203.0665987325,8,sometimes,0,1,0,20.194333041489507,27.77,8070.333333333334,11016.392158395112,5407.466666666666,221951
2018,Pacific,Oaxaca,2005003005,343,1,0,0,1,0,1,61716.18908040292,8,sometimes,0,1,0,20.194333041489507,27.77,665.3500000000001,939.8339685956606,361.76666666666665,24703
2018,Pacific,Oaxaca,2005003260,365,1,0,0,1,0,0,0,4,sometimes,0,1,0,20.194333041489507,27.77,905.7499999999999,1631.2336367667099,774.9833333333333,6525
2018,Pacific,Oaxaca,2005003559,370,1,0,0,1,0,0,0,1,sometimes,0,1,0,20.194333041489507,27.77,1046.1833333333334,1406.9625893962525,954.0500000000001,4014
2018,Pacific,Oaxaca,2005003815,365,1,0,0,1,0,1,41661.65640764356,7,sometimes,0,1,0,20.194333041489507,27.77,561.0166666666667,1423.0510354640553,508.01666666666665,3597
2018,Pacific,Oaxaca,2005004417,380,1,0,0,1,0,1,166646.62563057424,7,sometimes,0,1,0,20.194333041489507,27.77,286.7166666666667,600.7810401039981,232.05,5065
2018,Pacific,Oaxaca,2005004789,420,1,0,0,1,0,1,62492.48461146534,6,sometimes,0,1,0,20.194333041489507,27.77,1375.1500000000003,1606.69186828001,1127.6166666666668,9469
2018,GoM,Quintana roo,2306000841,1440,3,0,0,1,0,1,666586.502522297,9,always,1,0,0,20.194333041489507,27.77,3006.083333333331,1938.1032593846764,2125.95,36140
2018,GoM,Quintana roo,2306001401,950,2,0,0,1,0,1,347180.4700636963,8,sometimes,0,1,0,20.194333041489507,27.77,2820.533333333333,1357.529742386477,1793.0333333333333,67970
2018,GoC,Sinaloa,0305001588,450,1,0,0,1,0,0,0,5,sometimes,0,1,0,20.194333041489507,27.77,939.6833333333333,984.3912350282906,798.7333333333333,10650
2018,GoC,Sinaloa,0601001571,659,1,0,0,1,0,0,0,0,never,0,0,1,20.194333041489507,27.77,1150.1,736.2959960284084,765.3333333333334,4347
2018,GoC,Sinaloa,1802002525,730,2,0,0,1,0,1,109500.72025808983,5,sometimes,0,1,0,20.194333041489507,27.77,2260.583333333334,2560.397258493459,1679.3333333333335,12967
2018,GoC,Sinaloa,2505001798,2645,6,0,0,1,0,1,1342451.73992392,9,always,1,0,0,20.194333041489507,27.77,5710.666666666667,6297.278998038727,5179.866666666667,167032
2018,GoC,Sinaloa,2505002721,1457,3,0,0,1,0,1,1076259.4571974587,8,sometimes,0,1,0,20.194333041489507,27.77,2601.9166666666665,2904.516932646122,2069.3,33237
2018,GoC,Sinaloa,2505002846,624,1,0,0,1,0,1,543406.8717436976,6,sometimes,0,1,0,20.194333041489507,27.77,1502.8499999999995,1219.851067819893,1337.5166666666667,9190
2018,GoC,Sinaloa,2505004164,2159,4,0,0,1,0,1,1295770.7866428064,5,sometimes,0,1,0,20.194333041489507,27.77,3403.6499999999996,4740.550340225972,2921.6,66105
2018,GoC,Sinaloa,2505004263,805,2,0,0,1,0,1,548420.7795471846,5,sometimes,0,1,0,20.194333041489507,27.77,1062.85,1585.1331957951193,927.1333333333333,27000
2018,GoC,Sinaloa,2507002406,425,1,0,0,1,0,1,194915.40677065618,9,always,1,0,0,20.194333041489507,27.77,1295.9666666666678,818.3346884591895,1208.75,29380
2018,GoC,Sinaloa,2507002513,365,1,0,0,1,0,1,55548.875210191414,8,sometimes,0,1,0,20.194333041489507,27.77,959.3499999999998,1533.3078230529352,841.1166666666667,14028
2018,GoC,Sinaloa,2507002703,365,1,0,0,1,0,1,104154.1410191089,9,always,1,0,0,20.194333041489507,27.77,543.9166666666667,1123.8711023807746,522.9,NA
2018,GoC,Sinaloa,2507003503,960,2,0,0,1,0,1,744012.9291445619,5,sometimes,0,1,0,20.194333041489507,27.77,1071.7833333333333,1904.9760507478788,998.1333333333332,37901
2018,GoC,Sinaloa,2507003958,2375,5,0,0,1,0,1,1631437.3014157335,9,always,1,0,0,20.194333041489507,27.77,3058.3333333333344,4843.2355599650755,2790.6,90553
2018,GoC,Sinaloa,2507004600,365,1,0,0,1,0,1,192845.79662523168,9,always,1,0,0,20.194333041489507,27.77,1236.9666666666672,1504.5346719046493,1003.8166666666666,15472
2018,GoC,Sinaloa,2507005581,402,1,0,0,1,0,1,258281.54253514746,8,sometimes,0,1,0,20.194333041489507,27.77,1635.7666666666673,1222.4917071426657,1293.65,35303
2018,GoC,Sinaloa,2508000789,365,1,0,0,1,0,1,41661.65640764356,8,sometimes,0,1,0,20.194333041489507,27.77,501.04999999999995,1569.784392355611,415.9166666666667,4633
2018,GoC,Sinaloa,2508001050,730,2,0,0,1,0,1,294409.0386140145,8,sometimes,0,1,0,20.194333041489507,27.77,4693.9,4100.145837836257,3508.583333333333,41304
2018,GoC,Sinaloa,2508005069,1095,3,0,0,1,0,1,166646.62563057424,8,sometimes,0,1,0,20.194333041489507,27.77,2004.6166666666666,4070.940276167166,1486.9666666666667,17184
2018,GoC,Sinaloa,2508005234,3469,8,0,0,1,0,1,513827.09569427057,9,always,1,0,0,20.194333041489507,27.77,3794.1833333333334,8173.405103536486,3159,49484
2018,GoC,Sinaloa,2508005366,15448,31,0,0,1,0,1,4244578.681737369,9,always,1,0,0,20.194333041489507,27.77,40905.21666666667,46288.31199713483,31699.95,523468
2018,GoC,Sinaloa,2508005374,1582,4,0,0,1,0,1,430503.7828789835,9,always,1,0,0,20.194333041489507,27.77,3985.4333333333325,5650.616762415255,3108.8,47833
2018,GoC,Sinaloa,2508005382,20824,40,0,0,1,0,1,5602492.907074275,9,always,1,0,0,20.194333041489507,27.77,41239.416666666664,52734.53579849304,32073.883333333335,612997
2018,GoC,Sinaloa,2508005408,1980,5,0,0,1,0,1,1095458.537191981,9,always,1,0,0,20.194333041489507,27.77,4337.1,5601.144477847002,3570.7166666666667,47310
2018,GoC,Sinaloa,2508005424,1345,3,0,0,1,0,1,361067.68886624416,8,sometimes,0,1,0,20.194333041489507,27.77,3446.233333333333,3385.9448440830715,2391.6666666666665,64767
2018,GoC,Sinaloa,2508005507,1270,3,0,0,1,0,1,1024876.7476280315,8,sometimes,0,1,0,20.194333041489507,27.77,3614.6333333333337,5239.573966736969,3130.1,63963
2018,GoC,Sinaloa,2508005523,3150,7,0,0,1,0,1,804007.7870907929,9,always,1,0,0,20.194333041489507,27.77,5479.783333333334,7943.215114047981,3760.1666666666665,103729
2018,GoC,Sinaloa,2508005606,750,2,0,0,1,0,1,294409.0386140145,9,always,1,0,0,20.194333041489507,27.77,1309.4166666666665,1160.5823171006414,937.0833333333333,40943
2018,GoC,Sinaloa,2508005648,11167,25,0,0,1,0,1,3513705.1342992415,9,always,1,0,0,20.194333041489507,27.77,28568.7,36298.58962248554,22882.15,339427
2018,GoC,Sinaloa,2508005705,2315,6,0,0,1,0,1,396757.8411887922,8,sometimes,0,1,0,20.194333041489507,27.77,6664.683333333333,9685.077972817817,4798.633333333333,41150
2018,GoC,Sinaloa,2508005846,1747,5,0,0,1,0,1,813791.0218293042,9,always,1,0,0,20.194333041489507,27.77,3903.85,4108.39754199951,3106.3166666666666,46089
2018,GoC,Sinaloa,2508005853,365,1,0,0,1,0,1,52771.43144968184,8,sometimes,0,1,0,20.194333041489507,27.77,265.8333333333333,277.17578461180494,244.03333333333333,1483
2018,GoC,Sinaloa,2508005879,9811,23,0,0,1,0,1,3424102.1040502116,9,always,1,0,0,20.194333041489507,27.77,18290.566666666666,26994.857765861576,13378.866666666667,395846
2018,GoC,Sinaloa,2508005937,1202,3,0,0,1,0,1,334681.9731414033,8,sometimes,0,1,0,20.194333041489507,27.77,2910.1666666666656,3072.160372815578,2044.8833333333332,44915
2018,GoC,Sinaloa,2508005994,402,1,0,0,1,0,1,111097.75042038283,7,sometimes,0,1,0,20.194333041489507,27.77,613.6833333333333,819.8593807769964,434.7833333333333,15273
2018,GoC,Sinaloa,2508006125,3645,8,0,0,1,0,1,1933100.8573146611,9,always,1,0,0,20.194333041489507,27.77,11649.266666666668,15940.282999829176,9829.016666666666,150860
2018,GoC,Sinaloa,2508006166,480,2,0,0,1,0,1,164345.90729164466,8,sometimes,0,1,0,20.194333041489507,27.77,1398.3666666666666,2344.905644342457,1271.3666666666668,14871
2018,GoC,Sinaloa,2508006208,700,1,0,0,1,0,1,595657.5324882838,9,always,1,0,0,20.194333041489507,27.77,398.63333333333344,847.1397311229122,365.78333333333336,15695
2018,GoC,Sinaloa,2508006224,365,1,0,0,1,0,1,48605.26580891749,9,always,1,0,0,20.194333041489507,27.77,599.2666666666667,1050.8660442315056,490.4166666666667,10184
2018,GoC,Sinaloa,2508006240,1403,3,0,0,1,0,1,336070.69502165803,9,always,1,0,0,20.194333041489507,27.77,4012.4333333333334,3275.260259755271,2359,59584
2018,GoC,Sinaloa,2508006398,992,3,0,0,1,0,1,166646.62563057424,8,sometimes,0,1,0,20.194333041489507,27.77,2068.7166666666662,4900.643385850773,1585.4166666666665,32901
2018,GoC,Sinaloa,2508006661,550,1,0,0,1,0,0,0,0,never,0,0,1,20.194333041489507,27.77,895.6999999999999,511.00920889914164,608.9166666666666,10333
2018,GoC,Sinaloa,2508006778,17871,40,0,0,1,0,1,4651430.665548312,9,always,1,0,0,20.194333041489507,27.77,41379.86666666666,47092.204750922545,32463.7,590289
2018,GoC,Sinaloa,2508006810,425,1,0,0,1,0,1,77768.42529426797,6,sometimes,0,1,0,20.194333041489507,27.77,288.6166666666667,366.8668901747708,232.51666666666668,8415
2018,GoC,Sinaloa,2508006836,3712,9,0,0,1,0,1,817895.0058933407,9,always,1,0,0,20.194333041489507,27.77,7098.500000000001,10032.954805424668,5322.933333333333,99273
2018,GoC,Sinaloa,2508006869,365,1,0,0,1,0,1,199975.9507566891,7,sometimes,0,1,0,20.194333041489507,27.77,1781.8833333333334,1786.3394165261927,1418.2,21292
2018,GoC,Sinaloa,2508007073,1880,4,0,0,1,0,1,361067.68886624416,9,always,1,0,0,20.194333041489507,27.77,5018.35,4261.527168691838,3464.6000000000004,75292
2018,GoC,Sinaloa,2508007123,623,1,0,0,1,0,0,0,7,sometimes,0,1,0,20.194333041489507,27.77,71,106.54634302171468,68,807.21
2018,GoC,Sinaloa,2508007362,365,1,0,0,1,0,1,118974.08347257414,7,sometimes,0,1,0,20.194333041489507,27.77,755.9666666666666,1926.6185323711736,617.9833333333333,11700
2018,GoC,Sinaloa,2508007685,365,1,0,0,1,0,1,41661.65640764356,9,always,1,0,0,20.194333041489507,27.77,137.83333333333331,1011.006756050159,127.83333333333333,4408
2018,GoC,Sinaloa,2508007693,400,1,0,0,1,0,1,152759.40682802637,8,sometimes,0,1,0,20.194333041489507,27.77,717.6333333333334,1589.809316349073,586.6166666666667,7265
2018,GoC,Sinaloa,2508007867,400,1,0,0,1,0,1,91655.64409681583,9,always,1,0,0,20.194333041489507,27.77,1091.5833333333333,998.194946995941,921.6666666666667,9794
2018,GoC,Sinaloa,2508007909,2150,6,0,0,1,0,1,687417.3307261188,8,sometimes,0,1,0,20.194333041489507,27.77,5345.6,5672.121434614509,3888.4,98765
2018,GoC,Sinaloa,2508007933,1070,2,0,0,1,0,1,340236.86066242243,9,always,1,0,0,20.194333041489507,27.77,2786.3333333333335,4116.469362605501,2310.383333333333,24645
2018,GoC,Sinaloa,2508007941,470,1,0,0,1,0,1,249969.93844586136,9,always,1,0,0,20.194333041489507,27.77,1210.5666666666666,1301.193871451195,809.0333333333333,22365
2018,GoC,Sinaloa,2508008428,365,1,0,0,1,0,1,101977.78583363499,9,always,1,0,0,20.194333041489507,27.77,866.1166666666667,831.2043900518305,596.0166666666667,21954
2018,GoC,Sinaloa,2508008444,750,2,0,0,1,0,1,324401.2857890693,9,always,1,0,0,20.194333041489507,27.77,2618.4333333333325,3106.6486854803425,2001.1333333333332,43940
2018,GoC,Sinaloa,2508008469,365,1,0,0,1,0,1,155087.79596859985,9,always,1,0,0,20.194333041489507,27.77,1001.7500000000006,1516.9255551208132,844.7,17092
2018,GoC,Sinaloa,2508008477,835,2,0,0,1,0,1,432576.5021032443,9,always,1,0,0,20.194333041489507,27.77,1736.6833333333334,3096.4542505322715,1457.45,50360
2018,GoC,Sinaloa,2508008485,815,2,0,0,1,0,1,394023.92453199206,9,always,1,0,0,20.194333041489507,27.77,2216.15,2830.0743676028924,1939.3666666666666,52795
2018,GoC,Sinaloa,2508008493,785,2,0,0,1,0,1,356922.25041772245,9,always,1,0,0,20.194333041489507,27.77,2082.95,2032.0021742209824,1488.35,34520
2018,GoC,Sinaloa,2508008501,804,2,0,0,1,0,1,313747.50897636847,7,sometimes,0,1,0,20.194333041489507,27.77,1520.8333333333333,1787.3361367489365,1127.95,31747
2018,GoC,Sinaloa,2508008733,402,1,0,0,1,0,1,324995.3271187425,9,always,1,0,0,20.194333041489507,27.77,1181.1499999999999,1864.695405281657,889.4166666666666,23975
2018,GoC,Sinaloa,2508009053,11661,26,0,0,1,0,1,9252101.22492778,9,always,1,0,0,20.194333041489507,27.77,31543.433333333334,33084.62011851398,26746.1,534235
2018,GoC,Sinaloa,2508009079,815,2,0,0,1,0,1,401112.62427896424,9,always,1,0,0,20.194333041489507,27.77,1803.3333333333335,2770.9607636142105,1432.8333333333335,49039
2018,GoC,Sinaloa,2508009095,365,1,0,0,1,0,1,41661.65640764356,8,sometimes,0,1,0,20.194333041489507,27.77,1004.3333333333335,1983.2451931466267,792.5333333333333,14643
2018,GoC,Sinaloa,2508009111,365,1,0,0,1,0,1,166646.62563057424,7,sometimes,0,1,0,20.194333041489507,27.77,641.1499999999999,991.7794250266716,481.8833333333333,9373
2018,GoC,Sinaloa,2508009202,365,1,0,0,1,0,1,549933.8645808949,8,sometimes,0,1,0,20.194333041489507,27.77,826.3000000000002,1382.4266195225428,624.4666666666667,54581
2018,GoC,Sinaloa,2508009210,804,2,0,0,1,0,1,648456.8420115319,9,always,1,0,0,20.194333041489507,27.77,1784.8333333333337,2434.1454337001205,1394.5500000000002,39147
2018,GoC,Sinaloa,2508009368,500,1,0,0,1,0,1,291631.5948535049,8,sometimes,0,1,0,20.194333041489507,27.77,1555.6166666666668,1647.9081884994364,1312.0166666666667,13511
2018,GoC,Sinaloa,2508009822,730,2,0,0,1,0,1,456889.49860382435,8,sometimes,0,1,0,20.194333041489507,27.77,2529.833333333333,2249.3918120899784,1507,25411
2018,GoC,Sinaloa,2508009897,1630,4,0,0,1,0,1,526709.0456730518,8,sometimes,0,1,0,20.194333041489507,27.77,4420.533333333333,6133.985975789721,3446.383333333333,71137
2018,GoC,Sinaloa,2508009921,2505,5,0,0,1,0,1,1173469.9888152936,9,always,1,0,0,20.194333041489507,27.77,6292.966666666666,7554.845787847983,4774.133333333333,90403
2018,GoC,Sinaloa,2508009947,365,1,0,0,1,0,1,97120.2646956184,9,always,1,0,0,20.194333041489507,27.77,819.7000000000002,1482.1783830949723,648.05,7981
2018,GoC,Sinaloa,2508010168,894,2,0,0,1,0,1,305518.81365605275,9,always,1,0,0,20.194333041489507,27.77,1563.6999999999998,2379.75197434194,1464.5333333333333,33415
2018,GoC,Sinaloa,2508010481,1440,3,0,0,1,0,1,1020843.754197426,8,sometimes,0,1,0,20.194333041489507,27.77,2657.85,2378.6234166007184,1836.2166666666667,48841
2018,GoC,Sinaloa,2508010507,520,1,0,0,1,0,1,505121.6749523749,9,always,1,0,0,20.194333041489507,27.77,455.8666666666667,577.563539077448,333.85,36994
2018,GoC,Sinaloa,2508010556,822,2,0,0,1,0,1,708248.1589299405,9,always,1,0,0,20.194333041489507,27.77,2325.933333333334,3283.288260947972,1686.2166666666667,96052
2018,GoC,Sinaloa,2508010614,365,1,0,0,1,0,1,208308.2820382178,9,always,1,0,0,20.194333041489507,27.77,1210.6500000000005,977.0093578001864,865.1,13795
2018,GoC,Sinaloa,2508010762,1565,4,0,0,1,0,1,1227775.2324909284,9,always,1,0,0,20.194333041489507,27.77,2971.116666666667,3831.9639349136232,2195.5,57169.270000000004
2018,GoC,Sinaloa,2508010788,1751,5,0,0,1,0,1,1131211.1819991404,9,always,1,0,0,20.194333041489507,27.77,4731.700000000001,8104.185391001895,3787.6833333333334,43523
2018,GoC,Sinaloa,2508010838,1429,4,0,0,1,0,1,662420.3368815326,9,always,1,0,0,20.194333041489507,27.77,3553.2333333333336,5308.860216880457,2633.616666666667,43588
2018,GoC,Sinaloa,2508010986,1515,4,0,0,1,0,1,340236.86066242243,9,always,1,0,0,20.194333041489507,27.77,2913.3500000000004,4933.079188701871,2173.1833333333334,35857
2018,GoC,Sinaloa,2508011182,9551,22,0,0,1,0,1,6414891.040857684,9,always,1,0,0,20.194333041489507,27.77,30290.08333333333,32117.986463807858,25903.8,481466
2018,GoC,Sinaloa,2508011232,365,1,0,0,1,0,1,55548.875210191414,6,sometimes,0,1,0,20.194333041489507,27.77,226.06666666666658,772.94551211191515,195.81666666666666,5095
2018,GoC,Sinaloa,2508011240,2281,4,0,0,1,0,1,889258.7287846426,9,always,1,0,0,20.194333041489507,27.77,3790.600000000001,4268.615827688449,3055.133333333333,51396
2018,GoC,Sinaloa,2508011265,365,1,0,0,1,0,1,148593.24118726203,7,sometimes,0,1,0,20.194333041489507,27.77,1751.7833333333328,1823.456206331245,1394.0833333333333,22165
2018,GoC,Sinaloa,2508011489,1033,2,0,0,1,0,1,395785.73587261385,8,sometimes,0,1,0,20.194333041489507,27.77,2478.65,2799.3756429645273,2132.5666666666666,30788
2018,GoC,Sinaloa,2508011547,1381,3,0,0,1,0,1,995019.2272025537,9,always,1,0,0,20.194333041489507,27.77,3278.266666666667,4490.349884037871,2509.65,76419
2018,GoC,Sinaloa,2508011828,1230,2,0,0,1,0,1,108320.30665987325,4,sometimes,0,1,0,20.194333041489507,27.77,1144.0000000000002,2452.934933797822,975.0333333333333,18554
2018,GoC,Sinaloa,2508013790,1169,3,0,0,1,0,1,258302.26972739008,8,sometimes,0,1,0,20.194333041489507,27.77,2404.783333333333,2938.274317437831,1804.45,34688
2018,GoC,Sinaloa,2508014624,365,1,0,0,1,0,1,83323.31281528712,7,sometimes,0,1,0,20.194333041489507,27.77,2,0,0,4410
2018,GoC,Sinaloa,2508014632,365,1,0,0,1,0,1,291217.0510086527,9,always,1,0,0,20.194333041489507,27.77,676.0999999999999,707.0548641500993,624.8166666666666,7292
2018,GoC,Sinaloa,2508015001,1091,3,0,0,1,0,1,542430.6209890706,8,sometimes,0,1,0,20.194333041489507,27.77,1508.716666666667,2288.0638319074455,1040.4166666666665,31614
2018,GoC,Sinaloa,2508015969,365,1,0,0,1,0,1,142913.99051278725,8,sometimes,0,1,0,20.194333041489507,27.77,1343.5,1818.2346625823213,1122.9333333333334,16083
2018,GoC,Sinaloa,2508016017,365,1,0,0,1,0,1,607121.431609787,6,sometimes,0,1,0,20.194333041489507,27.77,1136.2999999999997,1009.6430423237205,831.0166666666667,53817
2018,GoC,Sinaloa,2508016041,503,1,0,0,1,0,1,180533.84443312208,6,sometimes,0,1,0,20.194333041489507,27.77,1489.8166666666666,1530.5193610415574,1036.5666666666666,12512
2018,GoC,Sinaloa,2508016116,365,1,0,0,1,0,1,238860.16340382307,6,sometimes,0,1,0,20.194333041489507,27.77,1013.9666666666665,1512.9153812110933,803.6333333333333,28187
2018,GoC,Sinaloa,2508016298,600,1,0,0,1,0,1,152759.40682802637,5,sometimes,0,1,0,20.194333041489507,27.77,856.0666666666666,1180.2526858034425,628.5333333333333,20132
2018,GoC,Sinaloa,2508016678,1177,3,0,0,1,0,1,236082.7196433135,5,sometimes,0,1,0,20.194333041489507,27.77,2142.0499999999997,3497.815041342111,1642.85,22174
2018,GoC,Sinaloa,2508016751,1045,2,0,0,1,0,1,111097.75042038283,5,sometimes,0,1,0,20.194333041489507,27.77,1768.4499999999996,2981.4049130239046,1394.4333333333334,16759
2018,GoC,Sinaloa,2508016843,9215,22,0,0,1,0,1,5321851.6571811065,5,sometimes,0,1,0,20.194333041489507,27.77,22757.333333333332,27525.039038764407,17335.88333333333,418204
2018,GoC,Sinaloa,2508017098,753,2,0,0,1,0,1,528797.5175634172,4,sometimes,0,1,0,20.194333041489507,27.77,2283.1500000000005,1783.6385847998313,1385.3166666666666,51390
2018,GoC,Sinaloa,2508017585,767,2,0,0,1,0,1,467999.27364586265,4,sometimes,0,1,0,20.194333041489507,27.77,2358.2166666666667,2313.878199121925,1634.9166666666667,34920
2018,GoC,Sinaloa,2508018161,2102,4,0,0,1,0,1,12328312.99403437,2,sometimes,0,1,0,20.194333041489507,27.77,89.18333333333334,79.09637437438859,73.18333333333334,6874
2018,GoC,Sinaloa,2508072853,960,2,0,0,1,0,0,0,0,never,0,0,1,20.194333041489507,27.77,989.0166666666669,2300.597781590123,792.8500000000001,NA
2018,GoC,Sinaloa,2508072879,4342,8,0,0,1,0,0,0,0,never,0,0,1,20.194333041489507,27.77,12562.683333333336,8651.6887639945,8295.55,NA
2018,GoC,Sinaloa,2511000065,1460,4,0,0,1,0,1,518636.57120066875,8,sometimes,0,1,0,20.194333041489507,27.77,4173.833333333333,3642.6420983237867,3806.4333333333334,86552
2018,GoC,Sinaloa,2511000099,1192,3,0,0,1,0,1,278925.82600878575,9,always,1,0,0,20.194333041489507,27.77,3116.866666666667,3884.517283619524,2891.5833333333335,59201
2018,GoC,Sinaloa,2511000917,365,1,0,0,1,0,1,187477.45383439603,8,sometimes,0,1,0,20.194333041489507,27.77,358.0333333333333,1018.3185298611235,339.03333333333336,6932
2018,GoC,Sinaloa,2511001345,2358,6,0,0,1,0,1,1443530.566702801,8,sometimes,0,1,0,20.194333041489507,27.77,6526.216666666666,6749.271064635274,5939.583333333333,164467
2018,GoC,Sinaloa,2511001436,510,1,0,0,1,0,1,277744.3760509571,9,always,1,0,0,20.194333041489507,27.77,257.8666666666666,403.77050712068865,245.86666666666667,6400
2018,GoC,Sinaloa,2511001691,425,1,0,0,1,0,1,88878.20033630625,9,always,1,0,0,20.194333041489507,27.77,693.5333333333332,767.9495916272124,501.4666666666667,15106
2018,GoC,Sinaloa,2511001790,992,2,0,0,1,0,1,827678.2406318521,9,always,1,0,0,20.194333041489507,27.77,1796.9166666666663,2491.003333848797,1303.8166666666666,61609
2018,GoC,Sinaloa,2511001972,450,1,0,0,1,0,1,124614.18048090265,8,sometimes,0,1,0,20.194333041489507,27.77,448.8166666666668,987.6618432724458,399.73333333333335,8775
2018,GoC,Sinaloa,2511002020,425,1,0,0,1,0,1,55548.875210191414,7,sometimes,0,1,0,20.194333041489507,27.77,162.41666666666663,361.70895981935877,137.53333333333333,31010
2018,GoC,Sinaloa,2511002079,365,1,0,0,1,0,1,218360.97027588304,8,sometimes,0,1,0,20.194333041489507,27.77,331.1833333333334,513.9651042032026,316.18333333333334,1790
2018,GoC,Sinaloa,2511002111,342,1,0,0,1,0,1,180430.20847190905,9,always,1,0,0,20.194333041489507,27.77,1368.7500000000005,822.1571230994359,1259.3333333333333,19868
2018,GoC,Sinaloa,2511002145,365,1,0,0,1,0,1,111097.75042038283,9,always,1,0,0,20.194333041489507,27.77,685.8666666666669,484.0807361093018,627.1333333333333,21070
2018,GoC,Sinaloa,2511002236,1995,5,0,0,1,0,1,326246.0058986615,4,sometimes,0,1,0,20.194333041489507,27.77,3644.466666666668,5014.770375723191,3368.15,91426
2018,GoC,Sinaloa,2511002244,338,1,0,0,1,0,1,55548.875210191414,2,sometimes,0,1,0,20.194333041489507,27.77,143.08333333333337,424.83789431471956,139.7,2230
2018,GoC,Sinaloa,2511002277,455,1,0,0,1,0,0,0,0,never,0,0,1,20.194333041489507,27.77,873.5333333333331,978.7205001742548,761.0333333333333,1400
2018,GoC,Sinaloa,2511002293,365,1,0,0,1,0,1,97210.53161783497,3,sometimes,0,1,0,20.194333041489507,27.77,942.3666666666664,1242.46505567925,800.3,14212
2018,GoC,Sonora,2603007499,4109,7,0,0,1,0,1,2279477.112319344,6,sometimes,0,1,0,20.194333041489507,27.77,7181.716666666667,5441.355876561656,4280.85,144688
2018,GoC,Sonora,2604000923,804,2,0,0,1,0,0,0,6,sometimes,0,1,0,20.194333041489507,27.77,1074.8666666666668,1295.3507932649648,943.6166666666667,30560
2018,GoC,Sonora,2604001400,450,1,0,0,1,0,1,208308.2820382178,6,sometimes,0,1,0,20.194333041489507,27.77,53.483333333333334,343.72899560131714,52.483333333333334,4600
2018,GoC,Sonora,2604001616,365,1,0,0,1,0,1,84712.03469554191,8,sometimes,0,1,0,20.194333041489507,27.77,757.8000000000001,993.446686110062,650.1166666666667,11950
2018,GoC,Sonora,2604001848,350,1,0,0,1,0,1,76339.4304794858,6,sometimes,0,1,0,20.194333041489507,27.77,891.6,675.8427188170267,825.3666666666667,20155
2018,GoC,Sonora,2604006003,402,1,0,0,1,0,1,41661.65640764356,9,always,1,0,0,20.194333041489507,27.77,459.5833333333333,532.9104202491716,437.1,12700
2018,GoC,Sonora,2604006086,385,1,0,0,1,0,1,43050.37828789835,7,sometimes,0,1,0,20.194333041489507,27.77,290.31666666666666,574.338908221625,252.21666666666667,4620
2018,GoC,Sonora,2604006110,13609,27,0,0,1,0,1,5306450.731529081,9,always,1,0,0,20.194333041489507,27.77,31344.699999999997,32176.526876475207,26407.166666666668,651283
2018,GoC,Sonora,2604006342,890,2,0,0,1,0,1,194421.06323566995,8,sometimes,0,1,0,20.194333041489507,27.77,697.9,1539.285457926812,537.3,14550
2018,GoC,Sonora,2604006433,525,1,0,0,1,0,1,41661.65640764356,8,sometimes,0,1,0,20.194333041489507,27.77,258,505.07271138297517,207,4530
2018,GoC,Sonora,2604006458,867,2,0,0,1,0,1,118041.35982165675,8,sometimes,0,1,0,20.194333041489507,27.77,1180.4500000000003,1089.8869460169676,1120.3666666666668,44270
2018,GoC,Sonora,2604006839,365,1,0,0,1,0,1,27774.437605095707,7,sometimes,0,1,0,20.194333041489507,27.77,483.83333333333326,400.0510694068524,459.8333333333333,5654
2018,GoC,Sonora,2604007514,470,1,0,0,1,0,1,249969.93844586136,8,sometimes,0,1,0,20.194333041489507,27.77,506.46666666666675,603.0246085519108,484.3333333333333,13955
2018,GoC,Sonora,2604007720,2915,7,0,0,1,0,1,776295.531062425,9,always,1,0,0,20.194333041489507,27.77,5222.816666666667,5581.400186974355,4869.05,94390
2018,GoC,Sonora,2604007803,365,1,0,0,1,0,1,37495.49076687921,9,always,1,0,0,20.194333041489507,27.77,528.4333333333334,812.0458469123179,519.3666666666667,10316
2018,GoC,Sonora,2604007811,1619,3,0,0,1,0,1,145815.79742675246,9,always,1,0,0,20.194333041489507,27.77,544.0666666666666,797.563254965509,448.2,33414
2018,GoC,Sonora,2604007845,425,1,0,0,1,0,1,76379.70341401319,9,always,1,0,0,20.194333041489507,27.77,547.6333333333333,662.3261662739267,467.9166666666667,11024
2018,GoC,Sonora,2604007860,503,1,0,0,1,0,1,87489.47845605148,7,sometimes,0,1,0,20.194333041489507,27.77,815.8333333333334,1329.2852960251778,599.25,16590
2018,GoC,Sonora,2604008082,420,1,0,0,1,0,1,20830.82820382178,9,always,1,0,0,20.194333041489507,27.77,109.86666666666667,158.7124882342856,108.86666666666667,2704
2018,GoC,Sonora,2604008116,365,1,0,0,1,0,1,34718.047006369634,7,sometimes,0,1,0,20.194333041489507,27.77,320.8333333333333,583.4196770656866,285.3,3792
2018,GoC,Sonora,2604008165,1300,3,0,0,1,0,1,395785.73587261385,8,sometimes,0,1,0,20.194333041489507,27.77,3148.8333333333326,3496.5848973612265,2932.7833333333333,52232
2018,GoC,Sonora,2604008322,1240,3,0,0,1,0,1,444391.0016815313,8,sometimes,0,1,0,20.194333041489507,27.77,1901.133333333333,2257.574899409268,1688.6833333333334,68315
2018,GoC,Sonora,2604008447,1275,3,0,0,1,0,1,237471.4415235683,9,always,1,0,0,20.194333041489507,27.77,1643.5833333333337,2653.490844351625,1444.15,21794
2018,GoC,Sonora,2604008637,402,1,0,0,1,0,0,0,6,sometimes,0,1,0,20.194333041489507,27.77,36.83333333333333,293.94590620592123,36.83333333333333,2460
2018,GoC,Sonora,2604009023,225,1,0,0,1,0,1,41661.65640764356,8,sometimes,0,1,0,20.194333041489507,27.77,300.7666666666668,171.4868463819034,300.76666666666665,6200
2018,GoC,Sonora,2604009171,7580,15,0,0,1,0,1,1986755.515880185,9,always,1,0,0,20.194333041489507,27.77,15718.2,15519.983729702166,13461.066666666668,273740
2018,GoC,Sonora,2604009734,365,1,0,0,1,0,0,0,4,sometimes,0,1,0,20.194333041489507,27.77,60.03333333333333,187.57534583311192,58.03333333333333,3090
2018,GoC,Sonora,2604009809,1890,4,0,0,1,0,1,180533.84443312208,9,always,1,0,0,20.194333041489507,27.77,1637.4333333333336,3001.63708002343,1446,16837
2018,GoC,Sonora,2604009999,1276,3,0,0,1,0,1,263857.15724840923,9,always,1,0,0,20.194333041489507,27.77,1152.65,1772.9784424818924,1035.05,19192
2018,GoC,Sonora,2604010476,365,1,0,0,1,0,1,111097.75042038283,7,sometimes,0,1,0,20.194333041489507,27.77,8.733333333333334,3.702062389418125,3.7333333333333334,5285
2018,GoC,Sonora,2604010609,402,1,0,0,1,0,1,21247.444767898214,8,sometimes,0,1,0,20.194333041489507,27.77,146.11666666666667,337.2227360277388,143.11666666666667,8730
2018,GoC,Sonora,2604010641,1890,5,0,0,1,0,1,904057.9440458652,8,sometimes,0,1,0,20.194333041489507,27.77,3523.816666666666,4572.318032071259,3225.35,112805
2018,GoC,Sonora,2604010781,520,1,0,0,1,0,1,111097.75042038283,9,always,1,0,0,20.194333041489507,27.77,1451.6833333333327,1052.640738412755,1281.6833333333334,22565
2018,GoC,Sonora,2604011133,835,2,0,0,1,0,0,0,6,sometimes,0,1,0,20.194333041489507,27.77,1747.133333333333,2127.626922237334,1486.6833333333332,24070
2018,GoC,Sonora,2604011300,2155,4,0,0,1,0,1,523657.8578845942,9,always,1,0,0,20.194333041489507,27.77,4049.083333333333,3631.413467398607,3553.9,92200
2018,GoC,Sonora,2604011359,365,1,0,0,1,0,0,0,3,sometimes,0,1,0,20.194333041489507,27.77,376.58333333333337,63.79428814449852,347.6,200
2018,GoC,Sonora,2604011409,3304,8,0,0,1,0,1,594372.9647490481,9,always,1,0,0,20.194333041489507,27.77,2404.0666666666666,5966.772210979666,2127.9666666666667,42885
2018,GoC,Sonora,2604011425,790,2,0,0,1,0,1,444391.0016815313,8,sometimes,0,1,0,20.194333041489507,27.77,1537.3166666666668,1781.3815102058836,1226.9666666666667,23880
2018,GoC,Sonora,2604011458,1438,3,0,0,1,0,1,277744.3760509571,7,sometimes,0,1,0,20.194333041489507,27.77,2507.133333333333,3621.276284519359,2116.666666666667,42210
2018,GoC,Sonora,2604011540,365,1,0,0,1,0,1,62492.48461146534,9,always,1,0,0,20.194333041489507,27.77,467.3999999999999,638.6194794862355,432.4,7970
2018,GoC,Sonora,2604011557,1003,2,0,0,1,0,1,201261.03667573084,9,always,1,0,0,20.194333041489507,27.77,1245.683333333333,1755.5445542157524,1042.5,16412
2018,GoC,Sonora,2604011573,1212,3,0,0,1,0,1,206919.56015796302,8,sometimes,0,1,0,20.194333041489507,27.77,978.3833333333337,1753.4283208809418,899.0333333333333,14800
2018,GoC,Sonora,2604011581,425,1,0,0,1,0,1,55548.875210191414,9,always,1,0,0,20.194333041489507,27.77,466.7333333333333,687.2269710508504,439.1,9350
2018,GoC,Sonora,2604011664,1732,4,0,0,1,0,1,166646.62563057424,8,sometimes,0,1,0,20.194333041489507,27.77,1850.5500000000002,2525.9167327761556,1720.2166666666667,42800
2018,GoC,Sonora,2604609541,420,1,0,0,1,0,1,23608.27196433135,5,sometimes,0,1,0,20.194333041489507,27.77,1198.8000000000002,1048.2212294255053,1117.3166666666666,14090
2018,GoC,Sonora,2604609947,365,1,0,0,1,0,1,198622.46510324674,6,sometimes,0,1,0,20.194333041489507,27.77,1099.7833333333338,1073.0333165788784,993.5166666666667,12860
2018,GoC,Sonora,2604609970,365,1,0,0,1,0,1,83323.31281528712,3,sometimes,0,1,0,20.194333041489507,27.77,1066.75,1017.0044590188521,681.3333333333334,16860
2018,GoC,Sonora,2604612081,708,2,0,0,1,0,0,0,3,sometimes,0,1,0,20.194333041489507,27.77,1956.7166666666667,2587.641026498837,1771.6666666666665,31441
2018,GoC,Sonora,2604612750,420,1,0,0,1,0,1,51382.709569427054,5,sometimes,0,1,0,20.194333041489507,27.77,420.85,745.9655300208432,306.2833333333333,13690
2018,GoC,Sonora,2604613758,790,2,0,0,1,0,1,108320.30665987325,5,sometimes,0,1,0,20.194333041489507,27.77,1183.4666666666665,1354.1170428264834,1154.7,25180
2018,GoC,Sonora,2604615076,355,1,0,0,1,0,0,0,1,sometimes,0,1,0,20.194333041489507,27.77,500.06666666666666,612.8642554623725,470.9,8100
2018,GoC,Sonora,2604615274,2080,4,0,0,1,0,0,0,0,never,0,0,1,20.194333041489507,27.77,2474.9500000000003,4031.545272232343,2188.266666666667,NA
2018,GoC,Sonora,2607002082,3049,6,0,0,1,0,1,1073482.013436949,9,always,1,0,0,20.194333041489507,27.77,7943.966666666669,5586.905367193168,4383.233333333334,110231
2018,GoC,Sonora,2607002108,400,1,0,0,1,0,1,27774.437605095707,4,sometimes,0,1,0,20.194333041489507,27.77,363.4000000000001,697.753116232183,342.4,10887
2018,GoC,Sonora,2607002389,614,1,0,0,1,0,1,138872.18802547854,6,sometimes,0,1,0,20.194333041489507,27.77,345.81666666666666,1106.9172917617657,244.79999999999998,5992
2018,GoC,Sonora,2607002652,443,1,0,0,1,0,0,0,0,never,0,0,1,20.194333041489507,27.77,776.9,730.8570879089239,669.6333333333333,12865
2018,GoC,Sonora,2607002660,889,1,0,0,1,0,1,124984.96922293068,5,sometimes,0,1,0,20.194333041489507,27.77,379.13333333333327,674.9407227949558,267.93333333333334,9050
2018,GoC,Sonora,2607002678,405,1,0,0,1,0,1,243026.32904458744,7,sometimes,0,1,0,20.194333041489507,27.77,575.2833333333334,865.9003374152792,528.2833333333333,7642
2018,GoC,Sonora,2607002835,600,1,0,0,1,0,1,263857.15724840923,3,sometimes,0,1,0,20.194333041489507,27.77,1835.6166666666663,959.3185173965483,1294.15,26818
2018,GoC,Sonora,2607003130,540,1,0,0,1,0,1,78185.04185834441,7,sometimes,0,1,0,20.194333041489507,27.77,862.9333333333333,1164.9283525097385,657.1166666666667,10550
2018,GoC,Sonora,2607003312,503,1,0,0,1,0,1,222195.50084076566,6,sometimes,0,1,0,20.194333041489507,27.77,184.4833333333333,513.6680216677338,161.96666666666667,5974
2018,GoC,Sonora,2607003387,3210,5,0,0,1,0,1,997241.1822109614,8,sometimes,0,1,0,20.194333041489507,27.77,6792.0999999999995,5793.694908734257,5274.716666666666,146417
2018,GoC,Sonora,2607003452,450,1,0,0,1,0,1,333293.2512611485,9,always,1,0,0,20.194333041489507,27.77,1470.4666666666665,1072.276927087932,1047.4,16159
2018,GoC,Sonora,2607003460,3453,6,0,0,1,0,1,1756733.1785223035,8,sometimes,0,1,0,20.194333041489507,27.77,10736.199999999997,7968.9322504931315,7675.116666666667,192356
2018,GoC,Sonora,2607003528,520,1,0,0,1,0,1,270800.7666496831,5,sometimes,0,1,0,20.194333041489507,27.77,1925.2499999999995,1012.931378146361,1185.9333333333334,52436
2018,GoC,Sonora,2607003569,365,1,0,0,1,0,1,47216.5439286627,5,sometimes,0,1,0,20.194333041489507,27.77,752.9333333333327,849.5688871948962,608.5333333333333,5979
2018,GoC,Sonora,2607003676,365,1,0,0,1,0,1,54160.15332993663,7,sometimes,0,1,0,20.194333041489507,27.77,588.1999999999999,664.2556340110697,443.18333333333334,6336
2018,GoC,Sonora,2607003700,1250,3,0,0,1,0,1,219418.05708025608,8,sometimes,0,1,0,20.194333041489507,27.77,1660.3166666666666,3161.5103822645033,1226.4833333333333,16579
2018,GoC,Sonora,2607003726,402,1,0,0,1,0,1,124984.96922293068,8,sometimes,0,1,0,20.194333041489507,27.77,884.7333333333333,1189.3168549562727,723.7333333333333,14233
2018,GoC,Sonora,2607003734,920,2,0,0,1,0,1,549933.8645808949,9,always,1,0,0,20.194333041489507,27.77,3053.8833333333314,2715.4533737480633,2395.2333333333336,43923
2018,GoC,Sonora,2607003874,365,1,0,0,1,0,1,145815.79742675246,7,sometimes,0,1,0,20.194333041489507,27.77,304,1036.617610324693,283,2767
2018,GoC,Sonora,2607003890,1509,3,0,0,1,0,1,983937.2265981205,9,always,1,0,0,20.194333041489507,27.77,3940.3,3100.9232623935245,2747.1,61738
2018,GoC,Sonora,2607004054,989,2,0,0,1,0,1,451334.6110828052,9,always,1,0,0,20.194333041489507,27.77,3477.566666666666,2078.514258948696,2197.016666666667,37842
2018,GoC,Sonora,2607004070,624,1,0,0,1,0,1,62152.24775080291,6,sometimes,0,1,0,20.194333041489507,27.77,797.8166666666668,699.4239943223477,570.6666666666666,17150
2018,GoC,Sonora,2607004088,1569,3,0,0,1,0,1,137044.63003106322,8,sometimes,0,1,0,20.194333041489507,27.77,1192.3666666666666,3026.5251122488658,933.6999999999999,46675
2018,GoC,Sonora,2607004104,1335,3,0,0,1,0,1,1113088.3614618157,8,sometimes,0,1,0,20.194333041489507,27.77,5539.333333333333,4350.555898673621,4123.933333333333,46337
2018,GoC,Sonora,2607004138,520,1,0,0,1,0,1,111097.75042038283,7,sometimes,0,1,0,20.194333041489507,27.77,889.2333333333333,865.3566744897007,686.2166666666667,13613
2018,GoC,Sonora,2607004179,450,1,0,0,1,0,1,138872.18802547854,8,sometimes,0,1,0,20.194333041489507,27.77,724.0333333333332,1693.6503199872445,637.0166666666667,17105
2018,GoC,Sonora,2607004294,365,1,0,0,1,0,1,97210.53161783497,9,always,1,0,0,20.194333041489507,27.77,858.2500000000001,1028.9404083366803,786.5333333333333,10054
2018,GoC,Sonora,2607004302,420,1,0,0,1,0,1,361039.9144286391,8,sometimes,0,1,0,20.194333041489507,27.77,700.5166666666667,852.7269992210929,510.85,25878
2018,GoC,Sonora,2607004351,450,1,0,0,1,0,1,155536.85058853595,8,sometimes,0,1,0,20.194333041489507,27.77,761.8666666666667,1289.6296601264223,632.5166666666667,7368
2018,GoC,Sonora,2607004369,540,1,0,0,1,0,0,0,7,sometimes,0,1,0,20.194333041489507,27.77,1348.3,796.8183745629084,776.25,12791
2018,GoC,Sonora,2607004385,840,2,0,0,1,0,1,211085.72579872736,8,sometimes,0,1,0,20.194333041489507,27.77,1576.9333333333336,2305.236322687196,1246.0333333333333,29521
2018,GoC,Sonora,2607004393,624,1,0,0,1,0,1,69436.09401273927,8,sometimes,0,1,0,20.194333041489507,27.77,901.1500000000001,1103.764459586247,753.2333333333333,23688
2018,GoC,Sonora,2607004401,624,1,0,0,1,0,1,208308.2820382178,9,always,1,0,0,20.194333041489507,27.77,2056.9666666666667,1157.474531981841,1384.6333333333334,24362
2018,GoC,Sonora,2607010853,450,1,0,0,1,0,1,166646.62563057424,9,always,1,0,0,20.194333041489507,27.77,535.4166666666667,807.3550542687188,344.6166666666667,10067
2018,GoC,Sonora,2607010861,450,1,0,0,1,0,1,205530.83827770822,8,sometimes,0,1,0,20.194333041489507,27.77,945.4333333333334,560.1734644463875,524.0833333333334,17183.5
2018,GoC,Sonora,2607100043,402,1,0,0,1,0,1,186783.09289426863,5,sometimes,0,1,0,20.194333041489507,27.77,81.11666666666666,130.3770865958929,78.11666666666667,NA
2018,GoC,Sonora,2607100142,450,1,0,0,1,0,1,97210.53161783497,3,sometimes,0,1,0,20.194333041489507,27.77,1062.383333333333,942.2428597134253,647.9666666666667,25711.5
2018,GoC,Sonora,2607101918,503,1,0,0,1,0,1,277744.3760509571,5,sometimes,0,1,0,20.194333041489507,27.77,1749.6833333333316,973.9396502393053,933.3166666666666,12941
2018,GoC,Sonora,2607102270,365,1,0,0,1,0,0,0,0,never,0,0,1,20.194333041489507,27.77,518.9166666666669,943.6514666539784,390.56666666666666,NA
2018,GoC,Sonora,2607602931,450,1,0,0,1,0,0,0,1,sometimes,0,1,0,20.194333041489507,27.77,887.5999999999999,1005.3546739855424,718.7,9407
2018,GoC,Sonora,2607603012,3837,8,0,0,1,0,1,374954.90766879206,7,sometimes,0,1,0,20.194333041489507,27.77,2494.366666666667,6000.857431258068,2178.8166666666666,148468
2018,GoC,Sonora,2607603699,540,1,0,0,1,0,1,291631.5948535049,5,sometimes,0,1,0,20.194333041489507,27.77,901.3499999999999,983.283540333647,691.7666666666667,13620
2018,GoC,Sonora,2607603707,2710,5,0,0,1,0,1,1409552.708458607,7,sometimes,0,1,0,20.194333041489507,27.77,7944.933333333331,6681.328259495822,5737.533333333334,114359
2018,GoC,Sonora,2607603772,520,1,0,0,1,0,1,374954.90766879206,7,sometimes,0,1,0,20.194333041489507,27.77,833.0999999999999,780.6878418990866,538.6333333333333,10100
2018,GoC,Sonora,2607603780,520,1,0,0,1,0,1,124984.96922293068,4,sometimes,0,1,0,20.194333041489507,27.77,1443.8333333333335,1532.76738307412,1140.55,26503
2018,GoC,Sonora,2607603798,1510,3,0,0,1,0,1,767407.7110287944,4,sometimes,0,1,0,20.194333041489507,27.77,4820.733333333332,2876.2188944783566,3074.8166666666666,44888
2018,GoC,Sonora,2607604549,503,1,0,0,1,0,1,201364.67263694387,3,sometimes,0,1,0,20.194333041489507,27.77,1509.8833333333334,644.8095155137389,788.95,6750
2018,GoC,Sonora,2607604754,450,1,0,0,1,0,0,0,0,never,0,0,1,20.194333041489507,27.77,1036.5166666666667,983.3939559861102,697.6,11308
2018,GoM,Tamaulipas,0402006290,450,1,0,0,1,0,1,517541.40854414605,8,sometimes,0,1,0,20.194333041489507,27.77,1123.0666666666668,613.8993867414256,804.1666666666666,29348
2018,GoM,Tamaulipas,2808000679,402,1,0,0,1,0,1,361039.9144286391,9,always,1,0,0,20.194333041489507,27.77,1358.85,807.6607564082448,614.9833333333333,27567
2018,GoM,Tamaulipas,2808000885,730,2,0,0,1,0,1,222195.50084076566,8,sometimes,0,1,0,20.194333041489507,27.77,2297.6833333333334,1471.0957462907118,1430.7666666666667,23817
2018,GoM,Tamaulipas,2808001503,5565,14,0,0,1,0,1,4350810.101963033,9,always,1,0,0,20.194333041489507,27.77,19085.033333333333,15114.024181001809,12844.35,396281
2018,GoM,Tamaulipas,2808001784,365,1,0,0,1,0,0,0,0,never,0,0,1,20.194333041489507,27.77,473.4,598.630728029728,413.3833333333333,9712
2018,GoM,Tamaulipas,2808002543,502,1,0,0,1,0,1,309340.90790558985,9,always,1,0,0,20.194333041489507,27.77,2450.933333333334,1958.281935481386,1800.9333333333334,59572
2018,GoM,Tamaulipas,2808002758,965,2,0,0,1,0,1,814514.4008385713,9,always,1,0,0,20.194333041489507,27.77,3589.8166666666666,1783.4017312624533,2270.166666666667,110488
2018,GoM,Tamaulipas,2808002790,1132,3,0,0,1,0,1,749909.8153375841,9,always,1,0,0,20.194333041489507,27.77,3864.75,3629.6953176495394,2639.9166666666665,78196
2018,GoM,Tamaulipas,2808003475,790,2,0,0,1,0,1,633440.4057756069,9,always,1,0,0,20.194333041489507,27.77,4047.6500000000015,3481.9596636934116,2789.916666666667,33720
2018,GoM,Tamaulipas,2808004220,1936,5,0,0,1,0,1,1280401.5735949122,9,always,1,0,0,20.194333041489507,27.77,4571.116666666667,5491.767573065477,3451.5333333333333,93679
2018,GoM,Tamaulipas,2808004226,1132,3,0,0,1,0,1,658254.1712407683,9,always,1,0,0,20.194333041489507,27.77,4033.55,2998.6405101564333,2784.233333333333,67862
2018,GoM,Tamaulipas,2808004283,1080,2,0,0,1,0,1,884072.7852855419,9,always,1,0,0,20.194333041489507,27.77,3269.95,1679.908249998418,1677.5666666666666,181046.8
2018,GoM,Tamaulipas,2808004564,425,1,0,0,1,0,1,205976.47291092432,9,always,1,0,0,20.194333041489507,27.77,2083.966666666665,1935.7122256602147,1614.1666666666667,26380
2018,GoM,Tamaulipas,2808004598,365,1,0,0,1,0,1,290032.2847000652,9,always,1,0,0,20.194333041489507,27.77,1079.7666666666662,750.2498352233869,804.5166666666667,17592
2018,GoM,Tamaulipas,2808004622,1500,3,0,0,1,0,1,1342060.8250782245,9,always,1,0,0,20.194333041489507,27.77,6052.033333333333,5391.647311258784,4433.566666666667,125071.8
2018,GoM,Tamaulipas,2808004630,1132,3,0,0,1,0,0,0,0,never,0,0,1,20.194333041489507,27.77,2640.766666666667,3286.3969272507375,1928.6666666666665,54020.3
2018,GoM,Tamaulipas,2808004812,405,1,0,0,1,0,1,343401.07383017906,9,always,1,0,0,20.194333041489507,27.77,1321.0166666666667,725.0139822820427,1247,21978.7
2018,GoM,Tamaulipas,2808004895,787,2,0,0,1,0,1,429115.0609987287,9,always,1,0,0,20.194333041489507,27.77,2581.0166666666664,1856.4487990081138,1726,56177
2018,GoM,Tamaulipas,2808004986,365,1,0,0,1,0,0,0,6,sometimes,0,1,0,20.194333041489507,27.77,1812.3833333333334,569.4953729781325,917.9833333333333,19040
2018,GoM,Tamaulipas,2808005041,3262,8,0,0,1,0,1,2017328.7047994158,9,always,1,0,0,20.194333041489507,27.77,9463.333333333332,6750.557781682505,5978.35,175771
2018,GoM,Tamaulipas,2808005058,402,1,0,0,1,0,1,270489.858766044,9,always,1,0,0,20.194333041489507,27.77,2613.966666666667,648.3484933026006,1184.4666666666667,49765
2018,GoM,Tamaulipas,2808005066,827,2,0,0,1,0,1,745021.5143190871,9,always,1,0,0,20.194333041489507,27.77,2934.416666666667,1183.8201584002395,1382.2166666666667,34300
2018,GoM,Tamaulipas,2808005082,1330,3,0,0,1,0,1,870052.9124526414,9,always,1,0,0,20.194333041489507,27.77,5498.816666666667,5441.990785746375,4414.983333333334,93077
2018,GoM,Tamaulipas,2808005546,2457,6,0,0,1,0,1,745557.1049666363,9,always,1,0,0,20.194333041489507,27.77,7658.233333333334,5328.293412705096,5172.383333333333,162821
2018,GoM,Tamaulipas,2808005553,1210,3,0,0,1,0,1,911554.554936172,9,always,1,0,0,20.194333041489507,27.77,5459.899999999997,2390.7896053643726,2787.45,106983.5
2018,GoM,Tamaulipas,2808005579,320,1,0,0,1,0,1,254042.83172153396,7,sometimes,0,1,0,20.194333041489507,27.77,885.9833333333333,578.8736513202482,709,11531
2018,GoM,Tamaulipas,2808005629,1221,3,0,0,1,0,1,794387.0535394637,9,always,1,0,0,20.194333041489507,27.77,5697.25,1782.9379784532125,2838.366666666667,110689
2018,GoM,Tamaulipas,2808005702,730,2,0,0,1,0,1,388842.1264713399,9,always,1,0,0,20.194333041489507,27.77,2609.7000000000003,4052.4201488192457,2199.55,48428
2018,GoM,Tamaulipas,2808005876,865,2,0,0,1,0,1,691272.588483244,9,always,1,0,0,20.194333041489507,27.77,5068.200000000001,1656.4363509910308,3129.1,125832
2018,GoM,Tamaulipas,2808005959,3199,7,0,0,1,0,1,2584335.9721743925,5,sometimes,0,1,0,20.194333041489507,27.77,13459.816666666666,9514.579796988099,9265.5,327157
2018,GoM,Tamaulipas,2808006015,850,2,0,0,1,0,1,526677.954884688,9,always,1,0,0,20.194333041489507,27.77,3513.666666666667,3449.7458428245404,2794.75,54946
2018,GoM,Tamaulipas,2808006023,400,1,0,0,1,0,0,0,5,sometimes,0,1,0,20.194333041489507,27.77,1977.9666666666667,1348.1887011425488,1310.9666666666667,29732
2018,GoM,Tamaulipas,2808006049,730,2,0,0,1,0,1,574264.2719229589,9,always,1,0,0,20.194333041489507,27.77,4845.600000000001,2370.937328853085,2811.0666666666666,109463
2018,GoM,Tamaulipas,2808006130,425,1,0,0,1,0,1,237948.1669451483,9,always,1,0,0,20.194333041489507,27.77,1562.166666666667,1187.005191674327,1100.9333333333334,21355
2018,GoM,Tamaulipas,2808006189,2037,5,0,0,1,0,1,1234046.8663196971,9,always,1,0,0,20.194333041489507,27.77,11448.266666666666,5386.48776829372,7224.266666666666,179852
2018,GoM,Tamaulipas,2808006197,1365,3,0,0,1,0,1,642978.2305579656,9,always,1,0,0,20.194333041489507,27.77,1956.0166666666669,4154.797564692774,1371.35,27368
2018,GoM,Tamaulipas,2808006247,365,1,0,0,1,0,1,222195.50084076566,9,always,1,0,0,20.194333041489507,27.77,708.2333333333332,899.7194885062348,495.98333333333335,16413
2018,GoM,Tamaulipas,2808006270,1230,3,0,0,1,0,1,787011.4894518537,9,always,1,0,0,20.194333041489507,27.77,5072.016666666666,2517.5259543558086,2911.7166666666667,85712
2018,GoM,Tamaulipas,2808006452,402,1,0,0,1,0,1,287278.88448255707,9,always,1,0,0,20.194333041489507,27.77,2361.2999999999993,266.27942057818797,573.4833333333333,31181
2018,GoM,Tamaulipas,2808006494,767,2,0,0,1,0,1,179145.1225528673,9,always,1,0,0,20.194333041489507,27.77,3839.1833333333334,1632.3842604619608,2193.1833333333334,57071
2018,GoM,Tamaulipas,2808006551,402,1,0,0,1,0,1,229139.11024203958,9,always,1,0,0,20.194333041489507,27.77,1503.2833333333328,749.1660530670925,1256.2666666666667,29925
2018,GoM,Tamaulipas,2808006619,922,2,0,0,1,0,1,655042.7000746984,9,always,1,0,0,20.194333041489507,27.77,3418.0999999999995,1295.150626327118,1625.1666666666667,68780
2018,GoM,Tamaulipas,2808006668,402,1,0,0,1,0,1,302617.00674208754,9,always,1,0,0,20.194333041489507,27.77,1676.4499999999998,544.02423629668,923.2833333333333,40946
2018,GoM,Tamaulipas,2808006718,365,1,0,0,1,0,1,169962.97638939164,9,always,1,0,0,20.194333041489507,27.77,82.86666666666667,315.66716631413937,80.86666666666666,5975
2018,GoM,Tamaulipas,2808006726,365,1,0,0,1,0,1,276227.9746664878,9,always,1,0,0,20.194333041489507,27.77,1578.6666666666654,563.017849054125,574.3666666666667,55660
2018,GoM,Tamaulipas,2808006734,365,1,0,0,1,0,1,191519.2563217047,9,always,1,0,0,20.194333041489507,27.77,1745.0166666666667,1437.795178809834,1241.2,26099
2018,GoM,Tamaulipas,2808006833,1307,3,0,0,1,0,1,877618.3376211935,9,always,1,0,0,20.194333041489507,27.77,7394,2871.1397527670406,4338.3,112324
2018,GoM,Tamaulipas,2808006858,2642,6,0,0,1,0,1,2118107.5883793538,9,always,1,0,0,20.194333041489507,27.77,10804.566666666668,5376.993846750074,6513.016666666666,232321.2
2018,GoM,Tamaulipas,2808006866,3567,8,0,0,1,0,1,2913206.9318802347,9,always,1,0,0,20.194333041489507,27.77,16720.55,7503.0185362287375,10140.283333333333,318175.8
2018,GoM,Tamaulipas,2808007005,790,2,0,0,1,0,1,338785.9572054398,9,always,1,0,0,20.194333041489507,27.77,1975.2333333333331,1802.4649148389612,1415.0333333333333,53170
2018,GoM,Tamaulipas,2808007013,1835,5,0,0,1,0,1,1302028.32598085,9,always,1,0,0,20.194333041489507,27.77,9248.849999999999,7310.010054506771,6738.583333333333,247380
2018,GoM,Tamaulipas,2808007252,1095,3,0,0,1,0,1,370726.5604512999,9,always,1,0,0,20.194333041489507,27.77,4476.85,2622.832024380541,2964.7,80405
2018,GoM,Tamaulipas,2808007260,735,2,0,0,1,0,1,530284.5692436709,9,always,1,0,0,20.194333041489507,27.77,3755.5,3298.320481694605,2819.7,85407
2018,GoM,Tamaulipas,2808007492,1372,3,0,0,1,0,1,604617.2136974196,8,sometimes,0,1,0,20.194333041489507,27.77,5785.333333333333,2358.756172232961,2805.7000000000003,164364.3
2018,GoM,Tamaulipas,2808007500,730,2,0,0,1,0,1,277744.3760509571,9,always,1,0,0,20.194333041489507,27.77,2381.0166666666664,2557.251034145585,1934.0166666666667,35218.409999999996
2018,GoM,Tamaulipas,2808007518,882,2,0,0,1,0,1,650715.4841502091,9,always,1,0,0,20.194333041489507,27.77,4665.833333333334,2587.3474876233545,2785.2666666666664,80286
2018,GoM,Tamaulipas,2808007526,402,1,0,0,1,0,1,324228.42100576597,9,always,1,0,0,20.194333041489507,27.77,1726.2999999999995,1335.1475229501857,1332.0666666666666,30103.7
2018,GoM,Tamaulipas,2808007542,1392,3,0,0,1,0,1,658917.4413925317,9,always,1,0,0,20.194333041489507,27.77,4870.166666666666,4794.477084878485,3375.5333333333333,81716.65000000001
2018,GoM,Tamaulipas,2808007690,1864,4,0,0,1,0,1,1401716.1716155214,9,always,1,0,0,20.194333041489507,27.77,7659.333333333331,4647.620683146697,4611.783333333334,227370
2018,GoM,Tamaulipas,2808007708,365,1,0,0,1,0,1,263338.977442344,8,sometimes,0,1,0,20.194333041489507,27.77,2096.0666666666666,652.1718473292078,893.1666666666667,42380
2018,GoM,Tamaulipas,2808007823,520,1,0,0,1,0,0,0,1,sometimes,0,1,0,20.194333041489507,27.77,1473.4666666666665,1719.7527115439807,1004.25,16404.14
2018,GoM,Tamaulipas,2808007898,822,2,0,0,1,0,1,545908.4573026502,4,sometimes,0,1,0,20.194333041489507,27.77,6141.149999999999,3149.5887965321085,4280.683333333333,121929.40000000001
2018,GoM,Tamaulipas,2808007906,1258,3,0,0,1,0,1,929024.2616459322,4,sometimes,0,1,0,20.194333041489507,27.77,8471.683333333334,3977.71974328545,5872.166666666667,176393.5
2018,GoM,Tamaulipas,2808007914,925,2,0,0,1,0,1,583131.7793081916,4,sometimes,0,1,0,20.194333041489507,27.77,5242.299999999999,1912.481014431733,3063.5166666666664,123115
2018,GoM,Tamaulipas,2808007922,1206,3,0,0,1,0,1,822294.9742626018,4,sometimes,0,1,0,20.194333041489507,27.77,8260.416666666668,4787.024781246728,5978.7,170935.7
2018,GoM,Tamaulipas,2808007963,520,1,0,0,1,0,1,401485.71373933123,4,sometimes,0,1,0,20.194333041489507,27.77,1542.0499999999997,531.9804566206028,1131.45,17399.8
2018,GoM,Tamaulipas,2808008029,402,1,0,0,1,0,1,308835.16441487015,3,sometimes,0,1,0,20.194333041489507,27.77,2050.6333333333328,891.8655651576726,1037.8833333333334,36100
2018,GoM,Tamaulipas,2808008086,565,1,0,0,1,0,0,0,0,never,0,0,1,20.194333041489507,27.77,1916.6833333333334,663.609312342717,850,NA
2018,GoM,Tamaulipas,2808008094,335,1,0,0,1,0,0,0,0,never,0,0,1,20.194333041489507,27.77,1364.0166666666667,882.1523776556002,992,NA
2018,GoM,Tamaulipas,3010002552,360,1,0,0,1,0,1,73685.16842247406,9,always,1,0,0,20.194333041489507,27.77,1263.2833333333335,971.9289486205205,1054.1666666666667,20895
2018,GoM,Veracruz,0402006571,2260,5,0,0,1,0,1,520770.7050955445,8,sometimes,0,1,0,20.194333041489507,27.77,8925.433333333334,4550.138447091019,5954.716666666667,202202
2018,GoM,Veracruz,2508010366,375,1,0,0,1,0,1,111097.75042038283,7,sometimes,0,1,0,20.194333041489507,27.77,1156.7166666666667,1002.1468767540907,884.7166666666667,29275
2018,GoM,Veracruz,3001000581,365,1,0,0,1,0,1,288854.15109299537,9,always,1,0,0,20.194333041489507,27.77,1084.8000000000002,1107.9950099678938,937.9333333333333,27064
2018,GoM,Veracruz,3001004716,465,1,0,0,1,0,1,583453.8798756418,8,sometimes,0,1,0,20.194333041489507,27.77,211.66666666666666,401.5503574898642,210.66666666666666,13437
2018,GoM,Veracruz,3001007941,800,2,0,0,1,0,1,499939.8768917227,9,always,1,0,0,20.194333041489507,27.77,2797.8166666666666,2202.6400912180475,2353.4,45056
2018,GoM,Veracruz,3001008709,402,1,0,0,1,0,1,276680.2420012216,9,always,1,0,0,20.194333041489507,27.77,1405.0833333333335,1175.8101764940782,1173.1,32356
2018,GoM,Veracruz,3001008816,420,1,0,0,1,0,1,166646.62563057424,5,sometimes,0,1,0,20.194333041489507,27.77,1262.6499999999999,1290.931254210127,1049.75,26480
2018,GoM,Veracruz,3001009384,370,1,0,0,1,0,1,180948.38827797427,9,always,1,0,0,20.194333041489507,27.77,1255.1000000000001,833.3420112990071,1108.4833333333333,27279
2018,GoM,Veracruz,3001009434,450,1,0,0,1,0,1,314311.2886053674,9,always,1,0,0,20.194333041489507,27.77,1949.45,854.0095289696502,1698.7166666666667,37643
2018,GoM,Veracruz,3001009673,365,1,0,0,1,0,1,160843.0118026438,7,sometimes,0,1,0,20.194333041489507,27.77,20.799999999999997,230.67370861284368,13,3802
2018,GoM,Veracruz,3001009889,850,2,0,0,1,0,1,325582.73574689805,7,sometimes,0,1,0,20.194333041489507,27.77,1059.8833333333332,1250.8255174515089,1017.0833333333333,50167
2018,GoM,Veracruz,3001010721,402,1,0,0,1,0,0,0,0,never,0,0,1,20.194333041489507,27.77,1257.0166666666664,1234.4980930222714,1115.0333333333333,11475
2018,GoM,Veracruz,3003005919,1580,4,0,0,1,0,1,1673021.023580545,7,sometimes,0,1,0,20.194333041489507,27.77,2963.8333333333335,3886.01045029639,2183.5833333333335,99613
2018,GoM,Veracruz,3010002933,2536,6,0,0,1,0,1,1216313.095180766,9,always,1,0,0,20.194333041489507,27.77,10963.433333333332,6274.92836376919,8788.683333333334,207230
2018,GoM,Veracruz,3010003055,1020,2,0,0,1,0,1,340017.15242465073,3,sometimes,0,1,0,20.194333041489507,27.77,4831.033333333333,780.793538782605,1789.5166666666667,85851
2018,GoM,Veracruz,3011012345,220,1,0,0,1,0,1,119761.71677779328,9,always,1,0,0,20.194333041489507,27.77,1476.6166666666668,951.8433211051286,1240.05,32272
2018,GoM,Yucatan,3105004364,375,1,0,0,1,0,0,0,3,sometimes,0,1,0,20.194333041489507,27.77,832,938.3263658689541,759,NA
2019,GoC,Baja california,0203014741,373,1,0,0,1,0,1,348200,9,always,1,0,0,21.155643835616438,28.48,7,0,0,NA
2019,GoC,Baja california,0207000092,730,2,0,0,1,0,0,0,4,sometimes,0,1,0,21.155643835616438,28.48,781.8333333333334,1999.957556489273,662.5166666666667,22761
2019,GoC,Baja california,0207001926,1248,2,0,0,1,0,1,126000,9,always,1,0,0,21.155643835616438,28.48,605.3333333333333,2193.9461453835065,559.8166666666666,37550
2019,GoC,Baja california,0313000036,365,1,0,0,1,0,0,0,0,never,0,0,1,21.155643835616438,28.48,29.183333333333334,116.44846032335232,28.183333333333334,NA
2019,GoC,Baja california,2507002232,425,1,0,0,1,0,1,360000,5,sometimes,0,1,0,21.155643835616438,28.48,399.58333333333354,541.2297136022183,272.0833333333333,10079
2019,GoC,Baja california sur,0305000242,365,1,0,0,1,0,1,160000,7,sometimes,0,1,0,21.155643835616438,28.48,79.35,254.7211041874695,73.35,14451
2019,GoM,Campeche,0401002472,5480,13,0,0,1,0,1,2822000,9,always,1,0,0,21.155643835616438,28.48,21768.75,19537.995814630754,16180.9,237441
2019,GoM,Campeche,0401002480,502,1,0,0,1,0,1,780000,9,always,1,0,0,21.155643835616438,28.48,393.5999999999999,464.546468401532,211.06666666666666,17672.5
2019,GoM,Campeche,0401002613,500,1,0,0,1,0,1,200000,9,always,1,0,0,21.155643835616438,28.48,173.61666666666665,222.1763984285388,126.21666666666667,2669
2019,GoM,Campeche,0401002654,1689,4,0,0,1,0,1,820000,9,always,1,0,0,21.155643835616438,28.48,8676.75,5426.562689156897,6051.683333333333,112396
2019,GoM,Campeche,0401002662,2514,6,0,0,1,0,1,2986360,9,always,1,0,0,21.155643835616438,28.48,11791.416666666666,6179.857205550889,7621.833333333333,175778
2019,GoM,Campeche,0401002837,1774,4,0,0,1,0,1,1560000,9,always,1,0,0,21.155643835616438,28.48,7249.750000000001,4131.668704016922,4776.583333333333,96202
2019,GoM,Campeche,0401002860,1885,4,0,0,1,0,1,1470000,9,always,1,0,0,21.155643835616438,28.48,8170.133333333332,4908.721622350875,5177.816666666667,141592
2019,GoM,Campeche,0401002894,365,1,0,0,1,0,1,300000,9,always,1,0,0,21.155643835616438,28.48,1485.1833333333334,2253.452843630374,1175.75,18596
2019,GoM,Campeche,0401002902,402,1,0,0,1,0,1,360000,9,always,1,0,0,21.155643835616438,28.48,1262.3,1822.1613848216455,1091.3999999999999,14155
2019,GoM,Campeche,0401002910,1095,3,0,0,1,0,1,948000,9,always,1,0,0,21.155643835616438,28.48,1400.1,4392.224422739546,1166.3166666666666,18928.8
2019,GoM,Campeche,0401002944,730,2,0,0,1,0,1,324000,9,always,1,0,0,21.155643835616438,28.48,1486.5,1199.1406915201865,1023.4833333333332,25290.3
2019,GoM,Campeche,0401002951,402,1,0,0,1,0,1,360000,9,always,1,0,0,21.155643835616438,28.48,885.75,1354.7608898484493,690,16033.8
2019,GoM,Campeche,0401002969,1043,2,0,0,1,0,1,360000,9,always,1,0,0,21.155643835616438,28.48,3384.9333333333334,2589.1653357582427,2002.3666666666666,38115
2019,GoM,Campeche,0401002977,402,1,0,0,1,0,1,360000,8,sometimes,0,1,0,21.155643835616438,28.48,1078.3333333333335,1370.5416564640686,762.5333333333333,22085
2019,GoM,Campeche,0401002985,1205,3,0,0,1,0,1,620000,8,sometimes,0,1,0,21.155643835616438,28.48,4318.983333333333,3600.662063799864,2648.15,51283
2019,GoM,Campeche,0401003132,740,2,0,0,1,0,1,100000,8,sometimes,0,1,0,21.155643835616438,28.48,2041.0500000000002,2155.967547880279,1446.9833333333333,9613
2019,GoM,Campeche,0401003165,420,1,0,0,1,0,1,330000,9,always,1,0,0,21.155643835616438,28.48,1436.0833333333335,2459.5344253868197,1242.0666666666666,16582
2019,GoM,Campeche,0401003207,400,1,0,0,1,0,0,0,0,never,0,0,1,21.155643835616438,28.48,1602.95,839.150918469244,802.9833333333333,19645
2019,GoM,Campeche,0401003512,380,1,0,0,1,0,1,300000,9,always,1,0,0,21.155643835616438,28.48,608.3166666666666,1024.9374410132648,380.45,7505
2019,GoM,Campeche,0401003637,500,1,0,0,1,0,1,520000,9,always,1,0,0,21.155643835616438,28.48,2056.0166666666664,1890.9108320450998,1606.0166666666667,33369
2019,GoM,Campeche,0401004429,365,1,0,0,1,0,1,240000,9,always,1,0,0,21.155643835616438,28.48,1986.05,1141.1643779986746,1305.1166666666666,26054
2019,GoM,Campeche,0401004478,925,2,0,0,1,0,1,146000,9,always,1,0,0,21.155643835616438,28.48,2043.9,1254.1925488582845,1265.0166666666667,9855
2019,GoM,Campeche,0401004486,1365,3,0,0,1,0,1,860000,9,always,1,0,0,21.155643835616438,28.48,6972.366666666667,3236.6238093769175,4199.666666666667,85808
2019,GoM,Campeche,0401004502,815,2,0,0,1,0,1,690000,9,always,1,0,0,21.155643835616438,28.48,3318.483333333333,2160.329507957351,1898.1999999999998,48029
2019,GoM,Campeche,0401004973,365,1,0,0,1,0,0,0,5,sometimes,0,1,0,21.155643835616438,28.48,65,516.664968786602,59,NA
2019,GoM,Campeche,0401005012,2594,6,0,0,1,0,1,2040000,9,always,1,0,0,21.155643835616438,28.48,9622.35,9201.06375245309,6857.233333333334,194385
2019,GoM,Campeche,0401005384,432,1,0,0,1,0,1,450000,9,always,1,0,0,21.155643835616438,28.48,1115.8999999999999,714.0231058521724,594.3166666666667,12328
2019,GoM,Campeche,0401006093,540,1,0,0,1,0,1,600000,9,always,1,0,0,21.155643835616438,28.48,1990.0166666666664,725.118066002396,1132.9166666666667,30643
2019,GoM,Campeche,0402004618,1310,3,0,0,1,0,0,0,3,sometimes,0,1,0,21.155643835616438,28.48,1801.5500000000002,1868.5879235297703,1217.4166666666665,22609
2019,GoM,Campeche,0402005276,1425,3,0,0,1,0,1,840000,9,always,1,0,0,21.155643835616438,28.48,4428.866666666667,2312.844139266604,2289.95,71646
2019,GoM,Campeche,0402006282,365,1,0,0,1,0,1,192000,9,always,1,0,0,21.155643835616438,28.48,1082.3333333333333,1079.0053049337014,827.9,12251
2019,GoM,Campeche,0402006522,400,1,0,0,1,0,0,0,7,sometimes,0,1,0,21.155643835616438,28.48,1190.8999999999999,620.2588397253174,812.1333333333333,14971
2019,GoM,Campeche,0402006555,500,1,0,0,1,0,1,200000,7,sometimes,0,1,0,21.155643835616438,28.48,1558.8,808.1740203053516,998.3,33802
2019,GoM,Campeche,2305000495,365,1,0,0,1,0,0,0,2,sometimes,0,1,0,21.155643835616438,28.48,1060.0166666666667,567.2421111527234,849.0333333333333,NA
2019,GoM,Campeche,2306001112,400,1,0,0,1,0,1,216000,7,sometimes,0,1,0,21.155643835616438,28.48,2042.5666666666666,1015.9762541469415,1149.55,25574
2019,GoM,Campeche,2808000489,2393,6,0,0,1,0,1,1400000,9,always,1,0,0,21.155643835616438,28.48,4675.8,4989.284346654775,4043.5666666666666,35813
2019,GoM,Campeche,2808004739,402,1,0,0,1,0,1,360000,9,always,1,0,0,21.155643835616438,28.48,1483.9833333333333,1077.244709607963,929,16431
2019,GoC,Nayarit,1802000420,585,2,0,0,1,0,0,0,3,sometimes,0,1,0,21.155643835616438,28.48,851.55,1530.2138347110272,734.5500000000001,185
2019,GoC,Nayarit,1802001733,520,1,0,0,1,0,1,240000,4,sometimes,0,1,0,21.155643835616438,28.48,984.8499999999999,1948.830338935099,887.2166666666667,6089
2019,GoC,Nayarit,1802002764,365,1,0,0,1,0,0,0,0,never,0,0,1,21.155643835616438,28.48,1153.6166666666663,924.0437285383297,796.8666666666667,7153
2019,GoC,Nayarit,1802003614,365,1,0,0,1,0,0,0,0,never,0,0,1,21.155643835616438,28.48,155,300.2715125135602,147,1097
2019,Pacific,Oaxaca,2005000068,365,1,0,0,1,0,1,80000,6,sometimes,0,1,0,21.155643835616438,28.48,1570.3833333333332,3102.3894781982285,1506.0333333333333,16704
2019,Pacific,Oaxaca,2005000217,1565,4,0,0,1,0,1,170400,8,sometimes,0,1,0,21.155643835616438,28.48,6110.45,8027.043395452573,4980.416666666667,63619
2019,Pacific,Oaxaca,2005000282,745,2,0,0,1,0,1,30000,8,sometimes,0,1,0,21.155643835616438,28.48,1589.6166666666666,2346.9723336374173,1428.95,10925
2019,Pacific,Oaxaca,2005000399,1095,3,0,0,1,0,1,80000,8,sometimes,0,1,0,21.155643835616438,28.48,3196.1833333333334,4978.952300111806,2733.35,20718
2019,Pacific,Oaxaca,2005002585,3460,9,0,0,1,0,1,1308000,8,sometimes,0,1,0,21.155643835616438,28.48,9871.1,11122.404337587801,6095.016666666666,154925
2019,Pacific,Oaxaca,2005002809,3850,10,0,0,1,0,1,1170000,8,sometimes,0,1,0,21.155643835616438,28.48,10126.716666666667,11717.322751327532,6236.883333333333,161806
2019,Pacific,Oaxaca,2005003005,343,1,0,0,1,0,1,90000,8,sometimes,0,1,0,21.155643835616438,28.48,1322.3000000000002,1723.4020882417074,1048.6833333333334,17563
2019,Pacific,Oaxaca,2005003260,365,1,0,0,1,0,0,0,4,sometimes,0,1,0,21.155643835616438,28.48,575.15,546.1801932296363,429.51666666666665,2805
2019,Pacific,Oaxaca,2005003559,370,1,0,0,1,0,0,0,1,sometimes,0,1,0,21.155643835616438,28.48,979.5,2241.947509904439,942.5,2053
2019,Pacific,Oaxaca,2005003815,365,1,0,0,1,0,0,0,7,sometimes,0,1,0,21.155643835616438,28.48,332.0333333333333,575.9458722975985,267.01666666666665,3686
2019,Pacific,Oaxaca,2005004417,380,1,0,0,1,0,0,0,7,sometimes,0,1,0,21.155643835616438,28.48,336.81666666666683,609.052104618808,301.1666666666667,3579
2019,Pacific,Oaxaca,2005004789,420,1,0,0,1,0,0,0,6,sometimes,0,1,0,21.155643835616438,28.48,1616.9333333333338,2056.6365906365627,1415.5166666666667,16028
2019,GoM,Quintana roo,2306000841,920,2,0,0,1,0,1,240000,9,always,1,0,0,21.155643835616438,28.48,2554.5,1038.8415020914035,1602.5166666666669,28829
2019,GoM,Quintana roo,2306001401,950,2,0,0,1,0,1,1000000,8,sometimes,0,1,0,21.155643835616438,28.48,2445.7166666666667,1162.129074950106,1172.5166666666667,52992
2019,GoC,Sinaloa,0305001588,450,1,0,0,1,0,0,0,5,sometimes,0,1,0,21.155643835616438,28.48,1274.8999999999999,1370.1279765770685,1115.75,9400
2019,GoC,Sinaloa,0601001571,659,1,0,0,1,0,0,0,0,never,0,0,1,21.155643835616438,28.48,1589.6333333333334,1054.2790194586485,1383.6833333333334,NA
2019,GoC,Sinaloa,1802002525,730,2,0,0,1,0,1,110400,5,sometimes,0,1,0,21.155643835616438,28.48,2376.633333333333,1721.0441271347077,1907.4333333333334,11984
2019,GoC,Sinaloa,2505001798,2645,6,0,0,1,0,1,1234200,9,always,1,0,0,21.155643835616438,28.48,5189.95,6281.496119628586,4521.833333333333,179518
2019,GoC,Sinaloa,2505002721,1457,3,0,0,1,0,1,1480444,8,sometimes,0,1,0,21.155643835616438,28.48,2476.75,2919.3294188908394,1905.5833333333335,42536
2019,GoC,Sinaloa,2505002846,624,1,0,0,1,0,1,677600,6,sometimes,0,1,0,21.155643835616438,28.48,1204.4833333333336,815.32874461345,1043.8333333333333,20103
2019,GoC,Sinaloa,2505004164,2159,4,0,0,1,0,1,1120000,5,sometimes,0,1,0,21.155643835616438,28.48,4900.533333333333,4853.092917863432,4020.9166666666665,104890
2019,GoC,Sinaloa,2505004263,805,2,0,0,1,0,1,836040,5,sometimes,0,1,0,21.155643835616438,28.48,740.0500000000002,800.5270063895762,698.9166666666667,48100
2019,GoC,Sinaloa,2507002406,425,1,0,0,1,0,1,127600,9,always,1,0,0,21.155643835616438,28.48,1428.8166666666657,843.7291367551492,1327.0666666666666,25285
2019,GoC,Sinaloa,2507002513,365,1,0,0,1,0,1,40570,8,sometimes,0,1,0,21.155643835616438,28.48,567.2166666666662,947.5105313746716,456.1666666666667,9685
2019,GoC,Sinaloa,2507002703,365,1,0,0,1,0,1,168000,9,always,1,0,0,21.155643835616438,28.48,623.4166666666669,654.3377121977996,606.3,NA
2019,GoC,Sinaloa,2507003503,960,2,0,0,1,0,1,480000,5,sometimes,0,1,0,21.155643835616438,28.48,882.1833333333334,1166.1863654832905,833.3166666666666,24240
2019,GoC,Sinaloa,2507003958,2375,5,0,0,1,0,1,1091000,9,always,1,0,0,21.155643835616438,28.48,3252.516666666667,4912.068948136109,2901.5333333333333,75715
2019,GoC,Sinaloa,2507004600,365,1,0,0,1,0,1,76000,9,always,1,0,0,21.155643835616438,28.48,1105.0666666666655,1153.9712943873346,934.0166666666667,13171
2019,GoC,Sinaloa,2507005581,402,1,0,0,1,0,1,262800,8,sometimes,0,1,0,21.155643835616438,28.48,1943.6833333333336,1612.7480928035563,1653.8666666666668,27640
2019,GoC,Sinaloa,2508001050,730,2,0,0,1,0,1,470950.2,8,sometimes,0,1,0,21.155643835616438,28.48,4030.216666666665,3321.286308002017,3033.3333333333335,36955
2019,GoC,Sinaloa,2508005069,730,2,0,0,1,0,1,252000,8,sometimes,0,1,0,21.155643835616438,28.48,481.58333333333337,1104.304852849937,363.51666666666665,1466
2019,GoC,Sinaloa,2508005234,1804,4,0,0,1,0,1,366000,9,always,1,0,0,21.155643835616438,28.48,2121.8166666666666,3455.320055641906,1718.2166666666667,16939
2019,GoC,Sinaloa,2508005366,15448,31,0,0,1,0,1,5496790.4,9,always,1,0,0,21.155643835616438,28.48,35898.25,47804.004982550396,29036.816666666666,381005
2019,GoC,Sinaloa,2508005374,1582,4,0,0,1,0,1,440000,9,always,1,0,0,21.155643835616438,28.48,2205.333333333333,3956.8266991727214,1607.5833333333333,25783
2019,GoC,Sinaloa,2508005382,20479,39,0,0,1,0,1,6728660,9,always,1,0,0,21.155643835616438,28.48,36187.25,44316.2388699798,28586.55,464125
2019,GoC,Sinaloa,2508005408,1980,5,0,0,1,0,1,647538,9,always,1,0,0,21.155643835616438,28.48,3787.933333333333,5489.327332151459,2912.4833333333336,45794
2019,GoC,Sinaloa,2508005424,1345,3,0,0,1,0,1,520000,8,sometimes,0,1,0,21.155643835616438,28.48,3206.233333333333,3028.4263776780517,2440.883333333333,40785
2019,GoC,Sinaloa,2508005507,1270,3,0,0,1,0,1,1798000,8,sometimes,0,1,0,21.155643835616438,28.48,4420.616666666667,4647.392275204115,3775.3,69761
2019,GoC,Sinaloa,2508005523,3150,7,0,0,1,0,1,1413000,9,always,1,0,0,21.155643835616438,28.48,6390.583333333335,8473.380483874495,4521.616666666667,79593
2019,GoC,Sinaloa,2508005606,750,2,0,0,1,0,1,326000,9,always,1,0,0,21.155643835616438,28.48,1800.3333333333333,2351.3034754781,1373.1833333333334,42165
2019,GoC,Sinaloa,2508005648,11167,25,0,0,1,0,1,3355000,9,always,1,0,0,21.155643835616438,28.48,26140.933333333334,36476.29799190963,20696.11666666667,282437
2019,GoC,Sinaloa,2508005705,2315,6,0,0,1,0,1,300000,8,sometimes,0,1,0,21.155643835616438,28.48,4128.083333333333,7978.7112355005,3305.266666666667,40669
2019,GoC,Sinaloa,2508005846,1382,4,0,0,1,0,1,669828,9,always,1,0,0,21.155643835616438,28.48,3093.6833333333334,4271.454378288779,2415.1,32541
2019,GoC,Sinaloa,2508005853,365,1,0,0,1,0,0,0,8,sometimes,0,1,0,21.155643835616438,28.48,177.56666666666666,623.3627542820584,174.56666666666666,775
2019,GoC,Sinaloa,2508005879,9811,23,0,0,1,0,1,4510000,9,always,1,0,0,21.155643835616438,28.48,17009.433333333334,24570.154493007914,12973.816666666666,326798
2019,GoC,Sinaloa,2508005937,1202,3,0,0,1,0,1,600000,8,sometimes,0,1,0,21.155643835616438,28.48,2332.2500000000005,3248.6774619395965,1717.5333333333333,39155
2019,GoC,Sinaloa,2508005994,402,1,0,0,1,0,0,0,7,sometimes,0,1,0,21.155643835616438,28.48,387.04999999999995,657.0725419946232,333,NA
2019,GoC,Sinaloa,2508006125,3645,8,0,0,1,0,1,1416000,9,always,1,0,0,21.155643835616438,28.48,11525.4,15741.248948414259,9778.116666666667,119813
2019,GoC,Sinaloa,2508006166,240,1,0,0,1,0,1,240000,8,sometimes,0,1,0,21.155643835616438,28.48,275.01666666666665,1288.1746228743157,251.01666666666668,7521
2019,GoC,Sinaloa,2508006208,700,1,0,0,1,0,1,240000,9,always,1,0,0,21.155643835616438,28.48,370.01666666666665,619.7540587659116,349.01666666666665,17745
2019,GoC,Sinaloa,2508006224,365,1,0,0,1,0,1,124000,9,always,1,0,0,21.155643835616438,28.48,744.5999999999995,676.0380327988607,658.2333333333333,8078
2019,GoC,Sinaloa,2508006240,1403,3,0,0,1,0,1,432000,9,always,1,0,0,21.155643835616438,28.48,3917.133333333332,2324.4126780535125,2178.35,53773.6
2019,GoC,Sinaloa,2508006398,992,3,0,0,1,0,1,180000,8,sometimes,0,1,0,21.155643835616438,28.48,1143.2666666666667,2725.1126827000944,853.7,10872
2019,GoC,Sinaloa,2508006661,550,1,0,0,1,0,0,0,0,never,0,0,1,21.155643835616438,28.48,956.3666666666668,1462.528845247997,771.95,9714
2019,GoC,Sinaloa,2508006778,17871,40,0,0,1,0,1,9180000,9,always,1,0,0,21.155643835616438,28.48,44256.35,50224.501641580886,34545.4,475155
2019,GoC,Sinaloa,2508006836,3347,8,0,0,1,0,1,1610000,9,always,1,0,0,21.155643835616438,28.48,5315.649999999999,9085.914803051457,4295.9,86860
2019,GoC,Sinaloa,2508006869,365,1,0,0,1,0,1,342000,7,sometimes,0,1,0,21.155643835616438,28.48,1610.0666666666673,1369.1061708892837,1311,14679
2019,GoC,Sinaloa,2508007073,1880,4,0,0,1,0,1,560000,9,always,1,0,0,21.155643835616438,28.48,6277.516666666665,7186.514938408258,4689.083333333333,68526
2019,GoC,Sinaloa,2508007123,623,1,0,0,1,0,0,0,7,sometimes,0,1,0,21.155643835616438,28.48,630.533333333333,1095.0577744759107,463.83333333333337,4276
2019,GoC,Sinaloa,2508007362,365,1,0,0,1,0,1,140000,7,sometimes,0,1,0,21.155643835616438,28.48,300.8666666666667,490.0076697942861,209.01666666666665,6787
2019,GoC,Sinaloa,2508007685,365,1,0,0,1,0,1,66000,9,always,1,0,0,21.155643835616438,28.48,615.0333333333335,877.4874801737272,509.53333333333336,6833
2019,GoC,Sinaloa,2508007693,400,1,0,0,1,0,1,160000,8,sometimes,0,1,0,21.155643835616438,28.48,738.4666666666668,1145.7147320601928,534.6833333333333,19912
2019,GoC,Sinaloa,2508007867,400,1,0,0,1,0,1,100000,9,always,1,0,0,21.155643835616438,28.48,1050.75,1812.2751560327968,850.7666666666667,7223
2019,GoC,Sinaloa,2508007909,2150,6,0,0,1,0,1,870000,8,sometimes,0,1,0,21.155643835616438,28.48,6525.65,6360.523678331153,5013.216666666666,67251
2019,GoC,Sinaloa,2508007933,1070,2,0,0,1,0,1,337400,9,always,1,0,0,21.155643835616438,28.48,2200.716666666667,3460.4990833904985,1811.6166666666668,17022
2019,GoC,Sinaloa,2508007941,470,1,0,0,1,0,1,310000,9,always,1,0,0,21.155643835616438,28.48,1478.5833333333335,2553.6304106664775,1321.65,28281
2019,GoC,Sinaloa,2508008428,365,1,0,0,1,0,1,120000,9,always,1,0,0,21.155643835616438,28.48,853.7166666666667,1449.3068638160646,693.4166666666666,9824
2019,GoC,Sinaloa,2508008444,750,2,0,0,1,0,1,452000,9,always,1,0,0,21.155643835616438,28.48,1254.1000000000004,2050.1552977079823,932.6333333333333,27563
2019,GoC,Sinaloa,2508008469,365,1,0,0,1,0,1,140000,9,always,1,0,0,21.155643835616438,28.48,318.1,412.6485013070621,213.7,4540
2019,GoC,Sinaloa,2508008477,835,2,0,0,1,0,1,460000,9,always,1,0,0,21.155643835616438,28.48,1354.7333333333336,2388.902735032535,1179.6333333333332,27522
2019,GoC,Sinaloa,2508008485,815,2,0,0,1,0,1,480000,9,always,1,0,0,21.155643835616438,28.48,1950.1833333333334,2197.233344271493,1635.2666666666667,30499
2019,GoC,Sinaloa,2508008493,785,2,0,0,1,0,1,420000,9,always,1,0,0,21.155643835616438,28.48,1255.7000000000003,2372.8106485442117,956.3833333333333,17518
2019,GoC,Sinaloa,2508008501,804,2,0,0,1,0,1,312000,7,sometimes,0,1,0,21.155643835616438,28.48,1416.466666666667,2799.662474759888,1172.55,22798
2019,GoC,Sinaloa,2508008733,402,1,0,0,1,0,1,188000,9,always,1,0,0,21.155643835616438,28.48,444.94999999999993,1034.4887852724648,357.98333333333335,13570
2019,GoC,Sinaloa,2508009053,11661,26,0,0,1,0,1,13136548,9,always,1,0,0,21.155643835616438,28.48,32003.366666666665,30686.71042575762,28115.133333333335,465484
2019,GoC,Sinaloa,2508009079,815,2,0,0,1,0,1,472000,9,always,1,0,0,21.155643835616438,28.48,1288.5833333333335,3501.2225763659553,1064.6999999999998,30290
2019,GoC,Sinaloa,2508009095,365,1,0,0,1,0,1,110000,8,sometimes,0,1,0,21.155643835616438,28.48,619.1333333333332,838.4247265477828,421.1333333333333,5490
2019,GoC,Sinaloa,2508009111,365,1,0,0,1,0,1,100000,7,sometimes,0,1,0,21.155643835616438,28.48,761.4833333333333,1445.2925951320924,604.45,5824
2019,GoC,Sinaloa,2508009202,365,1,0,0,1,0,1,178000,8,sometimes,0,1,0,21.155643835616438,28.48,162.16666666666666,556.9654753602729,129.01666666666665,37948
2019,GoC,Sinaloa,2508009210,804,2,0,0,1,0,1,192000,9,always,1,0,0,21.155643835616438,28.48,835.2333333333333,2055.519054935393,741.8333333333333,35407
2019,GoC,Sinaloa,2508009368,500,1,0,0,1,0,1,140000,8,sometimes,0,1,0,21.155643835616438,28.48,1809.4499999999996,1631.7989159000708,1712.4333333333334,12754
2019,GoC,Sinaloa,2508009822,730,2,0,0,1,0,1,188000,8,sometimes,0,1,0,21.155643835616438,28.48,2047.1166666666663,2806.578148813585,1454.8833333333332,11145
2019,GoC,Sinaloa,2508009897,1630,4,0,0,1,0,1,460000,8,sometimes,0,1,0,21.155643835616438,28.48,3538.6000000000004,6063.173883121118,2643.2833333333333,46675
2019,GoC,Sinaloa,2508009921,2505,5,0,0,1,0,1,730000,9,always,1,0,0,21.155643835616438,28.48,6822.45,6977.7469964420725,5613.25,70962
2019,GoC,Sinaloa,2508009947,365,1,0,0,1,0,1,70000,9,always,1,0,0,21.155643835616438,28.48,403.5666666666668,424.8335000999242,318.3333333333333,5289
2019,GoC,Sinaloa,2508010168,894,2,0,0,1,0,1,310000,9,always,1,0,0,21.155643835616438,28.48,910.4,1641.7680467970927,793.3000000000001,27468
2019,GoC,Sinaloa,2508010481,1440,3,0,0,1,0,1,840000,8,sometimes,0,1,0,21.155643835616438,28.48,2348.4,3486.5479115214694,1887.3500000000001,44944.119999999995
2019,GoC,Sinaloa,2508010507,520,1,0,0,1,0,1,343000,9,always,1,0,0,21.155643835616438,28.48,418.2833333333333,750.4062803611242,309.2833333333333,10101
2019,GoC,Sinaloa,2508010556,822,2,0,0,1,0,1,526000,9,always,1,0,0,21.155643835616438,28.48,2430.566666666667,4240.080550830286,2040.6666666666667,67468
2019,GoC,Sinaloa,2508010614,365,1,0,0,1,0,1,100000,9,always,1,0,0,21.155643835616438,28.48,1188.2333333333331,1594.794266706854,960.2166666666667,13190
2019,GoC,Sinaloa,2508010762,1565,4,0,0,1,0,1,1140000,9,always,1,0,0,21.155643835616438,28.48,4516.450000000001,5367.515502158839,3706.516666666667,71947
2019,GoC,Sinaloa,2508010788,1751,5,0,0,1,0,1,1011846,9,always,1,0,0,21.155643835616438,28.48,3892.766666666666,5028.141393504415,2909.75,44512
2019,GoC,Sinaloa,2508010838,1009,3,0,0,1,0,1,318000,9,always,1,0,0,21.155643835616438,28.48,2364.083333333334,4070.3777729391236,1781.5666666666666,16699
2019,GoC,Sinaloa,2508010986,1515,4,0,0,1,0,1,395000,9,always,1,0,0,21.155643835616438,28.48,2224.116666666667,3016.954760801085,1718.8166666666666,27649
2019,GoC,Sinaloa,2508011182,9551,22,0,0,1,0,1,10565076,9,always,1,0,0,21.155643835616438,28.48,30346.21666666667,33054.36266662226,27121.466666666667,376787
2019,GoC,Sinaloa,2508011240,2281,4,0,0,1,0,1,759400,9,always,1,0,0,21.155643835616438,28.48,2520.9999999999995,3240.362652539192,1899.0166666666667,39499
2019,GoC,Sinaloa,2508011265,365,1,0,0,1,0,1,240000,7,sometimes,0,1,0,21.155643835616438,28.48,1417.2500000000005,1471.9776313585724,1045.7,17444
2019,GoC,Sinaloa,2508011489,1033,2,0,0,1,0,1,420000,8,sometimes,0,1,0,21.155643835616438,28.48,2411.7,3094.523750670359,2158.4333333333334,29653
2019,GoC,Sinaloa,2508011547,1381,3,0,0,1,0,1,662000,9,always,1,0,0,21.155643835616438,28.48,2223.05,4126.647877368294,1988.4166666666665,45318
2019,GoC,Sinaloa,2508011828,1230,2,0,0,1,0,1,200000,4,sometimes,0,1,0,21.155643835616438,28.48,1939.3999999999999,2336.3999950719644,1674.1333333333332,37286
2019,GoC,Sinaloa,2508013790,1169,3,0,0,1,0,1,560000,8,sometimes,0,1,0,21.155643835616438,28.48,2347.3,2744.904081564071,1779.6999999999998,32316
2019,GoC,Sinaloa,2508014632,365,1,0,0,1,0,1,107000,9,always,1,0,0,21.155643835616438,28.48,720.5333333333334,809.8847821088253,566.5833333333334,7415
2019,GoC,Sinaloa,2508015969,365,1,0,0,1,0,1,160000,8,sometimes,0,1,0,21.155643835616438,28.48,1063.2499999999993,1203.742301628281,897.7166666666667,17258
2019,GoC,Sinaloa,2508016017,365,1,0,0,1,0,1,437180,6,sometimes,0,1,0,21.155643835616438,28.48,1316.1166666666663,860.0831119207306,891.6833333333333,27456
2019,GoC,Sinaloa,2508016041,503,1,0,0,1,0,1,130000,6,sometimes,0,1,0,21.155643835616438,28.48,1075.2166666666665,1277.1341887459887,842.4666666666667,5939
2019,GoC,Sinaloa,2508016116,365,1,0,0,1,0,1,172000,6,sometimes,0,1,0,21.155643835616438,28.48,736.0166666666665,1374.1352478038498,600.9166666666666,15535
2019,GoC,Sinaloa,2508016298,600,1,0,0,1,0,1,110000,5,sometimes,0,1,0,21.155643835616438,28.48,250.76666666666665,604.2565152783596,182,5928
2019,GoC,Sinaloa,2508016678,1177,3,0,0,1,0,1,632000,5,sometimes,0,1,0,21.155643835616438,28.48,1859.6166666666668,1777.240025641184,1361.25,18246
2019,GoC,Sinaloa,2508016751,1045,2,0,0,1,0,1,140000,5,sometimes,0,1,0,21.155643835616438,28.48,848.6166666666668,1328.7825775634415,696.15,6719
2019,GoC,Sinaloa,2508016843,9215,22,0,0,1,0,1,3166000,5,sometimes,0,1,0,21.155643835616438,28.48,24165.75,30904.31883772629,18985.8,388431
2019,GoC,Sinaloa,2508017098,753,2,0,0,1,0,1,420000,4,sometimes,0,1,0,21.155643835616438,28.48,1604.2666666666664,1220.015743356135,902.1166666666667,41425
2019,GoC,Sinaloa,2508017585,767,2,0,0,1,0,1,462000,4,sometimes,0,1,0,21.155643835616438,28.48,1682.5500000000006,2431.5451309466293,1371.7666666666667,53289
2019,GoC,Sinaloa,2508018161,2102,4,0,0,1,0,1,8170596.4,2,sometimes,0,1,0,21.155643835616438,28.48,125.89999999999999,89.28533033963369,121.9,18373
2019,GoC,Sinaloa,2508072853,960,2,0,0,1,0,0,0,0,never,0,0,1,21.155643835616438,28.48,1648.2500000000002,2594.4165981839183,1322.7166666666667,NA
2019,GoC,Sinaloa,2508072879,4342,8,0,0,1,0,0,0,0,never,0,0,1,21.155643835616438,28.48,16131.999999999996,9008.426538594487,10237.683333333332,NA
2019,GoC,Sinaloa,2511000065,1460,4,0,0,1,0,1,464400,8,sometimes,0,1,0,21.155643835616438,28.48,4411.949999999999,3796.6871987587183,4036.116666666667,66549
2019,GoC,Sinaloa,2511000099,1192,3,0,0,1,0,1,249800,9,always,1,0,0,21.155643835616438,28.48,2790.6333333333323,3320.466370260411,2707.5333333333333,44893
2019,GoC,Sinaloa,2511000917,365,1,0,0,1,0,1,180000,8,sometimes,0,1,0,21.155643835616438,28.48,672.0000000000001,1269.0354678080178,566.0333333333333,15110
2019,GoC,Sinaloa,2511001345,2358,6,0,0,1,0,1,1687200,8,sometimes,0,1,0,21.155643835616438,28.48,7235.5,7875.453862131175,6473.05,192080
2019,GoC,Sinaloa,2511001436,510,1,0,0,1,0,1,546846,9,always,1,0,0,21.155643835616438,28.48,194.31666666666666,325.01354407139013,185.31666666666666,8766
2019,GoC,Sinaloa,2511001691,425,1,0,0,1,0,1,83200,9,always,1,0,0,21.155643835616438,28.48,690.1666666666664,1120.6853675112757,553.65,10796
2019,GoC,Sinaloa,2511001790,992,2,0,0,1,0,1,829000,9,always,1,0,0,21.155643835616438,28.48,2213.4999999999986,2013.9216249807985,1619.0166666666669,46656
2019,GoC,Sinaloa,2511001972,450,1,0,0,1,0,1,272000,8,sometimes,0,1,0,21.155643835616438,28.48,239.4,954.9891802958712,216.11666666666667,12618
2019,GoC,Sinaloa,2511002020,425,1,0,0,1,0,1,160000,7,sometimes,0,1,0,21.155643835616438,28.48,150.06666666666666,407.3180191651152,140.46666666666667,6500
2019,GoC,Sinaloa,2511002111,342,1,0,0,1,0,1,139600,9,always,1,0,0,21.155643835616438,28.48,1333.6999999999991,1118.3028504834676,1271.6833333333334,19672
2019,GoC,Sinaloa,2511002145,365,1,0,0,1,0,1,207000,9,always,1,0,0,21.155643835616438,28.48,842.0666666666665,845.5924516306485,800.6166666666667,19105
2019,GoC,Sinaloa,2511002236,1995,5,0,0,1,0,1,203000,4,sometimes,0,1,0,21.155643835616438,28.48,1986.5833333333335,3671.130919411752,1871.4333333333334,50115
2019,GoC,Sinaloa,2511002277,455,1,0,0,1,0,0,0,0,never,0,0,1,21.155643835616438,28.48,522.6999999999998,797.7173481837121,468.85,NA
2019,GoC,Sinaloa,2511002293,365,1,0,0,1,0,1,207000,3,sometimes,0,1,0,21.155643835616438,28.48,746.0999999999998,863.5947403657151,610.2833333333333,13026
2019,GoC,Sonora,2603007499,4109,7,0,0,1,0,1,1980200,6,sometimes,0,1,0,21.155643835616438,28.48,6156.883333333334,4825.764014971863,3622.8166666666666,131767
2019,GoC,Sonora,2604000923,804,2,0,0,1,0,1,497200,6,sometimes,0,1,0,21.155643835616438,28.48,2005.4500000000005,2724.8220043922693,1843.7333333333331,49633
2019,GoC,Sonora,2604001400,450,1,0,0,1,0,1,398000,6,sometimes,0,1,0,21.155643835616438,28.48,271.6166666666667,571.4840272251557,250.01666666666668,4850
2019,GoC,Sonora,2604001616,365,1,0,0,1,0,1,44000,8,sometimes,0,1,0,21.155643835616438,28.48,543.5999999999999,994.9725213720552,495.55,12500
2019,GoC,Sonora,2604001848,350,1,0,0,1,0,1,239826,6,sometimes,0,1,0,21.155643835616438,28.48,866.6833333333333,721.9186803921875,856.0833333333333,20609
2019,GoC,Sonora,2604006003,402,1,0,0,1,0,1,160000,9,always,1,0,0,21.155643835616438,28.48,342.70000000000005,719.7408988320932,328.7,7500
2019,GoC,Sonora,2604006086,385,1,0,0,1,0,0,0,7,sometimes,0,1,0,21.155643835616438,28.48,239.91666666666663,561.4382140332066,222.15,3802
2019,GoC,Sonora,2604006110,13609,27,0,0,1,0,1,4972610,9,always,1,0,0,21.155643835616438,28.48,33897.98333333333,35495.29150049855,29009.666666666668,709442
2019,GoC,Sonora,2604006342,890,2,0,0,1,0,1,240000,8,sometimes,0,1,0,21.155643835616438,28.48,575.5333333333334,988.9631358479342,519.5333333333333,10510
2019,GoC,Sonora,2604006433,525,1,0,0,1,0,1,160000,8,sometimes,0,1,0,21.155643835616438,28.48,243.01666666666668,656.0224772840388,207.41666666666666,7678
2019,GoC,Sonora,2604006458,867,2,0,0,1,0,1,110000,8,sometimes,0,1,0,21.155643835616438,28.48,866.3666666666663,822.2971147379403,838.2833333333333,32150
2019,GoC,Sonora,2604007720,2915,7,0,0,1,0,1,724000,9,always,1,0,0,21.155643835616438,28.48,5522.666666666667,7261.608109528969,5100.883333333333,129130
2019,GoC,Sonora,2604007803,365,1,0,0,1,0,1,58000,9,always,1,0,0,21.155643835616438,28.48,517.5833333333331,567.7482696312088,503.58333333333337,9176
2019,GoC,Sonora,2604007811,995,2,0,0,1,0,1,1240000,9,always,1,0,0,21.155643835616438,28.48,870.8333333333333,1043.2792564818276,840.8166666666667,49692
2019,GoC,Sonora,2604007845,425,1,0,0,1,0,1,60000,9,always,1,0,0,21.155643835616438,28.48,207.36666666666665,232.36291960373543,184.91666666666666,3471
2019,GoC,Sonora,2604007860,503,1,0,0,1,0,1,31000,7,sometimes,0,1,0,21.155643835616438,28.48,922.6166666666667,774.6419772757731,668.1833333333333,12110
2019,GoC,Sonora,2604008082,420,1,0,0,1,0,1,30000,9,always,1,0,0,21.155643835616438,28.48,193.68333333333328,369.95306590939725,187.68333333333334,2740
2019,GoC,Sonora,2604008165,1300,3,0,0,1,0,1,474000,8,sometimes,0,1,0,21.155643835616438,28.48,2196.016666666667,2817.452948333816,1968.9333333333334,49685
2019,GoC,Sonora,2604008322,1240,3,0,0,1,0,1,690000,8,sometimes,0,1,0,21.155643835616438,28.48,1153.45,2092.607409961375,1068.15,32670
2019,GoC,Sonora,2604008447,850,2,0,0,1,0,1,138400,9,always,1,0,0,21.155643835616438,28.48,634.6666666666665,1221.4685891611757,516.6,6570
2019,GoC,Sonora,2604008637,402,1,0,0,1,0,0,0,6,sometimes,0,1,0,21.155643835616438,28.48,50.45000000000001,191.6185636241784,50.45,8400
2019,GoC,Sonora,2604009023,225,1,0,0,1,0,1,120000,8,sometimes,0,1,0,21.155643835616438,28.48,247.04999999999998,195.0382372768643,247.05,5528
2019,GoC,Sonora,2604009171,7580,15,0,0,1,0,1,1657242,9,always,1,0,0,21.155643835616438,28.48,14084.900000000001,15069.51461344521,11643.85,249006
2019,GoC,Sonora,2604009809,790,2,0,0,1,0,1,288000,9,always,1,0,0,21.155643835616438,28.48,600.0166666666667,1339.8297879232964,534.05,22350
2019,GoC,Sonora,2604009999,424,1,0,0,1,0,1,310000,9,always,1,0,0,21.155643835616438,28.48,109.71666666666668,609.448638356607,99.58333333333334,2960
2019,GoC,Sonora,2604010641,1890,5,0,0,1,0,1,490000,8,sometimes,0,1,0,21.155643835616438,28.48,4174.216666666666,5192.2045348444135,3828.633333333333,87140
2019,GoC,Sonora,2604010781,520,1,0,0,1,0,1,120000,9,always,1,0,0,21.155643835616438,28.48,1368.3499999999997,1094.49597245063,1207.7833333333333,19056
2019,GoC,Sonora,2604011133,835,2,0,0,1,0,1,230000,6,sometimes,0,1,0,21.155643835616438,28.48,1455.466666666667,1788.3719585657445,1333.9333333333334,23070
2019,GoC,Sonora,2604011300,2155,4,0,0,1,0,1,411704,9,always,1,0,0,21.155643835616438,28.48,5008.05,3236.964456196574,4599.25,100025
2019,GoC,Sonora,2604011359,365,1,0,0,1,0,0,0,3,sometimes,0,1,0,21.155643835616438,28.48,164.7,53.644995647345716,150.7,NA
2019,GoC,Sonora,2604011409,2879,7,0,0,1,0,1,792000,9,always,1,0,0,21.155643835616438,28.48,1113.55,2743.1019554535433,1015,23289
2019,GoC,Sonora,2604011425,790,2,0,0,1,0,1,170000,8,sometimes,0,1,0,21.155643835616438,28.48,731.2833333333333,1419.6779833537444,684.7833333333333,6886
2019,GoC,Sonora,2604011458,1438,3,0,0,1,0,1,370000,7,sometimes,0,1,0,21.155643835616438,28.48,2884.833333333334,4054.1967177079823,2563.1833333333334,36370
2019,GoC,Sonora,2604011540,365,1,0,0,1,0,1,270000,9,always,1,0,0,21.155643835616438,28.48,502.6,677.4441067694397,458.7,8215
2019,GoC,Sonora,2604011557,1003,2,0,0,1,0,1,120000,9,always,1,0,0,21.155643835616438,28.48,530.5666666666667,964.978915785596,395.5,6150
2019,GoC,Sonora,2604011573,412,1,0,0,1,0,0,0,8,sometimes,0,1,0,21.155643835616438,28.48,630.7500000000001,642.7118333454202,572.2166666666667,8011
2019,GoC,Sonora,2604011581,425,1,0,0,1,0,1,200000,9,always,1,0,0,21.155643835616438,28.48,434.1333333333334,499.77962775182664,400.7,8016
2019,GoC,Sonora,2604011664,1732,4,0,0,1,0,1,148000,8,sometimes,0,1,0,21.155643835616438,28.48,772.9833333333333,2617.1531425057747,682.9833333333333,17575
2019,GoC,Sonora,2604609541,420,1,0,0,1,0,1,183400,5,sometimes,0,1,0,21.155643835616438,28.48,1190.7166666666667,1039.6493276504636,1090.9166666666667,19801
2019,GoC,Sonora,2604609947,365,1,0,0,1,0,1,175900,6,sometimes,0,1,0,21.155643835616438,28.48,886.8000000000002,1127.8881225899954,822.85,11560
2019,GoC,Sonora,2604609970,365,1,0,0,1,0,1,360000,3,sometimes,0,1,0,21.155643835616438,28.48,894.3166666666667,1409.3610145370023,729.1166666666667,17507
2019,GoC,Sonora,2604612081,708,2,0,0,1,0,1,320000,3,sometimes,0,1,0,21.155643835616438,28.48,1822.2833333333328,1938.3797211786664,1684.9833333333333,39116
2019,GoC,Sonora,2604612750,420,1,0,0,1,0,1,140000,5,sometimes,0,1,0,21.155643835616438,28.48,330.9500000000001,443.5735354271501,316.46666666666664,10980
2019,GoC,Sonora,2604613758,790,2,0,0,1,0,1,790000,5,sometimes,0,1,0,21.155643835616438,28.48,862.8,1452.4165104603476,832.25,16633
2019,GoC,Sonora,2604615076,355,1,0,0,1,0,1,72000,1,sometimes,0,1,0,21.155643835616438,28.48,307.14999999999986,164.00314294046117,299.15000000000003,6900
2019,GoC,Sonora,2604615274,2080,4,0,0,1,0,0,0,0,never,0,0,1,21.155643835616438,28.48,829.6500000000001,2116.8537726683458,755.6166666666667,NA
2019,GoC,Sonora,2607002082,3049,6,0,0,1,0,1,2104800,9,always,1,0,0,21.155643835616438,28.48,9642.400000000005,7571.614525127054,6598.516666666666,100138
2019,GoC,Sonora,2607002108,400,1,0,0,1,0,1,80000,4,sometimes,0,1,0,21.155643835616438,28.48,560.8000000000002,1027.105683835574,488.01666666666665,18095
2019,GoC,Sonora,2607002652,443,1,0,0,1,0,0,0,0,never,0,0,1,21.155643835616438,28.48,378.4,619.7397541937091,294.81666666666666,6620
2019,GoC,Sonora,2607002660,889,1,0,0,1,0,1,127600,5,sometimes,0,1,0,21.155643835616438,28.48,78.03333333333333,265.57881502382946,43,NA
2019,GoC,Sonora,2607002835,600,1,0,0,1,0,1,500000,3,sometimes,0,1,0,21.155643835616438,28.48,1644.6833333333332,1095.0925905527674,1231.8666666666666,38316
2019,GoC,Sonora,2607003130,540,1,0,0,1,0,0,0,7,sometimes,0,1,0,21.155643835616438,28.48,906.9333333333333,1442.7826031826573,785.05,13340
2019,GoC,Sonora,2607003312,503,1,0,0,1,0,1,400000,6,sometimes,0,1,0,21.155643835616438,28.48,246.16666666666669,508.65120919184346,221.96666666666664,7520
2019,GoC,Sonora,2607003387,3210,5,0,0,1,0,1,810000,8,sometimes,0,1,0,21.155643835616438,28.48,6396.033333333333,5153.796195378043,4842.4,96733
2019,GoC,Sonora,2607003452,450,1,0,0,1,0,1,311800,9,always,1,0,0,21.155643835616438,28.48,1045.9333333333336,1247.0358955973393,883.0333333333333,12807
2019,GoC,Sonora,2607003460,3453,6,0,0,1,0,1,2550800,8,sometimes,0,1,0,21.155643835616438,28.48,11895.100000000002,8457.571981044035,8908.916666666666,160289
2019,GoC,Sonora,2607003528,520,1,0,0,1,0,1,314000,5,sometimes,0,1,0,21.155643835616438,28.48,2192.85,778.666533107487,1491.7333333333333,49606
2019,GoC,Sonora,2607003569,365,1,0,0,1,0,1,40000,5,sometimes,0,1,0,21.155643835616438,28.48,428.0999999999999,617.8527524834903,313.06666666666666,3655
2019,GoC,Sonora,2607003676,365,1,0,0,1,0,1,200000,7,sometimes,0,1,0,21.155643835616438,28.48,388.0666666666666,1169.6775934473685,360.06666666666666,8340
2019,GoC,Sonora,2607003700,1250,3,0,0,1,0,1,224000,8,sometimes,0,1,0,21.155643835616438,28.48,1343.7166666666667,2930.8000126422667,1144.7833333333333,18077
2019,GoC,Sonora,2607003726,402,1,0,0,1,0,1,280000,8,sometimes,0,1,0,21.155643835616438,28.48,1032.6,1278.6726017942894,863.7166666666667,10550
2019,GoC,Sonora,2607003734,920,2,0,0,1,0,1,630000,9,always,1,0,0,21.155643835616438,28.48,2718.3833333333337,2815.867132389022,2381.55,50195
2019,GoC,Sonora,2607003874,365,1,0,0,1,0,1,70000,7,sometimes,0,1,0,21.155643835616438,28.48,498.95,849.433295340373,437.25,4484
2019,GoC,Sonora,2607003890,1509,3,0,0,1,0,1,1303000,9,always,1,0,0,21.155643835616438,28.48,4291.383333333334,2833.9715700853612,2998.7833333333333,59216
2019,GoC,Sonora,2607004054,989,2,0,0,1,0,1,744000,9,always,1,0,0,21.155643835616438,28.48,4517.433333333333,2312.9642881500217,3048.25,51731
2019,GoC,Sonora,2607004070,624,1,0,0,1,0,1,316000,6,sometimes,0,1,0,21.155643835616438,28.48,1264.433333333333,1021.2943957040063,863.0833333333333,23860
2019,GoC,Sonora,2607004088,1569,3,0,0,1,0,1,900000,8,sometimes,0,1,0,21.155643835616438,28.48,2062.0666666666666,3793.7015056861146,1804.8500000000001,49140
2019,GoC,Sonora,2607004104,1335,3,0,0,1,0,1,1603040,8,sometimes,0,1,0,21.155643835616438,28.48,4725.483333333333,3060.888665873765,3268.6000000000004,25087
2019,GoC,Sonora,2607004138,520,1,0,0,1,0,1,84000,7,sometimes,0,1,0,21.155643835616438,28.48,353.0333333333334,899.3346142167707,291.56666666666666,7446
2019,GoC,Sonora,2607004179,450,1,0,0,1,0,1,100000,8,sometimes,0,1,0,21.155643835616438,28.48,231.93333333333337,119.7697822563734,65.56666666666666,6142
2019,GoC,Sonora,2607004203,450,1,0,0,1,0,0,0,0,never,0,0,1,21.155643835616438,28.48,264.8666666666667,797.3639782185089,217.86666666666667,28820
2019,GoC,Sonora,2607004294,365,1,0,0,1,0,1,140000,9,always,1,0,0,21.155643835616438,28.48,956.9333333333333,1110.4076692419708,850.75,12276
2019,GoC,Sonora,2607004302,420,1,0,0,1,0,1,440000,8,sometimes,0,1,0,21.155643835616438,28.48,628.65,385.40228753492926,386.6666666666667,15000
2019,GoC,Sonora,2607004351,450,1,0,0,1,0,1,382800,8,sometimes,0,1,0,21.155643835616438,28.48,726.0333333333333,909.8887302682864,538.2666666666667,11427
2019,GoC,Sonora,2607004385,840,2,0,0,1,0,1,234000,8,sometimes,0,1,0,21.155643835616438,28.48,1201.6333333333332,2347.202741763364,989.6333333333334,25654
2019,GoC,Sonora,2607004393,624,1,0,0,1,0,1,300000,8,sometimes,0,1,0,21.155643835616438,28.48,1460.366666666667,1031.3278434921788,1086.05,17222
2019,GoC,Sonora,2607004401,624,1,0,0,1,0,1,383200,9,always,1,0,0,21.155643835616438,28.48,2538.183333333333,1579.3779319918667,1881.4666666666667,23793
2019,GoC,Sonora,2607010853,450,1,0,0,1,0,1,240000,9,always,1,0,0,21.155643835616438,28.48,876.2833333333334,1253.7241935881364,693.0666666666667,25746
2019,GoC,Sonora,2607010861,450,1,0,0,1,0,1,140000,8,sometimes,0,1,0,21.155643835616438,28.48,885.4666666666667,1150.5016756705606,738.4166666666666,20777
2019,GoC,Sonora,2607100043,402,1,0,0,1,0,1,180000,5,sometimes,0,1,0,21.155643835616438,28.48,145.98333333333332,563.9213096171612,131.13333333333333,4316
2019,GoC,Sonora,2607100142,450,1,0,0,1,0,1,280000,3,sometimes,0,1,0,21.155643835616438,28.48,714.0166666666668,1099.7051620645896,557.2833333333333,18680
2019,GoC,Sonora,2607101918,503,1,0,0,1,0,1,300000,5,sometimes,0,1,0,21.155643835616438,28.48,737.5833333333335,835.0106699064656,529.8833333333333,7643
2019,GoC,Sonora,2607102270,365,1,0,0,1,0,0,0,0,never,0,0,1,21.155643835616438,28.48,692.9333333333334,1004.2136703790743,594.25,NA
2019,GoC,Sonora,2607602931,450,1,0,0,1,0,0,0,1,sometimes,0,1,0,21.155643835616438,28.48,920.1333333333338,1171.3257847132625,846.5833333333334,10278
2019,GoC,Sonora,2607603012,3317,7,0,0,1,0,1,1643040,7,sometimes,0,1,0,21.155643835616438,28.48,3354.9666666666667,6014.714390695389,2613.6666666666665,246072
2019,GoC,Sonora,2607603699,540,1,0,0,1,0,1,322000,5,sometimes,0,1,0,21.155643835616438,28.48,659.6499999999999,891.1764414866184,563.65,8600
2019,GoC,Sonora,2607603707,2710,5,0,0,1,0,1,2628400,7,sometimes,0,1,0,21.155643835616438,28.48,8635.983333333332,6223.711851031432,6050.4,104995
2019,GoC,Sonora,2607603772,520,1,0,0,1,0,1,180000,7,sometimes,0,1,0,21.155643835616438,28.48,222.98333333333335,666.7652774030573,166.65,11003
2019,GoC,Sonora,2607603780,520,1,0,0,1,0,1,278000,4,sometimes,0,1,0,21.155643835616438,28.48,1057.7999999999997,964.601544173258,889.35,38670
2019,GoC,Sonora,2607603798,1510,3,0,0,1,0,1,1160600,4,sometimes,0,1,0,21.155643835616438,28.48,6117.633333333334,4376.22728984178,4803.616666666667,72180
2019,GoC,Sonora,2607604549,503,1,0,0,1,0,1,367600,3,sometimes,0,1,0,21.155643835616438,28.48,1668.6333333333332,731.6919189909972,875.45,12957
2019,GoC,Sonora,2607604754,450,1,0,0,1,0,0,0,0,never,0,0,1,21.155643835616438,28.48,1343.4499999999996,1196.7104569481965,909.2166666666667,23769
2019,GoM,Tamaulipas,0402006290,920,2,0,0,1,0,0,0,8,sometimes,0,1,0,21.155643835616438,28.48,903.6666666666667,1212.188795895349,702.05,10560
2019,GoM,Tamaulipas,2808000679,402,1,0,0,1,0,1,360000,9,always,1,0,0,21.155643835616438,28.48,2856.4333333333325,1269.9791661864526,1712.05,43618.4
2019,GoM,Tamaulipas,2808000885,730,2,0,0,1,0,1,220000,8,sometimes,0,1,0,21.155643835616438,28.48,2698.0166666666664,1335.7339166931597,1454.5333333333333,26285
2019,GoM,Tamaulipas,2808001503,5565,14,0,0,1,0,1,4533040,9,always,1,0,0,21.155643835616438,28.48,24916.983333333334,12665.580932368457,15189.183333333332,313139
2019,GoM,Tamaulipas,2808001784,365,1,0,0,1,0,0,0,0,never,0,0,1,21.155643835616438,28.48,919.5666666666667,801.293908492082,736.2666666666667,15218
2019,GoM,Tamaulipas,2808002543,502,1,0,0,1,0,1,460000,9,always,1,0,0,21.155643835616438,28.48,2862.016666666667,1923.793104810034,1965,56099
2019,GoM,Tamaulipas,2808002758,965,2,0,0,1,0,1,608000,9,always,1,0,0,21.155643835616438,28.48,4439.833333333333,1360.7022240152287,2814.0333333333333,114783
2019,GoM,Tamaulipas,2808002790,1132,3,0,0,1,0,1,720000,9,always,1,0,0,21.155643835616438,28.48,3904.916666666667,2440.353139247049,2339.883333333333,52561
2019,GoM,Tamaulipas,2808003475,790,2,0,0,1,0,1,504000,9,always,1,0,0,21.155643835616438,28.48,3248.866666666667,3243.024351079135,2261.866666666667,52850
2019,GoM,Tamaulipas,2808004220,1936,5,0,0,1,0,1,1506000,9,always,1,0,0,21.155643835616438,28.48,6438.066666666667,5583.6828006301,4579,100377
2019,GoM,Tamaulipas,2808004226,1132,3,0,0,1,0,1,756000,9,always,1,0,0,21.155643835616438,28.48,2888.4666666666667,2967.1504477896788,2113.1833333333334,40727
2019,GoM,Tamaulipas,2808004283,1080,2,0,0,1,0,1,792953.2,9,always,1,0,0,21.155643835616438,28.48,4717.433333333332,1451.5017845081647,2600.5166666666664,125713
2019,GoM,Tamaulipas,2808004564,425,1,0,0,1,0,1,348000,9,always,1,0,0,21.155643835616438,28.48,1889.7166666666647,1595.2693039107107,1434.2166666666667,21660
2019,GoM,Tamaulipas,2808004598,365,1,0,0,1,0,1,192000,9,always,1,0,0,21.155643835616438,28.48,1778.85,867.9714882685453,1538.8,19812
2019,GoM,Tamaulipas,2808004622,1500,3,0,0,1,0,1,370000,9,always,1,0,0,21.155643835616438,28.48,7165.25,1856.7072637739416,3132.45,115571.3
2019,GoM,Tamaulipas,2808004630,1132,3,0,0,1,0,0,0,0,never,0,0,1,21.155643835616438,28.48,4839.866666666667,1915.5357698958203,2565.9833333333336,74197.3
2019,GoM,Tamaulipas,2808004812,405,1,0,0,1,0,1,160000,9,always,1,0,0,21.155643835616438,28.48,1315.6999999999998,1257.7088319525842,1193.6833333333334,10907.95
2019,GoM,Tamaulipas,2808004895,787,2,0,0,1,0,1,412000,9,always,1,0,0,21.155643835616438,28.48,3424.033333333333,1836.6121928855341,2432.0166666666664,48489
2019,GoM,Tamaulipas,2808004986,365,1,0,0,1,0,0,0,6,sometimes,0,1,0,21.155643835616438,28.48,1721,623.1955284264847,1009.9666666666667,7431
2019,GoM,Tamaulipas,2808005041,3262,8,0,0,1,0,1,1740000,9,always,1,0,0,21.155643835616438,28.48,12569.083333333334,9291.563804241061,7949.35,161520.7
2019,GoM,Tamaulipas,2808005058,402,1,0,0,1,0,1,200000,9,always,1,0,0,21.155643835616438,28.48,1541.55,387.2152132628667,768.0333333333333,30407
2019,GoM,Tamaulipas,2808005066,827,2,0,0,1,0,1,530000,9,always,1,0,0,21.155643835616438,28.48,4429.833333333333,1115.0848470135866,2071.7,40558
2019,GoM,Tamaulipas,2808005082,1330,3,0,0,1,0,1,1468400,9,always,1,0,0,21.155643835616438,28.48,7027.083333333332,4665.104742211495,4723.033333333333,80404
2019,GoM,Tamaulipas,2808005546,2457,6,0,0,1,0,1,1470000,9,always,1,0,0,21.155643835616438,28.48,10030.3,6966.991562959603,6314.516666666666,121604
2019,GoM,Tamaulipas,2808005553,1210,3,0,0,1,0,1,1393040,9,always,1,0,0,21.155643835616438,28.48,4836.283333333333,1778.7790509285824,2383.2,123211.72
2019,GoM,Tamaulipas,2808005579,320,1,0,0,1,0,1,300000,7,sometimes,0,1,0,21.155643835616438,28.48,799.8000000000001,816.2439017860207,521.4499999999999,11282
2019,GoM,Tamaulipas,2808005629,1221,3,0,0,1,0,1,708000,9,always,1,0,0,21.155643835616438,28.48,7194.533333333333,2895.495362244599,4333.75,87755
2019,GoM,Tamaulipas,2808005702,730,2,0,0,1,0,1,480000,9,always,1,0,0,21.155643835616438,28.48,3625.483333333333,2204.7043512389046,2311.6666666666665,44925
2019,GoM,Tamaulipas,2808005876,865,2,0,0,1,0,1,630000,9,always,1,0,0,21.155643835616438,28.48,5762.2666666666655,1453.712526741485,3274.866666666667,120037
2019,GoM,Tamaulipas,2808005959,3199,7,0,0,1,0,1,1743000,5,sometimes,0,1,0,21.155643835616438,28.48,16835.783333333333,9249.518188939304,11116.533333333333,204764.49
2019,GoM,Tamaulipas,2808006015,850,2,0,0,1,0,1,660000,9,always,1,0,0,21.155643835616438,28.48,4056.2666666666673,3689.252239433516,3020,50810
2019,GoM,Tamaulipas,2808006023,400,1,0,0,1,0,0,0,5,sometimes,0,1,0,21.155643835616438,28.48,1453.9333333333334,1079.6430298453154,903.8666666666667,24640
2019,GoM,Tamaulipas,2808006049,730,2,0,0,1,0,1,480000,9,always,1,0,0,21.155643835616438,28.48,5361.049999999999,1779.3638772159104,2838.5333333333333,89878
2019,GoM,Tamaulipas,2808006130,425,1,0,0,1,0,1,420000,9,always,1,0,0,21.155643835616438,28.48,1746.3166666666666,1082.6114412442626,1202.5833333333333,20615
2019,GoM,Tamaulipas,2808006189,2037,5,0,0,1,0,1,1260000,9,always,1,0,0,21.155643835616438,28.48,5975.95,5222.424159897664,3452.0333333333333,85329
2019,GoM,Tamaulipas,2808006197,1365,3,0,0,1,0,1,332876,9,always,1,0,0,21.155643835616438,28.48,3059.4500000000003,3158.1716169638776,1960.0166666666667,30616.8
2019,GoM,Tamaulipas,2808006247,365,1,0,0,1,0,1,240000,9,always,1,0,0,21.155643835616438,28.48,1386.0666666666666,824.8497808444123,793,16829
2019,GoM,Tamaulipas,2808006270,1230,3,0,0,1,0,1,572000,9,always,1,0,0,21.155643835616438,28.48,5738.483333333334,2306.6854459078254,2858.65,73299
2019,GoM,Tamaulipas,2808006452,402,1,0,0,1,0,1,240000,9,always,1,0,0,21.155643835616438,28.48,1912.9833333333333,1028.4830665655059,972.95,25235
2019,GoM,Tamaulipas,2808006494,767,2,0,0,1,0,1,200000,9,always,1,0,0,21.155643835616438,28.48,3959.05,1071.6450981770045,1764.05,61575
2019,GoM,Tamaulipas,2808006551,402,1,0,0,1,0,1,110000,9,always,1,0,0,21.155643835616438,28.48,715,1146.7885347588583,590,6680
2019,GoM,Tamaulipas,2808006619,922,2,0,0,1,0,1,440000,9,always,1,0,0,21.155643835616438,28.48,2636.7166666666667,1824.4809295857367,1655.2166666666667,36409
2019,GoM,Tamaulipas,2808006668,402,1,0,0,1,0,1,160000,9,always,1,0,0,21.155643835616438,28.48,1848,610.270916746815,840.0333333333333,22819
2019,GoM,Tamaulipas,2808006718,365,1,0,0,1,0,1,400000,9,always,1,0,0,21.155643835616438,28.48,505.0166666666667,971.789843891864,459.0166666666667,10084
2019,GoM,Tamaulipas,2808006726,365,1,0,0,1,0,1,453040,9,always,1,0,0,21.155643835616438,28.48,1930.4833333333333,383.1620473604315,760.0166666666667,39658.41
2019,GoM,Tamaulipas,2808006734,365,1,0,0,1,0,1,160000,9,always,1,0,0,21.155643835616438,28.48,1883.966666666667,767.0271168635388,1103.9666666666667,26560
2019,GoM,Tamaulipas,2808006833,1307,3,0,0,1,0,1,860000,9,always,1,0,0,21.155643835616438,28.48,4454.266666666667,2707.387908335386,2525.4333333333334,69462
2019,GoM,Tamaulipas,2808006858,2642,6,0,0,1,0,1,2684146,9,always,1,0,0,21.155643835616438,28.48,12723.500000000002,5435.797877856509,6792.416666666667,237781.7
2019,GoM,Tamaulipas,2808006866,3567,8,0,0,1,0,1,3821080,9,always,1,0,0,21.155643835616438,28.48,17664.666666666664,7832.423348375264,10320.033333333333,339868.2
2019,GoM,Tamaulipas,2808007005,790,2,0,0,1,0,1,510000,9,always,1,0,0,21.155643835616438,28.48,2387.2833333333333,1774.1292166769008,1553.2333333333333,36165
2019,GoM,Tamaulipas,2808007013,1835,5,0,0,1,0,1,566000,9,always,1,0,0,21.155643835616438,28.48,9484.483333333334,5471.903432077762,5903.133333333333,174845
2019,GoM,Tamaulipas,2808007252,1095,3,0,0,1,0,1,834000,9,always,1,0,0,21.155643835616438,28.48,5529.999999999998,2544.2408665558373,2692.3166666666666,65159
2019,GoM,Tamaulipas,2808007260,735,2,0,0,1,0,1,332282,9,always,1,0,0,21.155643835616438,28.48,5029.783333333333,1799.4060949133825,3288.866666666667,69414
2019,GoM,Tamaulipas,2808007492,1372,3,0,0,1,0,1,672000,8,sometimes,0,1,0,21.155643835616438,28.48,7087.366666666667,2722.80996946727,3673.7166666666667,139777
2019,GoM,Tamaulipas,2808007500,730,2,0,0,1,0,1,540000,9,always,1,0,0,21.155643835616438,28.48,2780.9666666666667,2053.6630940078944,1631.9833333333333,33182.520000000004
2019,GoM,Tamaulipas,2808007518,882,2,0,0,1,0,1,520000,9,always,1,0,0,21.155643835616438,28.48,2259.55,1519.1666048487568,1328.4333333333334,37100
2019,GoM,Tamaulipas,2808007526,402,1,0,0,1,0,1,288000,9,always,1,0,0,21.155643835616438,28.48,934.0666666666666,832.4139141971267,610.9833333333333,17887.81
2019,GoM,Tamaulipas,2808007542,1392,3,0,0,1,0,1,960000,9,always,1,0,0,21.155643835616438,28.48,4756.966666666667,1943.5080233637066,2381.833333333333,63253.46
2019,GoM,Tamaulipas,2808007690,1864,4,0,0,1,0,1,1423400,9,always,1,0,0,21.155643835616438,28.48,9230.583333333332,2899.136462068168,4806.466666666667,207966
2019,GoM,Tamaulipas,2808007708,365,1,0,0,1,0,1,253000,8,sometimes,0,1,0,21.155643835616438,28.48,2778.9000000000005,724.226466340373,1541.9833333333333,48854
2019,GoM,Tamaulipas,2808007823,520,1,0,0,1,0,1,360000,1,sometimes,0,1,0,21.155643835616438,28.48,2324.250000000001,637.4427103895481,1067.5333333333333,21731.04
2019,GoM,Tamaulipas,2808007898,822,2,0,0,1,0,1,408000,4,sometimes,0,1,0,21.155643835616438,28.48,7894.933333333333,2187.7750899372654,4551.95,103938.2
2019,GoM,Tamaulipas,2808007906,1258,3,0,0,1,0,1,496000,4,sometimes,0,1,0,21.155643835616438,28.48,9769.749999999996,3120.2833728129517,5728.15,147607.3
2019,GoM,Tamaulipas,2808007914,925,2,0,0,1,0,1,560000,4,sometimes,0,1,0,21.155643835616438,28.48,6594.95,2320.40102380555,3963.0333333333333,106582.90000000001
2019,GoM,Tamaulipas,2808007922,1206,3,0,0,1,0,1,440000,4,sometimes,0,1,0,21.155643835616438,28.48,9066.983333333334,4676.284953090248,5915.033333333333,128533.7
2019,GoM,Tamaulipas,2808007963,520,1,0,0,1,0,1,390000,4,sometimes,0,1,0,21.155643835616438,28.48,1927.0166666666664,838.3722834825691,1429.9833333333333,34271.8
2019,GoM,Tamaulipas,2808008029,402,1,0,0,1,0,1,300000,3,sometimes,0,1,0,21.155643835616438,28.48,1542.05,1044.3104891751364,728.05,26600
2019,GoM,Tamaulipas,2808008086,565,1,0,0,1,0,0,0,0,never,0,0,1,21.155643835616438,28.48,1002.8499999999999,711.7822431620621,470.7833333333333,10159
2019,GoM,Tamaulipas,2808008094,335,1,0,0,1,0,0,0,0,never,0,0,1,21.155643835616438,28.48,1815,645.4809573985322,759.0333333333333,NA
2019,GoM,Tamaulipas,3010002552,360,1,0,0,1,0,1,180000,9,always,1,0,0,21.155643835616438,28.48,904,1107.8159837972887,486.06666666666666,12937
2019,GoM,Veracruz,0402006571,2260,5,0,0,1,0,1,1219200,8,sometimes,0,1,0,21.155643835616438,28.48,7437.299999999999,5813.601362545656,5199.8,202344
2019,GoM,Veracruz,2508010366,375,1,0,0,1,0,0,0,7,sometimes,0,1,0,21.155643835616438,28.48,556,777.6366678884026,442,28037
2019,GoM,Veracruz,3001000581,365,1,0,0,1,0,1,312000,9,always,1,0,0,21.155643835616438,28.48,1322.3166666666666,1235.9525131658709,1167.2833333333333,20824
2019,GoM,Veracruz,3001004716,930,2,0,0,1,0,1,950000,8,sometimes,0,1,0,21.155643835616438,28.48,2309.383333333333,1977.01893150229,1343.4499999999998,15206
2019,GoM,Veracruz,3001007941,800,2,0,0,1,0,1,720000,9,always,1,0,0,21.155643835616438,28.48,2389.45,2001.5052118209499,2106.866666666667,47994
2019,GoM,Veracruz,3001008709,402,1,0,0,1,0,1,330000,9,always,1,0,0,21.155643835616438,28.48,1483.2166666666665,920.5416614492125,1120.0833333333335,29295
2019,GoM,Veracruz,3001008816,420,1,0,0,1,0,1,240000,5,sometimes,0,1,0,21.155643835616438,28.48,1552.4166666666665,941.2989806597404,1288.4166666666667,23399
2019,GoM,Veracruz,3001009384,370,1,0,0,1,0,1,240000,9,always,1,0,0,21.155643835616438,28.48,1325.8500000000001,619.8948871567981,1199.4,19693
2019,GoM,Veracruz,3001009434,450,1,0,0,1,0,1,360000,9,always,1,0,0,21.155643835616438,28.48,1717.5833333333335,1450.398166869805,1534.1166666666668,21117
2019,GoM,Veracruz,3001009889,850,2,0,0,1,0,1,576000,7,sometimes,0,1,0,21.155643835616438,28.48,1023.95,1633.6411994097657,950.95,27732
2019,GoM,Veracruz,3001010721,402,1,0,0,1,0,0,0,0,never,0,0,1,21.155643835616438,28.48,1086.5,1043.5773857298518,956.2833333333333,26499
2019,GoM,Veracruz,3003005919,1215,3,0,0,1,0,1,1643400,7,sometimes,0,1,0,21.155643835616438,28.48,2494.6666666666665,1730.0771218033374,1245.4833333333333,88438
2019,GoM,Veracruz,3010002933,2536,6,0,0,1,0,1,770514,9,always,1,0,0,21.155643835616438,28.48,10438.716666666665,5935.309859296418,7397.85,117621
2019,GoM,Veracruz,3010003055,1020,2,0,0,1,0,1,640000,3,sometimes,0,1,0,21.155643835616438,28.48,2503.749999999999,1625.0681859618066,1397.0166666666667,63211
2019,GoM,Veracruz,3011012345,220,1,0,0,1,0,1,180000,9,always,1,0,0,21.155643835616438,28.48,1745.083333333333,1375.3161226615969,1495.0333333333333,19344
2019,GoM,Yucatan,3105004364,375,1,0,0,1,0,0,0,3,sometimes,0,1,0,21.155643835616438,28.48,565.05,673.8565787844778,513.0333333333333,NA
